ISO-10303-21;
HEADER;
/* Generated by software containing ST-Developer
 * from STEP Tools, Inc. (www.steptools.com) 
 */

FILE_DESCRIPTION(
/* description */ (''),
/* implementation_level */ '2;1');

FILE_NAME(
/* name */ 'OnePage_MidFrame_CNC_v1.0.step',
/* time_stamp */ '2026-08-22T08:12:51+08:00',
/* author */ (''),
/* organization */ (''),
/* preprocessor_version */ 'ST-DEVELOPER v20.1',
/* originating_system */ 'Autodesk Translation Framework v15.8.0.0',
/* authorisation */ '');

FILE_SCHEMA (('AUTOMOTIVE_DESIGN { 1 0 10303 214 3 1 1 }'));
ENDSEC;

DATA;
#10=MECHANICAL_DESIGN_GEOMETRIC_PRESENTATION_REPRESENTATION('',(#13),#7969);
#11=SHAPE_REPRESENTATION_RELATIONSHIP('SRR','None',#7976,#12);
#12=ADVANCED_BREP_SHAPE_REPRESENTATION('',(#14),#7968);
#13=STYLED_ITEM('',(#7986),#14);
#14=MANIFOLD_SOLID_BREP('\X2\5B9E4F53\X0\1',#4768);
#15=CONICAL_SURFACE('',#5086,4.75,0.785398163397448);
#16=CONICAL_SURFACE('',#5090,4.75,0.785398163397444);
#17=CONICAL_SURFACE('',#5094,4.75,0.785398163397448);
#18=CONICAL_SURFACE('',#5098,4.75,0.785398163397448);
#19=CONICAL_SURFACE('',#5113,4.75,0.785398163397448);
#20=CONICAL_SURFACE('',#5117,4.75,0.785398163397448);
#21=CONICAL_SURFACE('',#5121,4.75,0.785398163397445);
#22=CONICAL_SURFACE('',#5124,4.75,0.785398163397448);
#23=B_SPLINE_CURVE_WITH_KNOTS('',3,(#7172,#7173,#7174,#7175,#7176,#7177,
#7178,#7179,#7180,#7181,#7182,#7183,#7184,#7185,#7186,#7187,#7188,#7189,
#7190,#7191,#7192,#7193,#7194,#7195,#7196,#7197),.UNSPECIFIED.,.F.,.F.,
(4,2,2,2,2,2,2,2,2,2,2,2,4),(0.0239926932628049,0.0336364382357304,0.0672728764714609,
0.0966477206834283,0.111335142789412,0.126022564895396,0.140781543166336,
0.155540521437276,0.185058477979155,0.219274353771396,0.236382291667516,
0.244936260615577,0.253397820975222),.UNSPECIFIED.);
#24=B_SPLINE_CURVE_WITH_KNOTS('',3,(#7204,#7205,#7206,#7207,#7208,#7209,
#7210,#7211,#7212,#7213,#7214,#7215,#7216,#7217,#7218,#7219,#7220,#7221,
#7222,#7223,#7224,#7225,#7226,#7227,#7228,#7229),.UNSPECIFIED.,.F.,.F.,
(4,2,2,2,2,2,2,2,2,2,2,2,4),(0.253582638152051,0.262044198511697,0.270598167459757,
0.287706105355877,0.321921981148118,0.351439937689998,0.366198915960938,
0.380957894231878,0.395645316337861,0.410332738443845,0.439707582655813,
0.473344020891543,0.482987765864468),.UNSPECIFIED.);
#25=B_SPLINE_CURVE_WITH_KNOTS('',3,(#7234,#7235,#7236,#7237,#7238,#7239,
#7240,#7241),.UNSPECIFIED.,.F.,.F.,(4,2,2,4),(0.391212915079453,0.403236733060647,
0.417314275866608,0.420064729372135),.UNSPECIFIED.);
#26=B_SPLINE_CURVE_WITH_KNOTS('',3,(#7244,#7245,#7246,#7247,#7248,#7249,
#7250,#7251,#7252,#7253),.UNSPECIFIED.,.F.,.F.,(4,2,2,2,4),(0.,0.00691028188728993,
0.0138205637745799,0.0276411275491597,0.037086981662889),.UNSPECIFIED.);
#27=B_SPLINE_CURVE_WITH_KNOTS('',3,(#7256,#7257,#7258,#7259,#7260,#7261,
#7262,#7263,#7264,#7265),.UNSPECIFIED.,.F.,.F.,(4,2,2,2,4),(-0.037086981662889,
-0.0276411275491597,-0.0138205637745799,-0.00691028188728993,0.),
 .UNSPECIFIED.);
#28=B_SPLINE_CURVE_WITH_KNOTS('',3,(#7271,#7272,#7273,#7274,#7275,#7276,
#7277,#7278),.UNSPECIFIED.,.F.,.F.,(4,2,2,4),(0.442718907973004,0.445469361478531,
0.459546904284492,0.471570722265686),.UNSPECIFIED.);
#29=B_SPLINE_CURVE_WITH_KNOTS('',3,(#7282,#7283,#7284,#7285,#7286,#7287,
#7288,#7289,#7290,#7291,#7292,#7293,#7294,#7295,#7296,#7297,#7298,#7299,
#7300,#7301,#7302,#7303,#7304,#7305,#7306,#7307),.UNSPECIFIED.,.F.,.F.,
(4,2,2,2,2,2,2,2,2,2,2,2,4),(9.26248412202471E-5,0.00837256661206701,0.016745133224134,
0.033490266448268,0.0669805328965361,0.0964254030365276,0.111147838106523,
0.125870273176519,0.140524011868876,0.155177750561233,0.184485227945947,
0.217517647529153,0.227105424050295),.UNSPECIFIED.);
#30=B_SPLINE_CURVE_WITH_KNOTS('',3,(#7310,#7311,#7312,#7313,#7314,#7315,
#7316,#7317,#7318,#7319,#7320,#7321,#7322,#7323,#7324,#7325,#7326,#7327,
#7328,#7329,#7330,#7331,#7332,#7333,#7334,#7335),.UNSPECIFIED.,.F.,.F.,
(4,2,2,2,2,2,2,2,2,2,2,2,4),(0.273994710174424,0.283582486695565,0.316614906278771,
0.345922383663485,0.360576122355842,0.375229861048199,0.389952296118195,
0.404674731188191,0.434119601328182,0.46760986777645,0.484355001000584,
0.492727567612651,0.501007509383498),.UNSPECIFIED.);
#31=FACE_BOUND('',#467,.T.);
#32=FACE_BOUND('',#472,.T.);
#33=FACE_BOUND('',#507,.T.);
#34=FACE_BOUND('',#526,.T.);
#35=FACE_BOUND('',#527,.T.);
#36=FACE_BOUND('',#538,.T.);
#37=FACE_BOUND('',#564,.T.);
#38=FACE_BOUND('',#574,.T.);
#39=FACE_BOUND('',#583,.T.);
#40=FACE_BOUND('',#599,.T.);
#41=FACE_BOUND('',#600,.T.);
#42=FACE_BOUND('',#605,.T.);
#43=FACE_BOUND('',#606,.T.);
#44=FACE_BOUND('',#624,.T.);
#45=FACE_BOUND('',#625,.T.);
#46=FACE_BOUND('',#626,.T.);
#47=FACE_BOUND('',#666,.T.);
#48=FACE_BOUND('',#667,.T.);
#49=FACE_BOUND('',#668,.T.);
#50=FACE_BOUND('',#669,.T.);
#51=FACE_BOUND('',#672,.T.);
#52=FACE_BOUND('',#673,.T.);
#53=FACE_BOUND('',#674,.T.);
#54=FACE_BOUND('',#675,.T.);
#55=FACE_BOUND('',#676,.T.);
#56=FACE_BOUND('',#678,.T.);
#57=FACE_BOUND('',#691,.T.);
#58=PLANE('',#4785);
#59=PLANE('',#4795);
#60=PLANE('',#4796);
#61=PLANE('',#4798);
#62=PLANE('',#4802);
#63=PLANE('',#4806);
#64=PLANE('',#4807);
#65=PLANE('',#4822);
#66=PLANE('',#4823);
#67=PLANE('',#4824);
#68=PLANE('',#4825);
#69=PLANE('',#4827);
#70=PLANE('',#4828);
#71=PLANE('',#4829);
#72=PLANE('',#4830);
#73=PLANE('',#4831);
#74=PLANE('',#4832);
#75=PLANE('',#4833);
#76=PLANE('',#4834);
#77=PLANE('',#4835);
#78=PLANE('',#4836);
#79=PLANE('',#4837);
#80=PLANE('',#4838);
#81=PLANE('',#4842);
#82=PLANE('',#4843);
#83=PLANE('',#4847);
#84=PLANE('',#4848);
#85=PLANE('',#4849);
#86=PLANE('',#4850);
#87=PLANE('',#4851);
#88=PLANE('',#4852);
#89=PLANE('',#4853);
#90=PLANE('',#4854);
#91=PLANE('',#4855);
#92=PLANE('',#4856);
#93=PLANE('',#4857);
#94=PLANE('',#4858);
#95=PLANE('',#4859);
#96=PLANE('',#4860);
#97=PLANE('',#4861);
#98=PLANE('',#4862);
#99=PLANE('',#4863);
#100=PLANE('',#4864);
#101=PLANE('',#4869);
#102=PLANE('',#4870);
#103=PLANE('',#4871);
#104=PLANE('',#4872);
#105=PLANE('',#4873);
#106=PLANE('',#4874);
#107=PLANE('',#4875);
#108=PLANE('',#4876);
#109=PLANE('',#4879);
#110=PLANE('',#4880);
#111=PLANE('',#4881);
#112=PLANE('',#4882);
#113=PLANE('',#4883);
#114=PLANE('',#4887);
#115=PLANE('',#4891);
#116=PLANE('',#4892);
#117=PLANE('',#4898);
#118=PLANE('',#4899);
#119=PLANE('',#4900);
#120=PLANE('',#4905);
#121=PLANE('',#4906);
#122=PLANE('',#4907);
#123=PLANE('',#4910);
#124=PLANE('',#4912);
#125=PLANE('',#4921);
#126=PLANE('',#4922);
#127=PLANE('',#4925);
#128=PLANE('',#4930);
#129=PLANE('',#4937);
#130=PLANE('',#4939);
#131=PLANE('',#4944);
#132=PLANE('',#4947);
#133=PLANE('',#4951);
#134=PLANE('',#4952);
#135=PLANE('',#4953);
#136=PLANE('',#4954);
#137=PLANE('',#4955);
#138=PLANE('',#4957);
#139=PLANE('',#4958);
#140=PLANE('',#4959);
#141=PLANE('',#4960);
#142=PLANE('',#4961);
#143=PLANE('',#4962);
#144=PLANE('',#4963);
#145=PLANE('',#4964);
#146=PLANE('',#4965);
#147=PLANE('',#4969);
#148=PLANE('',#4970);
#149=PLANE('',#4973);
#150=PLANE('',#4974);
#151=PLANE('',#4975);
#152=PLANE('',#4976);
#153=PLANE('',#4985);
#154=PLANE('',#4986);
#155=PLANE('',#4987);
#156=PLANE('',#4988);
#157=PLANE('',#4989);
#158=PLANE('',#4990);
#159=PLANE('',#4993);
#160=PLANE('',#4994);
#161=PLANE('',#4997);
#162=PLANE('',#4998);
#163=PLANE('',#4999);
#164=PLANE('',#5007);
#165=PLANE('',#5008);
#166=PLANE('',#5009);
#167=PLANE('',#5010);
#168=PLANE('',#5014);
#169=PLANE('',#5015);
#170=PLANE('',#5016);
#171=PLANE('',#5017);
#172=PLANE('',#5018);
#173=PLANE('',#5019);
#174=PLANE('',#5020);
#175=PLANE('',#5021);
#176=PLANE('',#5023);
#177=PLANE('',#5025);
#178=PLANE('',#5027);
#179=PLANE('',#5028);
#180=PLANE('',#5029);
#181=PLANE('',#5030);
#182=PLANE('',#5041);
#183=PLANE('',#5044);
#184=PLANE('',#5047);
#185=PLANE('',#5049);
#186=PLANE('',#5051);
#187=PLANE('',#5054);
#188=PLANE('',#5059);
#189=PLANE('',#5062);
#190=PLANE('',#5065);
#191=PLANE('',#5066);
#192=PLANE('',#5073);
#193=PLANE('',#5076);
#194=PLANE('',#5077);
#195=PLANE('',#5081);
#196=PLANE('',#5085);
#197=PLANE('',#5089);
#198=PLANE('',#5093);
#199=PLANE('',#5097);
#200=PLANE('',#5103);
#201=PLANE('',#5106);
#202=PLANE('',#5107);
#203=PLANE('',#5112);
#204=PLANE('',#5116);
#205=PLANE('',#5120);
#206=PLANE('',#5123);
#207=PLANE('',#5127);
#208=PLANE('',#5129);
#209=PLANE('',#5134);
#210=PLANE('',#5137);
#211=PLANE('',#5139);
#212=PLANE('',#5141);
#213=PLANE('',#5143);
#214=PLANE('',#5145);
#215=PLANE('',#5147);
#216=PLANE('',#5149);
#217=PLANE('',#5151);
#218=PLANE('',#5153);
#219=PLANE('',#5155);
#220=PLANE('',#5157);
#221=FACE_OUTER_BOUND('',#455,.T.);
#222=FACE_OUTER_BOUND('',#456,.T.);
#223=FACE_OUTER_BOUND('',#457,.T.);
#224=FACE_OUTER_BOUND('',#458,.T.);
#225=FACE_OUTER_BOUND('',#459,.T.);
#226=FACE_OUTER_BOUND('',#460,.T.);
#227=FACE_OUTER_BOUND('',#461,.T.);
#228=FACE_OUTER_BOUND('',#462,.T.);
#229=FACE_OUTER_BOUND('',#463,.T.);
#230=FACE_OUTER_BOUND('',#464,.T.);
#231=FACE_OUTER_BOUND('',#465,.T.);
#232=FACE_OUTER_BOUND('',#466,.T.);
#233=FACE_OUTER_BOUND('',#468,.T.);
#234=FACE_OUTER_BOUND('',#469,.T.);
#235=FACE_OUTER_BOUND('',#470,.T.);
#236=FACE_OUTER_BOUND('',#471,.T.);
#237=FACE_OUTER_BOUND('',#473,.T.);
#238=FACE_OUTER_BOUND('',#474,.T.);
#239=FACE_OUTER_BOUND('',#475,.T.);
#240=FACE_OUTER_BOUND('',#476,.T.);
#241=FACE_OUTER_BOUND('',#477,.T.);
#242=FACE_OUTER_BOUND('',#478,.T.);
#243=FACE_OUTER_BOUND('',#479,.T.);
#244=FACE_OUTER_BOUND('',#480,.T.);
#245=FACE_OUTER_BOUND('',#481,.T.);
#246=FACE_OUTER_BOUND('',#482,.T.);
#247=FACE_OUTER_BOUND('',#483,.T.);
#248=FACE_OUTER_BOUND('',#484,.T.);
#249=FACE_OUTER_BOUND('',#485,.T.);
#250=FACE_OUTER_BOUND('',#486,.T.);
#251=FACE_OUTER_BOUND('',#487,.T.);
#252=FACE_OUTER_BOUND('',#488,.T.);
#253=FACE_OUTER_BOUND('',#489,.T.);
#254=FACE_OUTER_BOUND('',#490,.T.);
#255=FACE_OUTER_BOUND('',#491,.T.);
#256=FACE_OUTER_BOUND('',#492,.T.);
#257=FACE_OUTER_BOUND('',#493,.T.);
#258=FACE_OUTER_BOUND('',#494,.T.);
#259=FACE_OUTER_BOUND('',#495,.T.);
#260=FACE_OUTER_BOUND('',#496,.T.);
#261=FACE_OUTER_BOUND('',#497,.T.);
#262=FACE_OUTER_BOUND('',#498,.T.);
#263=FACE_OUTER_BOUND('',#499,.T.);
#264=FACE_OUTER_BOUND('',#500,.T.);
#265=FACE_OUTER_BOUND('',#501,.T.);
#266=FACE_OUTER_BOUND('',#502,.T.);
#267=FACE_OUTER_BOUND('',#503,.T.);
#268=FACE_OUTER_BOUND('',#504,.T.);
#269=FACE_OUTER_BOUND('',#505,.T.);
#270=FACE_OUTER_BOUND('',#506,.T.);
#271=FACE_OUTER_BOUND('',#508,.T.);
#272=FACE_OUTER_BOUND('',#509,.T.);
#273=FACE_OUTER_BOUND('',#510,.T.);
#274=FACE_OUTER_BOUND('',#511,.T.);
#275=FACE_OUTER_BOUND('',#512,.T.);
#276=FACE_OUTER_BOUND('',#513,.T.);
#277=FACE_OUTER_BOUND('',#514,.T.);
#278=FACE_OUTER_BOUND('',#515,.T.);
#279=FACE_OUTER_BOUND('',#516,.T.);
#280=FACE_OUTER_BOUND('',#517,.T.);
#281=FACE_OUTER_BOUND('',#518,.T.);
#282=FACE_OUTER_BOUND('',#519,.T.);
#283=FACE_OUTER_BOUND('',#520,.T.);
#284=FACE_OUTER_BOUND('',#521,.T.);
#285=FACE_OUTER_BOUND('',#522,.T.);
#286=FACE_OUTER_BOUND('',#523,.T.);
#287=FACE_OUTER_BOUND('',#524,.T.);
#288=FACE_OUTER_BOUND('',#525,.T.);
#289=FACE_OUTER_BOUND('',#528,.T.);
#290=FACE_OUTER_BOUND('',#529,.T.);
#291=FACE_OUTER_BOUND('',#530,.T.);
#292=FACE_OUTER_BOUND('',#531,.T.);
#293=FACE_OUTER_BOUND('',#532,.T.);
#294=FACE_OUTER_BOUND('',#533,.T.);
#295=FACE_OUTER_BOUND('',#534,.T.);
#296=FACE_OUTER_BOUND('',#535,.T.);
#297=FACE_OUTER_BOUND('',#536,.T.);
#298=FACE_OUTER_BOUND('',#537,.T.);
#299=FACE_OUTER_BOUND('',#539,.T.);
#300=FACE_OUTER_BOUND('',#540,.T.);
#301=FACE_OUTER_BOUND('',#541,.T.);
#302=FACE_OUTER_BOUND('',#542,.T.);
#303=FACE_OUTER_BOUND('',#543,.T.);
#304=FACE_OUTER_BOUND('',#544,.T.);
#305=FACE_OUTER_BOUND('',#545,.T.);
#306=FACE_OUTER_BOUND('',#546,.T.);
#307=FACE_OUTER_BOUND('',#547,.T.);
#308=FACE_OUTER_BOUND('',#548,.T.);
#309=FACE_OUTER_BOUND('',#549,.T.);
#310=FACE_OUTER_BOUND('',#550,.T.);
#311=FACE_OUTER_BOUND('',#551,.T.);
#312=FACE_OUTER_BOUND('',#552,.T.);
#313=FACE_OUTER_BOUND('',#553,.T.);
#314=FACE_OUTER_BOUND('',#554,.T.);
#315=FACE_OUTER_BOUND('',#555,.T.);
#316=FACE_OUTER_BOUND('',#556,.T.);
#317=FACE_OUTER_BOUND('',#557,.T.);
#318=FACE_OUTER_BOUND('',#558,.T.);
#319=FACE_OUTER_BOUND('',#559,.T.);
#320=FACE_OUTER_BOUND('',#560,.T.);
#321=FACE_OUTER_BOUND('',#561,.T.);
#322=FACE_OUTER_BOUND('',#562,.T.);
#323=FACE_OUTER_BOUND('',#563,.T.);
#324=FACE_OUTER_BOUND('',#565,.T.);
#325=FACE_OUTER_BOUND('',#566,.T.);
#326=FACE_OUTER_BOUND('',#567,.T.);
#327=FACE_OUTER_BOUND('',#568,.T.);
#328=FACE_OUTER_BOUND('',#569,.T.);
#329=FACE_OUTER_BOUND('',#570,.T.);
#330=FACE_OUTER_BOUND('',#571,.T.);
#331=FACE_OUTER_BOUND('',#572,.T.);
#332=FACE_OUTER_BOUND('',#573,.T.);
#333=FACE_OUTER_BOUND('',#575,.T.);
#334=FACE_OUTER_BOUND('',#576,.T.);
#335=FACE_OUTER_BOUND('',#577,.T.);
#336=FACE_OUTER_BOUND('',#578,.T.);
#337=FACE_OUTER_BOUND('',#579,.T.);
#338=FACE_OUTER_BOUND('',#580,.T.);
#339=FACE_OUTER_BOUND('',#581,.T.);
#340=FACE_OUTER_BOUND('',#582,.T.);
#341=FACE_OUTER_BOUND('',#584,.T.);
#342=FACE_OUTER_BOUND('',#585,.T.);
#343=FACE_OUTER_BOUND('',#586,.T.);
#344=FACE_OUTER_BOUND('',#587,.T.);
#345=FACE_OUTER_BOUND('',#588,.T.);
#346=FACE_OUTER_BOUND('',#589,.T.);
#347=FACE_OUTER_BOUND('',#590,.T.);
#348=FACE_OUTER_BOUND('',#591,.T.);
#349=FACE_OUTER_BOUND('',#592,.T.);
#350=FACE_OUTER_BOUND('',#593,.T.);
#351=FACE_OUTER_BOUND('',#594,.T.);
#352=FACE_OUTER_BOUND('',#595,.T.);
#353=FACE_OUTER_BOUND('',#596,.T.);
#354=FACE_OUTER_BOUND('',#597,.T.);
#355=FACE_OUTER_BOUND('',#598,.T.);
#356=FACE_OUTER_BOUND('',#601,.T.);
#357=FACE_OUTER_BOUND('',#602,.T.);
#358=FACE_OUTER_BOUND('',#603,.T.);
#359=FACE_OUTER_BOUND('',#604,.T.);
#360=FACE_OUTER_BOUND('',#607,.T.);
#361=FACE_OUTER_BOUND('',#608,.T.);
#362=FACE_OUTER_BOUND('',#609,.T.);
#363=FACE_OUTER_BOUND('',#610,.T.);
#364=FACE_OUTER_BOUND('',#611,.T.);
#365=FACE_OUTER_BOUND('',#612,.T.);
#366=FACE_OUTER_BOUND('',#613,.T.);
#367=FACE_OUTER_BOUND('',#614,.T.);
#368=FACE_OUTER_BOUND('',#615,.T.);
#369=FACE_OUTER_BOUND('',#616,.T.);
#370=FACE_OUTER_BOUND('',#617,.T.);
#371=FACE_OUTER_BOUND('',#618,.T.);
#372=FACE_OUTER_BOUND('',#619,.T.);
#373=FACE_OUTER_BOUND('',#620,.T.);
#374=FACE_OUTER_BOUND('',#621,.T.);
#375=FACE_OUTER_BOUND('',#622,.T.);
#376=FACE_OUTER_BOUND('',#623,.T.);
#377=FACE_OUTER_BOUND('',#627,.T.);
#378=FACE_OUTER_BOUND('',#628,.T.);
#379=FACE_OUTER_BOUND('',#629,.T.);
#380=FACE_OUTER_BOUND('',#630,.T.);
#381=FACE_OUTER_BOUND('',#631,.T.);
#382=FACE_OUTER_BOUND('',#632,.T.);
#383=FACE_OUTER_BOUND('',#633,.T.);
#384=FACE_OUTER_BOUND('',#634,.T.);
#385=FACE_OUTER_BOUND('',#635,.T.);
#386=FACE_OUTER_BOUND('',#636,.T.);
#387=FACE_OUTER_BOUND('',#637,.T.);
#388=FACE_OUTER_BOUND('',#638,.T.);
#389=FACE_OUTER_BOUND('',#639,.T.);
#390=FACE_OUTER_BOUND('',#640,.T.);
#391=FACE_OUTER_BOUND('',#641,.T.);
#392=FACE_OUTER_BOUND('',#642,.T.);
#393=FACE_OUTER_BOUND('',#643,.T.);
#394=FACE_OUTER_BOUND('',#644,.T.);
#395=FACE_OUTER_BOUND('',#645,.T.);
#396=FACE_OUTER_BOUND('',#646,.T.);
#397=FACE_OUTER_BOUND('',#647,.T.);
#398=FACE_OUTER_BOUND('',#648,.T.);
#399=FACE_OUTER_BOUND('',#649,.T.);
#400=FACE_OUTER_BOUND('',#650,.T.);
#401=FACE_OUTER_BOUND('',#651,.T.);
#402=FACE_OUTER_BOUND('',#652,.T.);
#403=FACE_OUTER_BOUND('',#653,.T.);
#404=FACE_OUTER_BOUND('',#654,.T.);
#405=FACE_OUTER_BOUND('',#655,.T.);
#406=FACE_OUTER_BOUND('',#656,.T.);
#407=FACE_OUTER_BOUND('',#657,.T.);
#408=FACE_OUTER_BOUND('',#658,.T.);
#409=FACE_OUTER_BOUND('',#659,.T.);
#410=FACE_OUTER_BOUND('',#660,.T.);
#411=FACE_OUTER_BOUND('',#661,.T.);
#412=FACE_OUTER_BOUND('',#662,.T.);
#413=FACE_OUTER_BOUND('',#663,.T.);
#414=FACE_OUTER_BOUND('',#664,.T.);
#415=FACE_OUTER_BOUND('',#665,.T.);
#416=FACE_OUTER_BOUND('',#670,.T.);
#417=FACE_OUTER_BOUND('',#671,.T.);
#418=FACE_OUTER_BOUND('',#677,.T.);
#419=FACE_OUTER_BOUND('',#679,.T.);
#420=FACE_OUTER_BOUND('',#680,.T.);
#421=FACE_OUTER_BOUND('',#681,.T.);
#422=FACE_OUTER_BOUND('',#682,.T.);
#423=FACE_OUTER_BOUND('',#683,.T.);
#424=FACE_OUTER_BOUND('',#684,.T.);
#425=FACE_OUTER_BOUND('',#685,.T.);
#426=FACE_OUTER_BOUND('',#686,.T.);
#427=FACE_OUTER_BOUND('',#687,.T.);
#428=FACE_OUTER_BOUND('',#688,.T.);
#429=FACE_OUTER_BOUND('',#689,.T.);
#430=FACE_OUTER_BOUND('',#690,.T.);
#431=FACE_OUTER_BOUND('',#692,.T.);
#432=FACE_OUTER_BOUND('',#693,.T.);
#433=FACE_OUTER_BOUND('',#694,.T.);
#434=FACE_OUTER_BOUND('',#695,.T.);
#435=FACE_OUTER_BOUND('',#696,.T.);
#436=FACE_OUTER_BOUND('',#697,.T.);
#437=FACE_OUTER_BOUND('',#698,.T.);
#438=FACE_OUTER_BOUND('',#699,.T.);
#439=FACE_OUTER_BOUND('',#700,.T.);
#440=FACE_OUTER_BOUND('',#701,.T.);
#441=FACE_OUTER_BOUND('',#702,.T.);
#442=FACE_OUTER_BOUND('',#703,.T.);
#443=FACE_OUTER_BOUND('',#704,.T.);
#444=FACE_OUTER_BOUND('',#705,.T.);
#445=FACE_OUTER_BOUND('',#706,.T.);
#446=FACE_OUTER_BOUND('',#707,.T.);
#447=FACE_OUTER_BOUND('',#708,.T.);
#448=FACE_OUTER_BOUND('',#709,.T.);
#449=FACE_OUTER_BOUND('',#710,.T.);
#450=FACE_OUTER_BOUND('',#711,.T.);
#451=FACE_OUTER_BOUND('',#712,.T.);
#452=FACE_OUTER_BOUND('',#713,.T.);
#453=FACE_OUTER_BOUND('',#714,.T.);
#454=FACE_OUTER_BOUND('',#715,.T.);
#455=EDGE_LOOP('',(#3087,#3088,#3089,#3090));
#456=EDGE_LOOP('',(#3091,#3092,#3093,#3094,#3095,#3096,#3097,#3098));
#457=EDGE_LOOP('',(#3099,#3100,#3101,#3102,#3103,#3104));
#458=EDGE_LOOP('',(#3105,#3106,#3107,#3108,#3109,#3110,#3111,#3112,#3113));
#459=EDGE_LOOP('',(#3114,#3115,#3116,#3117));
#460=EDGE_LOOP('',(#3118,#3119,#3120,#3121));
#461=EDGE_LOOP('',(#3122,#3123,#3124,#3125));
#462=EDGE_LOOP('',(#3126,#3127,#3128,#3129,#3130,#3131,#3132));
#463=EDGE_LOOP('',(#3133,#3134,#3135,#3136));
#464=EDGE_LOOP('',(#3137,#3138,#3139,#3140));
#465=EDGE_LOOP('',(#3141,#3142,#3143,#3144));
#466=EDGE_LOOP('',(#3145,#3146,#3147,#3148,#3149,#3150,#3151,#3152));
#467=EDGE_LOOP('',(#3153,#3154,#3155,#3156,#3157,#3158,#3159,#3160,#3161,
#3162,#3163,#3164,#3165,#3166,#3167,#3168,#3169,#3170,#3171,#3172,#3173,
#3174,#3175,#3176,#3177,#3178,#3179,#3180,#3181,#3182,#3183,#3184,#3185,
#3186,#3187,#3188,#3189,#3190,#3191,#3192,#3193,#3194,#3195));
#468=EDGE_LOOP('',(#3196,#3197,#3198,#3199));
#469=EDGE_LOOP('',(#3200,#3201,#3202,#3203,#3204,#3205));
#470=EDGE_LOOP('',(#3206,#3207,#3208,#3209,#3210));
#471=EDGE_LOOP('',(#3211,#3212,#3213,#3214,#3215,#3216,#3217,#3218,#3219,
#3220,#3221,#3222,#3223,#3224,#3225,#3226,#3227,#3228,#3229,#3230,#3231,
#3232,#3233,#3234,#3235,#3236,#3237,#3238,#3239,#3240,#3241,#3242,#3243,
#3244,#3245));
#472=EDGE_LOOP('',(#3246));
#473=EDGE_LOOP('',(#3247,#3248,#3249,#3250));
#474=EDGE_LOOP('',(#3251,#3252,#3253,#3254,#3255,#3256,#3257,#3258,#3259,
#3260,#3261));
#475=EDGE_LOOP('',(#3262,#3263,#3264,#3265));
#476=EDGE_LOOP('',(#3266,#3267,#3268,#3269,#3270,#3271));
#477=EDGE_LOOP('',(#3272,#3273,#3274,#3275));
#478=EDGE_LOOP('',(#3276,#3277,#3278,#3279));
#479=EDGE_LOOP('',(#3280,#3281,#3282,#3283,#3284,#3285));
#480=EDGE_LOOP('',(#3286,#3287,#3288,#3289,#3290,#3291));
#481=EDGE_LOOP('',(#3292,#3293,#3294,#3295,#3296));
#482=EDGE_LOOP('',(#3297,#3298,#3299,#3300));
#483=EDGE_LOOP('',(#3301,#3302,#3303,#3304,#3305,#3306,#3307,#3308));
#484=EDGE_LOOP('',(#3309,#3310,#3311,#3312));
#485=EDGE_LOOP('',(#3313,#3314,#3315,#3316));
#486=EDGE_LOOP('',(#3317,#3318,#3319,#3320,#3321,#3322));
#487=EDGE_LOOP('',(#3323,#3324,#3325,#3326));
#488=EDGE_LOOP('',(#3327,#3328,#3329,#3330));
#489=EDGE_LOOP('',(#3331,#3332,#3333,#3334,#3335,#3336,#3337,#3338,#3339));
#490=EDGE_LOOP('',(#3340,#3341,#3342,#3343,#3344,#3345));
#491=EDGE_LOOP('',(#3346,#3347,#3348,#3349,#3350,#3351,#3352));
#492=EDGE_LOOP('',(#3353,#3354,#3355,#3356));
#493=EDGE_LOOP('',(#3357,#3358,#3359,#3360));
#494=EDGE_LOOP('',(#3361,#3362,#3363,#3364));
#495=EDGE_LOOP('',(#3365,#3366,#3367,#3368));
#496=EDGE_LOOP('',(#3369,#3370,#3371,#3372,#3373,#3374));
#497=EDGE_LOOP('',(#3375,#3376,#3377,#3378));
#498=EDGE_LOOP('',(#3379,#3380,#3381,#3382));
#499=EDGE_LOOP('',(#3383,#3384,#3385,#3386));
#500=EDGE_LOOP('',(#3387,#3388,#3389,#3390));
#501=EDGE_LOOP('',(#3391,#3392,#3393,#3394));
#502=EDGE_LOOP('',(#3395,#3396,#3397,#3398));
#503=EDGE_LOOP('',(#3399,#3400,#3401,#3402,#3403,#3404));
#504=EDGE_LOOP('',(#3405,#3406,#3407,#3408));
#505=EDGE_LOOP('',(#3409,#3410,#3411,#3412));
#506=EDGE_LOOP('',(#3413,#3414,#3415,#3416,#3417,#3418,#3419,#3420,#3421,
#3422,#3423,#3424,#3425,#3426));
#507=EDGE_LOOP('',(#3427));
#508=EDGE_LOOP('',(#3428,#3429,#3430,#3431));
#509=EDGE_LOOP('',(#3432,#3433,#3434,#3435,#3436));
#510=EDGE_LOOP('',(#3437,#3438,#3439,#3440));
#511=EDGE_LOOP('',(#3441,#3442,#3443,#3444));
#512=EDGE_LOOP('',(#3445,#3446,#3447,#3448));
#513=EDGE_LOOP('',(#3449,#3450,#3451,#3452,#3453,#3454));
#514=EDGE_LOOP('',(#3455,#3456,#3457,#3458));
#515=EDGE_LOOP('',(#3459,#3460,#3461,#3462,#3463,#3464,#3465,#3466,#3467,
#3468,#3469,#3470,#3471,#3472,#3473,#3474,#3475,#3476,#3477,#3478,#3479,
#3480,#3481,#3482));
#516=EDGE_LOOP('',(#3483,#3484,#3485,#3486));
#517=EDGE_LOOP('',(#3487,#3488,#3489,#3490,#3491,#3492,#3493,#3494));
#518=EDGE_LOOP('',(#3495,#3496,#3497,#3498,#3499,#3500,#3501,#3502));
#519=EDGE_LOOP('',(#3503,#3504,#3505,#3506,#3507,#3508));
#520=EDGE_LOOP('',(#3509,#3510,#3511,#3512));
#521=EDGE_LOOP('',(#3513,#3514,#3515,#3516));
#522=EDGE_LOOP('',(#3517,#3518,#3519,#3520));
#523=EDGE_LOOP('',(#3521,#3522,#3523,#3524));
#524=EDGE_LOOP('',(#3525,#3526,#3527,#3528));
#525=EDGE_LOOP('',(#3529,#3530,#3531,#3532,#3533,#3534,#3535,#3536,#3537,
#3538,#3539));
#526=EDGE_LOOP('',(#3540,#3541,#3542,#3543));
#527=EDGE_LOOP('',(#3544,#3545,#3546,#3547));
#528=EDGE_LOOP('',(#3548,#3549,#3550,#3551,#3552));
#529=EDGE_LOOP('',(#3553,#3554,#3555,#3556));
#530=EDGE_LOOP('',(#3557,#3558,#3559,#3560,#3561,#3562));
#531=EDGE_LOOP('',(#3563,#3564,#3565,#3566,#3567,#3568,#3569,#3570,#3571,
#3572,#3573,#3574,#3575,#3576));
#532=EDGE_LOOP('',(#3577,#3578,#3579,#3580));
#533=EDGE_LOOP('',(#3581,#3582,#3583,#3584));
#534=EDGE_LOOP('',(#3585,#3586,#3587,#3588,#3589,#3590));
#535=EDGE_LOOP('',(#3591,#3592,#3593,#3594));
#536=EDGE_LOOP('',(#3595,#3596,#3597,#3598));
#537=EDGE_LOOP('',(#3599,#3600,#3601,#3602,#3603,#3604));
#538=EDGE_LOOP('',(#3605));
#539=EDGE_LOOP('',(#3606,#3607,#3608,#3609));
#540=EDGE_LOOP('',(#3610,#3611,#3612,#3613,#3614,#3615,#3616,#3617));
#541=EDGE_LOOP('',(#3618,#3619,#3620,#3621,#3622,#3623,#3624,#3625));
#542=EDGE_LOOP('',(#3626,#3627,#3628,#3629,#3630,#3631,#3632,#3633,#3634,
#3635,#3636,#3637));
#543=EDGE_LOOP('',(#3638,#3639,#3640,#3641,#3642,#3643,#3644,#3645));
#544=EDGE_LOOP('',(#3646,#3647,#3648,#3649));
#545=EDGE_LOOP('',(#3650,#3651,#3652,#3653));
#546=EDGE_LOOP('',(#3654,#3655,#3656,#3657));
#547=EDGE_LOOP('',(#3658,#3659,#3660,#3661,#3662,#3663,#3664));
#548=EDGE_LOOP('',(#3665,#3666,#3667,#3668));
#549=EDGE_LOOP('',(#3669,#3670,#3671,#3672,#3673,#3674));
#550=EDGE_LOOP('',(#3675,#3676,#3677,#3678));
#551=EDGE_LOOP('',(#3679,#3680,#3681,#3682,#3683,#3684));
#552=EDGE_LOOP('',(#3685,#3686,#3687,#3688));
#553=EDGE_LOOP('',(#3689,#3690,#3691,#3692));
#554=EDGE_LOOP('',(#3693,#3694,#3695,#3696));
#555=EDGE_LOOP('',(#3697));
#556=EDGE_LOOP('',(#3698,#3699,#3700,#3701));
#557=EDGE_LOOP('',(#3702));
#558=EDGE_LOOP('',(#3703,#3704,#3705,#3706));
#559=EDGE_LOOP('',(#3707));
#560=EDGE_LOOP('',(#3708,#3709,#3710,#3711));
#561=EDGE_LOOP('',(#3712,#3713,#3714,#3715));
#562=EDGE_LOOP('',(#3716,#3717,#3718,#3719));
#563=EDGE_LOOP('',(#3720,#3721,#3722,#3723));
#564=EDGE_LOOP('',(#3724));
#565=EDGE_LOOP('',(#3725,#3726,#3727,#3728));
#566=EDGE_LOOP('',(#3729,#3730,#3731,#3732));
#567=EDGE_LOOP('',(#3733,#3734,#3735,#3736,#3737));
#568=EDGE_LOOP('',(#3738,#3739,#3740,#3741));
#569=EDGE_LOOP('',(#3742,#3743,#3744,#3745,#3746));
#570=EDGE_LOOP('',(#3747,#3748,#3749,#3750));
#571=EDGE_LOOP('',(#3751,#3752,#3753,#3754));
#572=EDGE_LOOP('',(#3755,#3756,#3757,#3758));
#573=EDGE_LOOP('',(#3759,#3760,#3761,#3762,#3763));
#574=EDGE_LOOP('',(#3764));
#575=EDGE_LOOP('',(#3765,#3766,#3767,#3768,#3769,#3770));
#576=EDGE_LOOP('',(#3771,#3772,#3773,#3774,#3775,#3776));
#577=EDGE_LOOP('',(#3777,#3778,#3779,#3780));
#578=EDGE_LOOP('',(#3781,#3782,#3783,#3784));
#579=EDGE_LOOP('',(#3785,#3786,#3787,#3788));
#580=EDGE_LOOP('',(#3789,#3790,#3791,#3792));
#581=EDGE_LOOP('',(#3793,#3794,#3795,#3796,#3797,#3798));
#582=EDGE_LOOP('',(#3799,#3800,#3801,#3802));
#583=EDGE_LOOP('',(#3803,#3804,#3805,#3806,#3807,#3808,#3809,#3810));
#584=EDGE_LOOP('',(#3811,#3812,#3813,#3814));
#585=EDGE_LOOP('',(#3815,#3816,#3817,#3818));
#586=EDGE_LOOP('',(#3819,#3820,#3821,#3822,#3823,#3824,#3825,#3826));
#587=EDGE_LOOP('',(#3827,#3828,#3829,#3830,#3831));
#588=EDGE_LOOP('',(#3832,#3833,#3834,#3835));
#589=EDGE_LOOP('',(#3836,#3837,#3838,#3839));
#590=EDGE_LOOP('',(#3840,#3841,#3842,#3843,#3844,#3845,#3846));
#591=EDGE_LOOP('',(#3847,#3848,#3849,#3850));
#592=EDGE_LOOP('',(#3851,#3852,#3853,#3854));
#593=EDGE_LOOP('',(#3855,#3856,#3857,#3858,#3859,#3860));
#594=EDGE_LOOP('',(#3861,#3862,#3863,#3864));
#595=EDGE_LOOP('',(#3865,#3866,#3867,#3868));
#596=EDGE_LOOP('',(#3869,#3870,#3871,#3872));
#597=EDGE_LOOP('',(#3873,#3874,#3875,#3876));
#598=EDGE_LOOP('',(#3877,#3878,#3879,#3880,#3881,#3882,#3883,#3884,#3885,
#3886,#3887,#3888,#3889,#3890,#3891,#3892,#3893,#3894,#3895,#3896,#3897,
#3898,#3899,#3900,#3901,#3902,#3903,#3904,#3905,#3906,#3907,#3908,#3909,
#3910,#3911,#3912,#3913,#3914,#3915,#3916,#3917,#3918,#3919,#3920,#3921,
#3922,#3923,#3924,#3925,#3926,#3927,#3928,#3929));
#599=EDGE_LOOP('',(#3930,#3931,#3932,#3933,#3934,#3935,#3936,#3937));
#600=EDGE_LOOP('',(#3938,#3939,#3940,#3941,#3942,#3943,#3944,#3945));
#601=EDGE_LOOP('',(#3946,#3947,#3948,#3949));
#602=EDGE_LOOP('',(#3950,#3951,#3952,#3953));
#603=EDGE_LOOP('',(#3954,#3955,#3956,#3957,#3958,#3959,#3960,#3961));
#604=EDGE_LOOP('',(#3962,#3963,#3964,#3965,#3966,#3967));
#605=EDGE_LOOP('',(#3968));
#606=EDGE_LOOP('',(#3969,#3970,#3971,#3972));
#607=EDGE_LOOP('',(#3973,#3974,#3975,#3976));
#608=EDGE_LOOP('',(#3977,#3978,#3979,#3980));
#609=EDGE_LOOP('',(#3981,#3982,#3983,#3984));
#610=EDGE_LOOP('',(#3985,#3986,#3987,#3988,#3989,#3990,#3991,#3992));
#611=EDGE_LOOP('',(#3993,#3994,#3995,#3996));
#612=EDGE_LOOP('',(#3997,#3998,#3999,#4000));
#613=EDGE_LOOP('',(#4001,#4002,#4003,#4004));
#614=EDGE_LOOP('',(#4005,#4006,#4007,#4008));
#615=EDGE_LOOP('',(#4009,#4010,#4011,#4012));
#616=EDGE_LOOP('',(#4013,#4014,#4015,#4016,#4017,#4018));
#617=EDGE_LOOP('',(#4019,#4020,#4021,#4022));
#618=EDGE_LOOP('',(#4023,#4024,#4025,#4026));
#619=EDGE_LOOP('',(#4027,#4028,#4029,#4030));
#620=EDGE_LOOP('',(#4031,#4032,#4033,#4034));
#621=EDGE_LOOP('',(#4035,#4036,#4037,#4038,#4039,#4040));
#622=EDGE_LOOP('',(#4041,#4042,#4043,#4044));
#623=EDGE_LOOP('',(#4045,#4046,#4047,#4048,#4049,#4050,#4051,#4052));
#624=EDGE_LOOP('',(#4053,#4054,#4055,#4056,#4057,#4058,#4059,#4060,#4061,
#4062,#4063,#4064,#4065,#4066,#4067,#4068,#4069,#4070,#4071,#4072,#4073,
#4074));
#625=EDGE_LOOP('',(#4075,#4076,#4077,#4078));
#626=EDGE_LOOP('',(#4079,#4080,#4081,#4082));
#627=EDGE_LOOP('',(#4083,#4084,#4085,#4086));
#628=EDGE_LOOP('',(#4087,#4088,#4089,#4090));
#629=EDGE_LOOP('',(#4091,#4092,#4093,#4094));
#630=EDGE_LOOP('',(#4095,#4096,#4097,#4098));
#631=EDGE_LOOP('',(#4099,#4100,#4101,#4102));
#632=EDGE_LOOP('',(#4103,#4104,#4105,#4106));
#633=EDGE_LOOP('',(#4107,#4108,#4109,#4110));
#634=EDGE_LOOP('',(#4111,#4112,#4113,#4114));
#635=EDGE_LOOP('',(#4115,#4116,#4117,#4118));
#636=EDGE_LOOP('',(#4119,#4120,#4121,#4122));
#637=EDGE_LOOP('',(#4123,#4124,#4125,#4126));
#638=EDGE_LOOP('',(#4127,#4128,#4129,#4130));
#639=EDGE_LOOP('',(#4131,#4132,#4133,#4134));
#640=EDGE_LOOP('',(#4135,#4136,#4137,#4138));
#641=EDGE_LOOP('',(#4139,#4140,#4141,#4142,#4143,#4144,#4145));
#642=EDGE_LOOP('',(#4146,#4147,#4148,#4149));
#643=EDGE_LOOP('',(#4150,#4151,#4152,#4153));
#644=EDGE_LOOP('',(#4154,#4155,#4156,#4157));
#645=EDGE_LOOP('',(#4158,#4159,#4160,#4161));
#646=EDGE_LOOP('',(#4162,#4163,#4164,#4165,#4166,#4167));
#647=EDGE_LOOP('',(#4168,#4169,#4170,#4171));
#648=EDGE_LOOP('',(#4172,#4173,#4174,#4175));
#649=EDGE_LOOP('',(#4176,#4177,#4178,#4179));
#650=EDGE_LOOP('',(#4180,#4181,#4182,#4183));
#651=EDGE_LOOP('',(#4184,#4185,#4186,#4187));
#652=EDGE_LOOP('',(#4188,#4189,#4190,#4191));
#653=EDGE_LOOP('',(#4192,#4193,#4194,#4195));
#654=EDGE_LOOP('',(#4196,#4197,#4198,#4199));
#655=EDGE_LOOP('',(#4200,#4201,#4202,#4203));
#656=EDGE_LOOP('',(#4204,#4205,#4206,#4207));
#657=EDGE_LOOP('',(#4208,#4209,#4210,#4211));
#658=EDGE_LOOP('',(#4212,#4213,#4214,#4215));
#659=EDGE_LOOP('',(#4216,#4217,#4218,#4219));
#660=EDGE_LOOP('',(#4220,#4221,#4222,#4223));
#661=EDGE_LOOP('',(#4224,#4225,#4226,#4227));
#662=EDGE_LOOP('',(#4228,#4229,#4230,#4231));
#663=EDGE_LOOP('',(#4232,#4233,#4234,#4235));
#664=EDGE_LOOP('',(#4236,#4237,#4238,#4239));
#665=EDGE_LOOP('',(#4240,#4241,#4242,#4243));
#666=EDGE_LOOP('',(#4244));
#667=EDGE_LOOP('',(#4245,#4246,#4247,#4248));
#668=EDGE_LOOP('',(#4249));
#669=EDGE_LOOP('',(#4250,#4251,#4252,#4253,#4254,#4255,#4256,#4257));
#670=EDGE_LOOP('',(#4258,#4259,#4260,#4261));
#671=EDGE_LOOP('',(#4262,#4263,#4264,#4265));
#672=EDGE_LOOP('',(#4266,#4267,#4268,#4269));
#673=EDGE_LOOP('',(#4270));
#674=EDGE_LOOP('',(#4271,#4272,#4273,#4274));
#675=EDGE_LOOP('',(#4275,#4276,#4277,#4278));
#676=EDGE_LOOP('',(#4279,#4280,#4281,#4282));
#677=EDGE_LOOP('',(#4283,#4284,#4285,#4286,#4287,#4288,#4289,#4290));
#678=EDGE_LOOP('',(#4291,#4292,#4293,#4294,#4295,#4296,#4297,#4298));
#679=EDGE_LOOP('',(#4299,#4300,#4301,#4302));
#680=EDGE_LOOP('',(#4303,#4304,#4305,#4306));
#681=EDGE_LOOP('',(#4307,#4308,#4309,#4310));
#682=EDGE_LOOP('',(#4311,#4312,#4313,#4314));
#683=EDGE_LOOP('',(#4315,#4316,#4317,#4318));
#684=EDGE_LOOP('',(#4319,#4320,#4321,#4322));
#685=EDGE_LOOP('',(#4323,#4324,#4325,#4326));
#686=EDGE_LOOP('',(#4327,#4328,#4329,#4330));
#687=EDGE_LOOP('',(#4331,#4332,#4333,#4334));
#688=EDGE_LOOP('',(#4335,#4336,#4337,#4338));
#689=EDGE_LOOP('',(#4339,#4340,#4341,#4342));
#690=EDGE_LOOP('',(#4343,#4344,#4345,#4346,#4347,#4348,#4349,#4350));
#691=EDGE_LOOP('',(#4351,#4352,#4353,#4354,#4355,#4356,#4357,#4358));
#692=EDGE_LOOP('',(#4359,#4360,#4361,#4362));
#693=EDGE_LOOP('',(#4363,#4364,#4365,#4366));
#694=EDGE_LOOP('',(#4367,#4368,#4369,#4370));
#695=EDGE_LOOP('',(#4371,#4372,#4373,#4374,#4375,#4376,#4377,#4378,#4379,
#4380,#4381,#4382,#4383,#4384,#4385,#4386,#4387,#4388,#4389,#4390));
#696=EDGE_LOOP('',(#4391,#4392,#4393,#4394));
#697=EDGE_LOOP('',(#4395,#4396,#4397,#4398));
#698=EDGE_LOOP('',(#4399,#4400,#4401,#4402));
#699=EDGE_LOOP('',(#4403,#4404,#4405,#4406));
#700=EDGE_LOOP('',(#4407,#4408,#4409,#4410));
#701=EDGE_LOOP('',(#4411,#4412,#4413,#4414));
#702=EDGE_LOOP('',(#4415,#4416,#4417,#4418));
#703=EDGE_LOOP('',(#4419,#4420,#4421,#4422));
#704=EDGE_LOOP('',(#4423,#4424,#4425,#4426));
#705=EDGE_LOOP('',(#4427,#4428,#4429,#4430));
#706=EDGE_LOOP('',(#4431,#4432,#4433,#4434));
#707=EDGE_LOOP('',(#4435,#4436,#4437,#4438));
#708=EDGE_LOOP('',(#4439,#4440,#4441,#4442));
#709=EDGE_LOOP('',(#4443,#4444,#4445,#4446));
#710=EDGE_LOOP('',(#4447,#4448,#4449,#4450));
#711=EDGE_LOOP('',(#4451,#4452,#4453,#4454));
#712=EDGE_LOOP('',(#4455,#4456,#4457,#4458));
#713=EDGE_LOOP('',(#4459,#4460,#4461,#4462));
#714=EDGE_LOOP('',(#4463,#4464,#4465,#4466));
#715=EDGE_LOOP('',(#4467,#4468,#4469,#4470));
#716=LINE('',#6460,#1258);
#717=LINE('',#6463,#1259);
#718=LINE('',#6466,#1260);
#719=LINE('',#6468,#1261);
#720=LINE('',#6470,#1262);
#721=LINE('',#6472,#1263);
#722=LINE('',#6474,#1264);
#723=LINE('',#6476,#1265);
#724=LINE('',#6477,#1266);
#725=LINE('',#6483,#1267);
#726=LINE('',#6487,#1268);
#727=LINE('',#6490,#1269);
#728=LINE('',#6496,#1270);
#729=LINE('',#6500,#1271);
#730=LINE('',#6502,#1272);
#731=LINE('',#6506,#1273);
#732=LINE('',#6509,#1274);
#733=LINE('',#6513,#1275);
#734=LINE('',#6514,#1276);
#735=LINE('',#6515,#1277);
#736=LINE('',#6519,#1278);
#737=LINE('',#6521,#1279);
#738=LINE('',#6523,#1280);
#739=LINE('',#6527,#1281);
#740=LINE('',#6528,#1282);
#741=LINE('',#6531,#1283);
#742=LINE('',#6533,#1284);
#743=LINE('',#6537,#1285);
#744=LINE('',#6540,#1286);
#745=LINE('',#6543,#1287);
#746=LINE('',#6544,#1288);
#747=LINE('',#6550,#1289);
#748=LINE('',#6553,#1290);
#749=LINE('',#6556,#1291);
#750=LINE('',#6558,#1292);
#751=LINE('',#6559,#1293);
#752=LINE('',#6565,#1294);
#753=LINE('',#6569,#1295);
#754=LINE('',#6573,#1296);
#755=LINE('',#6576,#1297);
#756=LINE('',#6578,#1298);
#757=LINE('',#6579,#1299);
#758=LINE('',#6583,#1300);
#759=LINE('',#6587,#1301);
#760=LINE('',#6591,#1302);
#761=LINE('',#6594,#1303);
#762=LINE('',#6596,#1304);
#763=LINE('',#6600,#1305);
#764=LINE('',#6602,#1306);
#765=LINE('',#6604,#1307);
#766=LINE('',#6606,#1308);
#767=LINE('',#6608,#1309);
#768=LINE('',#6610,#1310);
#769=LINE('',#6612,#1311);
#770=LINE('',#6614,#1312);
#771=LINE('',#6616,#1313);
#772=LINE('',#6628,#1314);
#773=LINE('',#6630,#1315);
#774=LINE('',#6632,#1316);
#775=LINE('',#6634,#1317);
#776=LINE('',#6636,#1318);
#777=LINE('',#6638,#1319);
#778=LINE('',#6640,#1320);
#779=LINE('',#6642,#1321);
#780=LINE('',#6644,#1322);
#781=LINE('',#6646,#1323);
#782=LINE('',#6648,#1324);
#783=LINE('',#6650,#1325);
#784=LINE('',#6651,#1326);
#785=LINE('',#6654,#1327);
#786=LINE('',#6655,#1328);
#787=LINE('',#6659,#1329);
#788=LINE('',#6661,#1330);
#789=LINE('',#6662,#1331);
#790=LINE('',#6663,#1332);
#791=LINE('',#6666,#1333);
#792=LINE('',#6668,#1334);
#793=LINE('',#6669,#1335);
#794=LINE('',#6672,#1336);
#795=LINE('',#6674,#1337);
#796=LINE('',#6676,#1338);
#797=LINE('',#6678,#1339);
#798=LINE('',#6680,#1340);
#799=LINE('',#6682,#1341);
#800=LINE('',#6684,#1342);
#801=LINE('',#6686,#1343);
#802=LINE('',#6688,#1344);
#803=LINE('',#6690,#1345);
#804=LINE('',#6692,#1346);
#805=LINE('',#6694,#1347);
#806=LINE('',#6696,#1348);
#807=LINE('',#6698,#1349);
#808=LINE('',#6700,#1350);
#809=LINE('',#6702,#1351);
#810=LINE('',#6704,#1352);
#811=LINE('',#6706,#1353);
#812=LINE('',#6708,#1354);
#813=LINE('',#6710,#1355);
#814=LINE('',#6712,#1356);
#815=LINE('',#6714,#1357);
#816=LINE('',#6716,#1358);
#817=LINE('',#6718,#1359);
#818=LINE('',#6720,#1360);
#819=LINE('',#6722,#1361);
#820=LINE('',#6724,#1362);
#821=LINE('',#6725,#1363);
#822=LINE('',#6727,#1364);
#823=LINE('',#6728,#1365);
#824=LINE('',#6733,#1366);
#825=LINE('',#6735,#1367);
#826=LINE('',#6736,#1368);
#827=LINE('',#6740,#1369);
#828=LINE('',#6742,#1370);
#829=LINE('',#6744,#1371);
#830=LINE('',#6746,#1372);
#831=LINE('',#6748,#1373);
#832=LINE('',#6750,#1374);
#833=LINE('',#6752,#1375);
#834=LINE('',#6754,#1376);
#835=LINE('',#6756,#1377);
#836=LINE('',#6758,#1378);
#837=LINE('',#6759,#1379);
#838=LINE('',#6762,#1380);
#839=LINE('',#6763,#1381);
#840=LINE('',#6766,#1382);
#841=LINE('',#6768,#1383);
#842=LINE('',#6770,#1384);
#843=LINE('',#6771,#1385);
#844=LINE('',#6774,#1386);
#845=LINE('',#6776,#1387);
#846=LINE('',#6777,#1388);
#847=LINE('',#6780,#1389);
#848=LINE('',#6782,#1390);
#849=LINE('',#6783,#1391);
#850=LINE('',#6785,#1392);
#851=LINE('',#6787,#1393);
#852=LINE('',#6788,#1394);
#853=LINE('',#6791,#1395);
#854=LINE('',#6793,#1396);
#855=LINE('',#6795,#1397);
#856=LINE('',#6796,#1398);
#857=LINE('',#6799,#1399);
#858=LINE('',#6800,#1400);
#859=LINE('',#6801,#1401);
#860=LINE('',#6804,#1402);
#861=LINE('',#6806,#1403);
#862=LINE('',#6807,#1404);
#863=LINE('',#6811,#1405);
#864=LINE('',#6813,#1406);
#865=LINE('',#6814,#1407);
#866=LINE('',#6816,#1408);
#867=LINE('',#6817,#1409);
#868=LINE('',#6820,#1410);
#869=LINE('',#6821,#1411);
#870=LINE('',#6827,#1412);
#871=LINE('',#6829,#1413);
#872=LINE('',#6830,#1414);
#873=LINE('',#6831,#1415);
#874=LINE('',#6834,#1416);
#875=LINE('',#6835,#1417);
#876=LINE('',#6840,#1418);
#877=LINE('',#6843,#1419);
#878=LINE('',#6846,#1420);
#879=LINE('',#6847,#1421);
#880=LINE('',#6849,#1422);
#881=LINE('',#6853,#1423);
#882=LINE('',#6855,#1424);
#883=LINE('',#6856,#1425);
#884=LINE('',#6858,#1426);
#885=LINE('',#6860,#1427);
#886=LINE('',#6861,#1428);
#887=LINE('',#6864,#1429);
#888=LINE('',#6866,#1430);
#889=LINE('',#6867,#1431);
#890=LINE('',#6871,#1432);
#891=LINE('',#6873,#1433);
#892=LINE('',#6875,#1434);
#893=LINE('',#6876,#1435);
#894=LINE('',#6879,#1436);
#895=LINE('',#6880,#1437);
#896=LINE('',#6883,#1438);
#897=LINE('',#6884,#1439);
#898=LINE('',#6887,#1440);
#899=LINE('',#6888,#1441);
#900=LINE('',#6891,#1442);
#901=LINE('',#6892,#1443);
#902=LINE('',#6895,#1444);
#903=LINE('',#6896,#1445);
#904=LINE('',#6898,#1446);
#905=LINE('',#6900,#1447);
#906=LINE('',#6902,#1448);
#907=LINE('',#6904,#1449);
#908=LINE('',#6906,#1450);
#909=LINE('',#6909,#1451);
#910=LINE('',#6911,#1452);
#911=LINE('',#6912,#1453);
#912=LINE('',#6916,#1454);
#913=LINE('',#6917,#1455);
#914=LINE('',#6919,#1456);
#915=LINE('',#6920,#1457);
#916=LINE('',#6924,#1458);
#917=LINE('',#6928,#1459);
#918=LINE('',#6930,#1460);
#919=LINE('',#6932,#1461);
#920=LINE('',#6934,#1462);
#921=LINE('',#6935,#1463);
#922=LINE('',#6937,#1464);
#923=LINE('',#6939,#1465);
#924=LINE('',#6943,#1466);
#925=LINE('',#6945,#1467);
#926=LINE('',#6948,#1468);
#927=LINE('',#6953,#1469);
#928=LINE('',#6955,#1470);
#929=LINE('',#6956,#1471);
#930=LINE('',#6959,#1472);
#931=LINE('',#6961,#1473);
#932=LINE('',#6962,#1474);
#933=LINE('',#6963,#1475);
#934=LINE('',#6965,#1476);
#935=LINE('',#6970,#1477);
#936=LINE('',#6972,#1478);
#937=LINE('',#6974,#1479);
#938=LINE('',#6975,#1480);
#939=LINE('',#6978,#1481);
#940=LINE('',#6980,#1482);
#941=LINE('',#6982,#1483);
#942=LINE('',#6983,#1484);
#943=LINE('',#6987,#1485);
#944=LINE('',#6988,#1486);
#945=LINE('',#6989,#1487);
#946=LINE('',#6992,#1488);
#947=LINE('',#6994,#1489);
#948=LINE('',#6996,#1490);
#949=LINE('',#6998,#1491);
#950=LINE('',#7000,#1492);
#951=LINE('',#7004,#1493);
#952=LINE('',#7006,#1494);
#953=LINE('',#7008,#1495);
#954=LINE('',#7012,#1496);
#955=LINE('',#7014,#1497);
#956=LINE('',#7015,#1498);
#957=LINE('',#7017,#1499);
#958=LINE('',#7018,#1500);
#959=LINE('',#7019,#1501);
#960=LINE('',#7020,#1502);
#961=LINE('',#7023,#1503);
#962=LINE('',#7024,#1504);
#963=LINE('',#7027,#1505);
#964=LINE('',#7028,#1506);
#965=LINE('',#7029,#1507);
#966=LINE('',#7032,#1508);
#967=LINE('',#7033,#1509);
#968=LINE('',#7034,#1510);
#969=LINE('',#7037,#1511);
#970=LINE('',#7039,#1512);
#971=LINE('',#7041,#1513);
#972=LINE('',#7042,#1514);
#973=LINE('',#7046,#1515);
#974=LINE('',#7048,#1516);
#975=LINE('',#7050,#1517);
#976=LINE('',#7051,#1518);
#977=LINE('',#7056,#1519);
#978=LINE('',#7060,#1520);
#979=LINE('',#7062,#1521);
#980=LINE('',#7063,#1522);
#981=LINE('',#7070,#1523);
#982=LINE('',#7072,#1524);
#983=LINE('',#7076,#1525);
#984=LINE('',#7078,#1526);
#985=LINE('',#7080,#1527);
#986=LINE('',#7082,#1528);
#987=LINE('',#7084,#1529);
#988=LINE('',#7088,#1530);
#989=LINE('',#7092,#1531);
#990=LINE('',#7095,#1532);
#991=LINE('',#7096,#1533);
#992=LINE('',#7099,#1534);
#993=LINE('',#7101,#1535);
#994=LINE('',#7102,#1536);
#995=LINE('',#7105,#1537);
#996=LINE('',#7106,#1538);
#997=LINE('',#7107,#1539);
#998=LINE('',#7110,#1540);
#999=LINE('',#7112,#1541);
#1000=LINE('',#7114,#1542);
#1001=LINE('',#7116,#1543);
#1002=LINE('',#7118,#1544);
#1003=LINE('',#7120,#1545);
#1004=LINE('',#7124,#1546);
#1005=LINE('',#7125,#1547);
#1006=LINE('',#7127,#1548);
#1007=LINE('',#7131,#1549);
#1008=LINE('',#7134,#1550);
#1009=LINE('',#7137,#1551);
#1010=LINE('',#7138,#1552);
#1011=LINE('',#7141,#1553);
#1012=LINE('',#7142,#1554);
#1013=LINE('',#7145,#1555);
#1014=LINE('',#7147,#1556);
#1015=LINE('',#7148,#1557);
#1016=LINE('',#7151,#1558);
#1017=LINE('',#7154,#1559);
#1018=LINE('',#7155,#1560);
#1019=LINE('',#7160,#1561);
#1020=LINE('',#7161,#1562);
#1021=LINE('',#7163,#1563);
#1022=LINE('',#7165,#1564);
#1023=LINE('',#7168,#1565);
#1024=LINE('',#7198,#1566);
#1025=LINE('',#7202,#1567);
#1026=LINE('',#7230,#1568);
#1027=LINE('',#7242,#1569);
#1028=LINE('',#7255,#1570);
#1029=LINE('',#7269,#1571);
#1030=LINE('',#7279,#1572);
#1031=LINE('',#7309,#1573);
#1032=LINE('',#7342,#1574);
#1033=LINE('',#7348,#1575);
#1034=LINE('',#7352,#1576);
#1035=LINE('',#7355,#1577);
#1036=LINE('',#7360,#1578);
#1037=LINE('',#7364,#1579);
#1038=LINE('',#7367,#1580);
#1039=LINE('',#7371,#1581);
#1040=LINE('',#7374,#1582);
#1041=LINE('',#7377,#1583);
#1042=LINE('',#7379,#1584);
#1043=LINE('',#7382,#1585);
#1044=LINE('',#7385,#1586);
#1045=LINE('',#7389,#1587);
#1046=LINE('',#7394,#1588);
#1047=LINE('',#7400,#1589);
#1048=LINE('',#7404,#1590);
#1049=LINE('',#7405,#1591);
#1050=LINE('',#7407,#1592);
#1051=LINE('',#7409,#1593);
#1052=LINE('',#7416,#1594);
#1053=LINE('',#7418,#1595);
#1054=LINE('',#7420,#1596);
#1055=LINE('',#7423,#1597);
#1056=LINE('',#7425,#1598);
#1057=LINE('',#7428,#1599);
#1058=LINE('',#7430,#1600);
#1059=LINE('',#7436,#1601);
#1060=LINE('',#7438,#1602);
#1061=LINE('',#7439,#1603);
#1062=LINE('',#7442,#1604);
#1063=LINE('',#7443,#1605);
#1064=LINE('',#7446,#1606);
#1065=LINE('',#7450,#1607);
#1066=LINE('',#7451,#1608);
#1067=LINE('',#7453,#1609);
#1068=LINE('',#7456,#1610);
#1069=LINE('',#7457,#1611);
#1070=LINE('',#7460,#1612);
#1071=LINE('',#7461,#1613);
#1072=LINE('',#7466,#1614);
#1073=LINE('',#7470,#1615);
#1074=LINE('',#7474,#1616);
#1075=LINE('',#7477,#1617);
#1076=LINE('',#7480,#1618);
#1077=LINE('',#7484,#1619);
#1078=LINE('',#7488,#1620);
#1079=LINE('',#7489,#1621);
#1080=LINE('',#7491,#1622);
#1081=LINE('',#7492,#1623);
#1082=LINE('',#7495,#1624);
#1083=LINE('',#7496,#1625);
#1084=LINE('',#7499,#1626);
#1085=LINE('',#7500,#1627);
#1086=LINE('',#7503,#1628);
#1087=LINE('',#7505,#1629);
#1088=LINE('',#7506,#1630);
#1089=LINE('',#7508,#1631);
#1090=LINE('',#7511,#1632);
#1091=LINE('',#7513,#1633);
#1092=LINE('',#7514,#1634);
#1093=LINE('',#7518,#1635);
#1094=LINE('',#7520,#1636);
#1095=LINE('',#7523,#1637);
#1096=LINE('',#7525,#1638);
#1097=LINE('',#7526,#1639);
#1098=LINE('',#7529,#1640);
#1099=LINE('',#7533,#1641);
#1100=LINE('',#7534,#1642);
#1101=LINE('',#7536,#1643);
#1102=LINE('',#7539,#1644);
#1103=LINE('',#7540,#1645);
#1104=LINE('',#7541,#1646);
#1105=LINE('',#7543,#1647);
#1106=LINE('',#7546,#1648);
#1107=LINE('',#7547,#1649);
#1108=LINE('',#7549,#1650);
#1109=LINE('',#7553,#1651);
#1110=LINE('',#7557,#1652);
#1111=LINE('',#7560,#1653);
#1112=LINE('',#7562,#1654);
#1113=LINE('',#7564,#1655);
#1114=LINE('',#7565,#1656);
#1115=LINE('',#7566,#1657);
#1116=LINE('',#7567,#1658);
#1117=LINE('',#7569,#1659);
#1118=LINE('',#7571,#1660);
#1119=LINE('',#7575,#1661);
#1120=LINE('',#7579,#1662);
#1121=LINE('',#7583,#1663);
#1122=LINE('',#7590,#1664);
#1123=LINE('',#7594,#1665);
#1124=LINE('',#7597,#1666);
#1125=LINE('',#7599,#1667);
#1126=LINE('',#7602,#1668);
#1127=LINE('',#7606,#1669);
#1128=LINE('',#7607,#1670);
#1129=LINE('',#7610,#1671);
#1130=LINE('',#7611,#1672);
#1131=LINE('',#7613,#1673);
#1132=LINE('',#7614,#1674);
#1133=LINE('',#7617,#1675);
#1134=LINE('',#7619,#1676);
#1135=LINE('',#7621,#1677);
#1136=LINE('',#7625,#1678);
#1137=LINE('',#7626,#1679);
#1138=LINE('',#7629,#1680);
#1139=LINE('',#7630,#1681);
#1140=LINE('',#7633,#1682);
#1141=LINE('',#7634,#1683);
#1142=LINE('',#7640,#1684);
#1143=LINE('',#7644,#1685);
#1144=LINE('',#7648,#1686);
#1145=LINE('',#7651,#1687);
#1146=LINE('',#7655,#1688);
#1147=LINE('',#7659,#1689);
#1148=LINE('',#7663,#1690);
#1149=LINE('',#7667,#1691);
#1150=LINE('',#7670,#1692);
#1151=LINE('',#7672,#1693);
#1152=LINE('',#7675,#1694);
#1153=LINE('',#7678,#1695);
#1154=LINE('',#7681,#1696);
#1155=LINE('',#7682,#1697);
#1156=LINE('',#7685,#1698);
#1157=LINE('',#7689,#1699);
#1158=LINE('',#7690,#1700);
#1159=LINE('',#7692,#1701);
#1160=LINE('',#7698,#1702);
#1161=LINE('',#7699,#1703);
#1162=LINE('',#7700,#1704);
#1163=LINE('',#7704,#1705);
#1164=LINE('',#7707,#1706);
#1165=LINE('',#7708,#1707);
#1166=LINE('',#7714,#1708);
#1167=LINE('',#7717,#1709);
#1168=LINE('',#7718,#1710);
#1169=LINE('',#7722,#1711);
#1170=LINE('',#7724,#1712);
#1171=LINE('',#7728,#1713);
#1172=LINE('',#7731,#1714);
#1173=LINE('',#7732,#1715);
#1174=LINE('',#7735,#1716);
#1175=LINE('',#7736,#1717);
#1176=LINE('',#7742,#1718);
#1177=LINE('',#7745,#1719);
#1178=LINE('',#7749,#1720);
#1179=LINE('',#7750,#1721);
#1180=LINE('',#7754,#1722);
#1181=LINE('',#7756,#1723);
#1182=LINE('',#7759,#1724);
#1183=LINE('',#7761,#1725);
#1184=LINE('',#7762,#1726);
#1185=LINE('',#7768,#1727);
#1186=LINE('',#7770,#1728);
#1187=LINE('',#7771,#1729);
#1188=LINE('',#7778,#1730);
#1189=LINE('',#7780,#1731);
#1190=LINE('',#7782,#1732);
#1191=LINE('',#7783,#1733);
#1192=LINE('',#7788,#1734);
#1193=LINE('',#7793,#1735);
#1194=LINE('',#7794,#1736);
#1195=LINE('',#7795,#1737);
#1196=LINE('',#7800,#1738);
#1197=LINE('',#7805,#1739);
#1198=LINE('',#7806,#1740);
#1199=LINE('',#7807,#1741);
#1200=LINE('',#7812,#1742);
#1201=LINE('',#7817,#1743);
#1202=LINE('',#7818,#1744);
#1203=LINE('',#7819,#1745);
#1204=LINE('',#7825,#1746);
#1205=LINE('',#7828,#1747);
#1206=LINE('',#7831,#1748);
#1207=LINE('',#7832,#1749);
#1208=LINE('',#7835,#1750);
#1209=LINE('',#7839,#1751);
#1210=LINE('',#7840,#1752);
#1211=LINE('',#7844,#1753);
#1212=LINE('',#7848,#1754);
#1213=LINE('',#7852,#1755);
#1214=LINE('',#7856,#1756);
#1215=LINE('',#7860,#1757);
#1216=LINE('',#7862,#1758);
#1217=LINE('',#7863,#1759);
#1218=LINE('',#7867,#1760);
#1219=LINE('',#7873,#1761);
#1220=LINE('',#7874,#1762);
#1221=LINE('',#7875,#1763);
#1222=LINE('',#7879,#1764);
#1223=LINE('',#7884,#1765);
#1224=LINE('',#7885,#1766);
#1225=LINE('',#7886,#1767);
#1226=LINE('',#7889,#1768);
#1227=LINE('',#7893,#1769);
#1228=LINE('',#7894,#1770);
#1229=LINE('',#7898,#1771);
#1230=LINE('',#7899,#1772);
#1231=LINE('',#7901,#1773);
#1232=LINE('',#7906,#1774);
#1233=LINE('',#7910,#1775);
#1234=LINE('',#7914,#1776);
#1235=LINE('',#7918,#1777);
#1236=LINE('',#7921,#1778);
#1237=LINE('',#7922,#1779);
#1238=LINE('',#7925,#1780);
#1239=LINE('',#7927,#1781);
#1240=LINE('',#7929,#1782);
#1241=LINE('',#7931,#1783);
#1242=LINE('',#7934,#1784);
#1243=LINE('',#7935,#1785);
#1244=LINE('',#7937,#1786);
#1245=LINE('',#7939,#1787);
#1246=LINE('',#7941,#1788);
#1247=LINE('',#7943,#1789);
#1248=LINE('',#7945,#1790);
#1249=LINE('',#7947,#1791);
#1250=LINE('',#7950,#1792);
#1251=LINE('',#7951,#1793);
#1252=LINE('',#7953,#1794);
#1253=LINE('',#7955,#1795);
#1254=LINE('',#7957,#1796);
#1255=LINE('',#7959,#1797);
#1256=LINE('',#7961,#1798);
#1257=LINE('',#7963,#1799);
#1258=VECTOR('',#5164,10.);
#1259=VECTOR('',#5167,10.);
#1260=VECTOR('',#5170,10.);
#1261=VECTOR('',#5171,10.);
#1262=VECTOR('',#5172,10.);
#1263=VECTOR('',#5173,10.);
#1264=VECTOR('',#5174,10.);
#1265=VECTOR('',#5175,10.);
#1266=VECTOR('',#5176,10.);
#1267=VECTOR('',#5181,10.);
#1268=VECTOR('',#5184,10.);
#1269=VECTOR('',#5187,10.);
#1270=VECTOR('',#5192,10.);
#1271=VECTOR('',#5195,10.);
#1272=VECTOR('',#5196,10.);
#1273=VECTOR('',#5199,10.);
#1274=VECTOR('',#5202,10.);
#1275=VECTOR('',#5205,10.);
#1276=VECTOR('',#5206,10.);
#1277=VECTOR('',#5207,10.);
#1278=VECTOR('',#5210,10.);
#1279=VECTOR('',#5211,10.);
#1280=VECTOR('',#5212,10.);
#1281=VECTOR('',#5217,10.);
#1282=VECTOR('',#5218,10.);
#1283=VECTOR('',#5221,10.);
#1284=VECTOR('',#5222,10.);
#1285=VECTOR('',#5225,10.);
#1286=VECTOR('',#5228,10.);
#1287=VECTOR('',#5231,10.);
#1288=VECTOR('',#5232,10.);
#1289=VECTOR('',#5237,10.);
#1290=VECTOR('',#5240,10.);
#1291=VECTOR('',#5243,10.);
#1292=VECTOR('',#5244,10.);
#1293=VECTOR('',#5245,10.);
#1294=VECTOR('',#5250,10.);
#1295=VECTOR('',#5253,10.);
#1296=VECTOR('',#5256,10.);
#1297=VECTOR('',#5259,10.);
#1298=VECTOR('',#5260,10.);
#1299=VECTOR('',#5261,10.);
#1300=VECTOR('',#5264,10.);
#1301=VECTOR('',#5267,10.);
#1302=VECTOR('',#5270,10.);
#1303=VECTOR('',#5273,10.);
#1304=VECTOR('',#5274,10.);
#1305=VECTOR('',#5277,10.);
#1306=VECTOR('',#5278,10.);
#1307=VECTOR('',#5279,10.);
#1308=VECTOR('',#5280,10.);
#1309=VECTOR('',#5281,10.);
#1310=VECTOR('',#5282,10.);
#1311=VECTOR('',#5283,10.);
#1312=VECTOR('',#5284,10.);
#1313=VECTOR('',#5285,10.);
#1314=VECTOR('',#5296,10.);
#1315=VECTOR('',#5297,10.);
#1316=VECTOR('',#5298,10.);
#1317=VECTOR('',#5299,10.);
#1318=VECTOR('',#5300,10.);
#1319=VECTOR('',#5301,10.);
#1320=VECTOR('',#5302,10.);
#1321=VECTOR('',#5303,10.);
#1322=VECTOR('',#5304,10.);
#1323=VECTOR('',#5305,10.);
#1324=VECTOR('',#5306,10.);
#1325=VECTOR('',#5307,10.);
#1326=VECTOR('',#5308,10.);
#1327=VECTOR('',#5311,10.);
#1328=VECTOR('',#5312,10.);
#1329=VECTOR('',#5315,10.);
#1330=VECTOR('',#5316,10.);
#1331=VECTOR('',#5317,10.);
#1332=VECTOR('',#5318,10.);
#1333=VECTOR('',#5321,10.);
#1334=VECTOR('',#5322,10.);
#1335=VECTOR('',#5323,10.);
#1336=VECTOR('',#5326,10.);
#1337=VECTOR('',#5327,10.);
#1338=VECTOR('',#5328,10.);
#1339=VECTOR('',#5329,10.);
#1340=VECTOR('',#5330,10.);
#1341=VECTOR('',#5331,10.);
#1342=VECTOR('',#5332,10.);
#1343=VECTOR('',#5333,10.);
#1344=VECTOR('',#5334,10.);
#1345=VECTOR('',#5335,10.);
#1346=VECTOR('',#5336,10.);
#1347=VECTOR('',#5337,10.);
#1348=VECTOR('',#5338,10.);
#1349=VECTOR('',#5339,10.);
#1350=VECTOR('',#5340,10.);
#1351=VECTOR('',#5341,10.);
#1352=VECTOR('',#5342,10.);
#1353=VECTOR('',#5343,10.);
#1354=VECTOR('',#5344,10.);
#1355=VECTOR('',#5345,10.);
#1356=VECTOR('',#5346,10.);
#1357=VECTOR('',#5347,10.);
#1358=VECTOR('',#5348,10.);
#1359=VECTOR('',#5349,10.);
#1360=VECTOR('',#5350,10.);
#1361=VECTOR('',#5351,10.);
#1362=VECTOR('',#5352,10.);
#1363=VECTOR('',#5353,10.);
#1364=VECTOR('',#5354,10.);
#1365=VECTOR('',#5355,10.);
#1366=VECTOR('',#5360,10.);
#1367=VECTOR('',#5361,10.);
#1368=VECTOR('',#5362,10.);
#1369=VECTOR('',#5365,10.);
#1370=VECTOR('',#5366,10.);
#1371=VECTOR('',#5367,10.);
#1372=VECTOR('',#5368,10.);
#1373=VECTOR('',#5369,10.);
#1374=VECTOR('',#5370,10.);
#1375=VECTOR('',#5371,10.);
#1376=VECTOR('',#5372,10.);
#1377=VECTOR('',#5373,10.);
#1378=VECTOR('',#5374,10.);
#1379=VECTOR('',#5375,10.);
#1380=VECTOR('',#5378,10.);
#1381=VECTOR('',#5379,10.);
#1382=VECTOR('',#5382,10.);
#1383=VECTOR('',#5383,10.);
#1384=VECTOR('',#5384,10.);
#1385=VECTOR('',#5385,10.);
#1386=VECTOR('',#5388,10.);
#1387=VECTOR('',#5389,10.);
#1388=VECTOR('',#5390,10.);
#1389=VECTOR('',#5393,10.);
#1390=VECTOR('',#5394,10.);
#1391=VECTOR('',#5395,10.);
#1392=VECTOR('',#5398,10.);
#1393=VECTOR('',#5399,10.);
#1394=VECTOR('',#5400,10.);
#1395=VECTOR('',#5403,10.);
#1396=VECTOR('',#5404,10.);
#1397=VECTOR('',#5405,10.);
#1398=VECTOR('',#5406,10.);
#1399=VECTOR('',#5409,10.);
#1400=VECTOR('',#5410,10.);
#1401=VECTOR('',#5411,10.);
#1402=VECTOR('',#5414,10.);
#1403=VECTOR('',#5415,10.);
#1404=VECTOR('',#5416,10.);
#1405=VECTOR('',#5419,10.);
#1406=VECTOR('',#5420,10.);
#1407=VECTOR('',#5421,10.);
#1408=VECTOR('',#5422,10.);
#1409=VECTOR('',#5423,10.);
#1410=VECTOR('',#5426,10.);
#1411=VECTOR('',#5427,10.);
#1412=VECTOR('',#5434,10.);
#1413=VECTOR('',#5437,10.);
#1414=VECTOR('',#5438,10.);
#1415=VECTOR('',#5439,10.);
#1416=VECTOR('',#5442,10.);
#1417=VECTOR('',#5443,10.);
#1418=VECTOR('',#5448,10.);
#1419=VECTOR('',#5451,10.);
#1420=VECTOR('',#5454,10.);
#1421=VECTOR('',#5455,10.);
#1422=VECTOR('',#5458,10.);
#1423=VECTOR('',#5461,10.);
#1424=VECTOR('',#5462,10.);
#1425=VECTOR('',#5463,10.);
#1426=VECTOR('',#5464,10.);
#1427=VECTOR('',#5465,10.);
#1428=VECTOR('',#5466,10.);
#1429=VECTOR('',#5469,10.);
#1430=VECTOR('',#5470,10.);
#1431=VECTOR('',#5471,10.);
#1432=VECTOR('',#5474,10.);
#1433=VECTOR('',#5475,10.);
#1434=VECTOR('',#5476,10.);
#1435=VECTOR('',#5477,10.);
#1436=VECTOR('',#5480,10.);
#1437=VECTOR('',#5481,10.);
#1438=VECTOR('',#5484,10.);
#1439=VECTOR('',#5485,10.);
#1440=VECTOR('',#5488,10.);
#1441=VECTOR('',#5489,10.);
#1442=VECTOR('',#5492,10.);
#1443=VECTOR('',#5493,10.);
#1444=VECTOR('',#5496,10.);
#1445=VECTOR('',#5497,10.);
#1446=VECTOR('',#5500,10.);
#1447=VECTOR('',#5503,10.);
#1448=VECTOR('',#5506,10.);
#1449=VECTOR('',#5509,10.);
#1450=VECTOR('',#5512,10.);
#1451=VECTOR('',#5515,10.);
#1452=VECTOR('',#5516,10.);
#1453=VECTOR('',#5517,10.);
#1454=VECTOR('',#5520,10.);
#1455=VECTOR('',#5521,10.);
#1456=VECTOR('',#5522,10.);
#1457=VECTOR('',#5523,10.);
#1458=VECTOR('',#5526,10.);
#1459=VECTOR('',#5529,10.);
#1460=VECTOR('',#5530,10.);
#1461=VECTOR('',#5531,10.);
#1462=VECTOR('',#5532,10.);
#1463=VECTOR('',#5533,10.);
#1464=VECTOR('',#5534,10.);
#1465=VECTOR('',#5535,10.);
#1466=VECTOR('',#5538,10.);
#1467=VECTOR('',#5539,10.);
#1468=VECTOR('',#5542,10.);
#1469=VECTOR('',#5547,10.);
#1470=VECTOR('',#5548,10.);
#1471=VECTOR('',#5549,10.);
#1472=VECTOR('',#5552,10.);
#1473=VECTOR('',#5553,10.);
#1474=VECTOR('',#5554,10.);
#1475=VECTOR('',#5555,10.);
#1476=VECTOR('',#5558,10.);
#1477=VECTOR('',#5563,10.);
#1478=VECTOR('',#5564,10.);
#1479=VECTOR('',#5565,10.);
#1480=VECTOR('',#5566,10.);
#1481=VECTOR('',#5569,10.);
#1482=VECTOR('',#5570,10.);
#1483=VECTOR('',#5571,10.);
#1484=VECTOR('',#5572,10.);
#1485=VECTOR('',#5575,10.);
#1486=VECTOR('',#5576,10.);
#1487=VECTOR('',#5577,10.);
#1488=VECTOR('',#5580,10.);
#1489=VECTOR('',#5581,10.);
#1490=VECTOR('',#5582,10.);
#1491=VECTOR('',#5583,10.);
#1492=VECTOR('',#5584,10.);
#1493=VECTOR('',#5587,10.);
#1494=VECTOR('',#5588,10.);
#1495=VECTOR('',#5589,10.);
#1496=VECTOR('',#5592,10.);
#1497=VECTOR('',#5593,10.);
#1498=VECTOR('',#5594,10.);
#1499=VECTOR('',#5595,10.);
#1500=VECTOR('',#5596,10.);
#1501=VECTOR('',#5597,10.);
#1502=VECTOR('',#5598,10.);
#1503=VECTOR('',#5601,10.);
#1504=VECTOR('',#5602,10.);
#1505=VECTOR('',#5605,10.);
#1506=VECTOR('',#5606,10.);
#1507=VECTOR('',#5607,10.);
#1508=VECTOR('',#5610,10.);
#1509=VECTOR('',#5611,10.);
#1510=VECTOR('',#5612,10.);
#1511=VECTOR('',#5615,10.);
#1512=VECTOR('',#5616,10.);
#1513=VECTOR('',#5617,10.);
#1514=VECTOR('',#5618,10.);
#1515=VECTOR('',#5621,10.);
#1516=VECTOR('',#5622,10.);
#1517=VECTOR('',#5623,10.);
#1518=VECTOR('',#5624,10.);
#1519=VECTOR('',#5629,10.);
#1520=VECTOR('',#5634,10.);
#1521=VECTOR('',#5635,10.);
#1522=VECTOR('',#5636,10.);
#1523=VECTOR('',#5647,10.);
#1524=VECTOR('',#5648,10.);
#1525=VECTOR('',#5651,10.);
#1526=VECTOR('',#5652,10.);
#1527=VECTOR('',#5653,10.);
#1528=VECTOR('',#5654,10.);
#1529=VECTOR('',#5655,10.);
#1530=VECTOR('',#5658,10.);
#1531=VECTOR('',#5661,10.);
#1532=VECTOR('',#5666,10.);
#1533=VECTOR('',#5667,10.);
#1534=VECTOR('',#5670,10.);
#1535=VECTOR('',#5671,10.);
#1536=VECTOR('',#5672,10.);
#1537=VECTOR('',#5675,10.);
#1538=VECTOR('',#5676,10.);
#1539=VECTOR('',#5677,10.);
#1540=VECTOR('',#5680,10.);
#1541=VECTOR('',#5681,10.);
#1542=VECTOR('',#5682,10.);
#1543=VECTOR('',#5683,10.);
#1544=VECTOR('',#5684,10.);
#1545=VECTOR('',#5685,10.);
#1546=VECTOR('',#5688,10.);
#1547=VECTOR('',#5689,10.);
#1548=VECTOR('',#5690,10.);
#1549=VECTOR('',#5695,10.);
#1550=VECTOR('',#5698,10.);
#1551=VECTOR('',#5701,10.);
#1552=VECTOR('',#5702,10.);
#1553=VECTOR('',#5705,10.);
#1554=VECTOR('',#5706,10.);
#1555=VECTOR('',#5709,10.);
#1556=VECTOR('',#5710,10.);
#1557=VECTOR('',#5711,10.);
#1558=VECTOR('',#5714,10.);
#1559=VECTOR('',#5719,10.);
#1560=VECTOR('',#5720,10.);
#1561=VECTOR('',#5725,10.);
#1562=VECTOR('',#5726,10.);
#1563=VECTOR('',#5729,10.);
#1564=VECTOR('',#5730,10.);
#1565=VECTOR('',#5733,10.);
#1566=VECTOR('',#5736,10.);
#1567=VECTOR('',#5739,10.);
#1568=VECTOR('',#5740,10.);
#1569=VECTOR('',#5743,10.);
#1570=VECTOR('',#5744,10.);
#1571=VECTOR('',#5747,10.);
#1572=VECTOR('',#5748,10.);
#1573=VECTOR('',#5751,10.);
#1574=VECTOR('',#5760,10.);
#1575=VECTOR('',#5767,10.);
#1576=VECTOR('',#5772,10.);
#1577=VECTOR('',#5775,10.);
#1578=VECTOR('',#5780,10.);
#1579=VECTOR('',#5785,10.);
#1580=VECTOR('',#5788,10.);
#1581=VECTOR('',#5793,10.);
#1582=VECTOR('',#5796,10.);
#1583=VECTOR('',#5799,10.);
#1584=VECTOR('',#5802,10.);
#1585=VECTOR('',#5805,10.);
#1586=VECTOR('',#5808,10.);
#1587=VECTOR('',#5813,0.962702565405005);
#1588=VECTOR('',#5820,0.962702565405005);
#1589=VECTOR('',#5827,0.962702565405005);
#1590=VECTOR('',#5834,10.);
#1591=VECTOR('',#5835,10.);
#1592=VECTOR('',#5838,10.);
#1593=VECTOR('',#5841,10.);
#1594=VECTOR('',#5852,10.);
#1595=VECTOR('',#5855,10.);
#1596=VECTOR('',#5858,10.);
#1597=VECTOR('',#5863,10.);
#1598=VECTOR('',#5866,10.);
#1599=VECTOR('',#5869,10.);
#1600=VECTOR('',#5870,10.);
#1601=VECTOR('',#5879,10.);
#1602=VECTOR('',#5880,10.);
#1603=VECTOR('',#5881,10.);
#1604=VECTOR('',#5884,10.);
#1605=VECTOR('',#5885,10.);
#1606=VECTOR('',#5888,10.);
#1607=VECTOR('',#5893,10.);
#1608=VECTOR('',#5894,10.);
#1609=VECTOR('',#5897,10.);
#1610=VECTOR('',#5900,10.);
#1611=VECTOR('',#5901,10.);
#1612=VECTOR('',#5904,10.);
#1613=VECTOR('',#5905,10.);
#1614=VECTOR('',#5908,10.);
#1615=VECTOR('',#5911,10.);
#1616=VECTOR('',#5914,10.);
#1617=VECTOR('',#5917,10.);
#1618=VECTOR('',#5920,10.);
#1619=VECTOR('',#5925,10.);
#1620=VECTOR('',#5930,10.);
#1621=VECTOR('',#5931,10.);
#1622=VECTOR('',#5932,10.);
#1623=VECTOR('',#5933,10.);
#1624=VECTOR('',#5936,10.);
#1625=VECTOR('',#5937,10.);
#1626=VECTOR('',#5940,10.);
#1627=VECTOR('',#5941,10.);
#1628=VECTOR('',#5944,10.);
#1629=VECTOR('',#5945,10.);
#1630=VECTOR('',#5946,10.);
#1631=VECTOR('',#5949,10.);
#1632=VECTOR('',#5952,10.);
#1633=VECTOR('',#5953,10.);
#1634=VECTOR('',#5954,10.);
#1635=VECTOR('',#5959,10.);
#1636=VECTOR('',#5962,10.);
#1637=VECTOR('',#5965,10.);
#1638=VECTOR('',#5966,10.);
#1639=VECTOR('',#5967,10.);
#1640=VECTOR('',#5970,10.);
#1641=VECTOR('',#5975,10.);
#1642=VECTOR('',#5976,10.);
#1643=VECTOR('',#5979,10.);
#1644=VECTOR('',#5982,10.);
#1645=VECTOR('',#5983,10.);
#1646=VECTOR('',#5984,10.);
#1647=VECTOR('',#5985,10.);
#1648=VECTOR('',#5988,10.);
#1649=VECTOR('',#5989,10.);
#1650=VECTOR('',#5990,10.);
#1651=VECTOR('',#5993,10.);
#1652=VECTOR('',#5996,10.);
#1653=VECTOR('',#5999,10.);
#1654=VECTOR('',#6000,10.);
#1655=VECTOR('',#6001,10.);
#1656=VECTOR('',#6002,10.);
#1657=VECTOR('',#6003,10.);
#1658=VECTOR('',#6004,10.);
#1659=VECTOR('',#6005,10.);
#1660=VECTOR('',#6006,10.);
#1661=VECTOR('',#6009,10.);
#1662=VECTOR('',#6012,10.);
#1663=VECTOR('',#6019,10.);
#1664=VECTOR('',#6026,10.);
#1665=VECTOR('',#6029,10.);
#1666=VECTOR('',#6034,10.);
#1667=VECTOR('',#6037,10.);
#1668=VECTOR('',#6042,10.);
#1669=VECTOR('',#6047,10.);
#1670=VECTOR('',#6048,10.);
#1671=VECTOR('',#6051,10.);
#1672=VECTOR('',#6052,10.);
#1673=VECTOR('',#6055,10.);
#1674=VECTOR('',#6056,10.);
#1675=VECTOR('',#6061,10.);
#1676=VECTOR('',#6064,10.);
#1677=VECTOR('',#6067,10.);
#1678=VECTOR('',#6072,10.);
#1679=VECTOR('',#6073,10.);
#1680=VECTOR('',#6076,10.);
#1681=VECTOR('',#6077,10.);
#1682=VECTOR('',#6080,10.);
#1683=VECTOR('',#6081,10.);
#1684=VECTOR('',#6086,10.);
#1685=VECTOR('',#6089,10.);
#1686=VECTOR('',#6092,10.);
#1687=VECTOR('',#6095,10.);
#1688=VECTOR('',#6098,10.);
#1689=VECTOR('',#6101,10.);
#1690=VECTOR('',#6104,10.);
#1691=VECTOR('',#6109,10.);
#1692=VECTOR('',#6112,10.);
#1693=VECTOR('',#6115,10.);
#1694=VECTOR('',#6118,10.);
#1695=VECTOR('',#6121,10.);
#1696=VECTOR('',#6124,10.);
#1697=VECTOR('',#6125,10.);
#1698=VECTOR('',#6128,10.);
#1699=VECTOR('',#6133,10.);
#1700=VECTOR('',#6134,10.);
#1701=VECTOR('',#6137,10.);
#1702=VECTOR('',#6144,10.);
#1703=VECTOR('',#6145,10.);
#1704=VECTOR('',#6146,10.);
#1705=VECTOR('',#6151,10.);
#1706=VECTOR('',#6154,10.);
#1707=VECTOR('',#6155,10.);
#1708=VECTOR('',#6164,0.649999999999999);
#1709=VECTOR('',#6167,10.);
#1710=VECTOR('',#6168,10.);
#1711=VECTOR('',#6173,10.);
#1712=VECTOR('',#6176,10.);
#1713=VECTOR('',#6181,0.649999999999999);
#1714=VECTOR('',#6184,10.);
#1715=VECTOR('',#6185,10.);
#1716=VECTOR('',#6188,10.);
#1717=VECTOR('',#6189,10.);
#1718=VECTOR('',#6198,0.649999999999999);
#1719=VECTOR('',#6201,10.);
#1720=VECTOR('',#6206,10.);
#1721=VECTOR('',#6207,10.);
#1722=VECTOR('',#6212,10.);
#1723=VECTOR('',#6215,10.);
#1724=VECTOR('',#6218,10.);
#1725=VECTOR('',#6219,10.);
#1726=VECTOR('',#6220,10.);
#1727=VECTOR('',#6229,10.);
#1728=VECTOR('',#6230,10.);
#1729=VECTOR('',#6231,10.);
#1730=VECTOR('',#6240,10.);
#1731=VECTOR('',#6241,10.);
#1732=VECTOR('',#6242,10.);
#1733=VECTOR('',#6243,10.);
#1734=VECTOR('',#6248,10.);
#1735=VECTOR('',#6253,10.);
#1736=VECTOR('',#6254,10.);
#1737=VECTOR('',#6255,10.);
#1738=VECTOR('',#6260,10.);
#1739=VECTOR('',#6265,10.);
#1740=VECTOR('',#6266,10.);
#1741=VECTOR('',#6267,10.);
#1742=VECTOR('',#6272,10.);
#1743=VECTOR('',#6277,10.);
#1744=VECTOR('',#6278,10.);
#1745=VECTOR('',#6279,10.);
#1746=VECTOR('',#6288,10.);
#1747=VECTOR('',#6291,10.);
#1748=VECTOR('',#6294,10.);
#1749=VECTOR('',#6295,10.);
#1750=VECTOR('',#6298,10.);
#1751=VECTOR('',#6303,10.);
#1752=VECTOR('',#6304,10.);
#1753=VECTOR('',#6307,10.);
#1754=VECTOR('',#6310,10.);
#1755=VECTOR('',#6313,10.);
#1756=VECTOR('',#6316,10.);
#1757=VECTOR('',#6321,10.);
#1758=VECTOR('',#6322,10.);
#1759=VECTOR('',#6323,10.);
#1760=VECTOR('',#6326,10.);
#1761=VECTOR('',#6333,10.);
#1762=VECTOR('',#6334,10.);
#1763=VECTOR('',#6335,10.);
#1764=VECTOR('',#6338,10.);
#1765=VECTOR('',#6345,10.);
#1766=VECTOR('',#6346,10.);
#1767=VECTOR('',#6347,10.);
#1768=VECTOR('',#6350,10.);
#1769=VECTOR('',#6355,10.);
#1770=VECTOR('',#6356,10.);
#1771=VECTOR('',#6363,10.);
#1772=VECTOR('',#6364,10.);
#1773=VECTOR('',#6367,10.);
#1774=VECTOR('',#6372,10.);
#1775=VECTOR('',#6375,10.);
#1776=VECTOR('',#6378,10.);
#1777=VECTOR('',#6381,10.);
#1778=VECTOR('',#6386,10.);
#1779=VECTOR('',#6387,10.);
#1780=VECTOR('',#6392,10.);
#1781=VECTOR('',#6395,10.);
#1782=VECTOR('',#6398,10.);
#1783=VECTOR('',#6401,10.);
#1784=VECTOR('',#6406,10.);
#1785=VECTOR('',#6407,10.);
#1786=VECTOR('',#6410,10.);
#1787=VECTOR('',#6413,10.);
#1788=VECTOR('',#6416,10.);
#1789=VECTOR('',#6419,10.);
#1790=VECTOR('',#6422,10.);
#1791=VECTOR('',#6425,10.);
#1792=VECTOR('',#6430,10.);
#1793=VECTOR('',#6431,10.);
#1794=VECTOR('',#6434,10.);
#1795=VECTOR('',#6437,10.);
#1796=VECTOR('',#6440,10.);
#1797=VECTOR('',#6443,10.);
#1798=VECTOR('',#6446,10.);
#1799=VECTOR('',#6449,10.);
#1800=CIRCLE('',#4783,10.);
#1801=CIRCLE('',#4784,10.);
#1802=CIRCLE('',#4787,10.);
#1803=CIRCLE('',#4788,10.);
#1804=CIRCLE('',#4789,10.);
#1805=CIRCLE('',#4791,0.789946005482811);
#1806=CIRCLE('',#4792,0.789946005482811);
#1807=CIRCLE('',#4793,0.789946005482811);
#1808=CIRCLE('',#4794,0.789946005482811);
#1809=CIRCLE('',#4797,0.789946005482802);
#1810=CIRCLE('',#4800,0.789946005482802);
#1811=CIRCLE('',#4801,0.789946005482802);
#1812=CIRCLE('',#4804,1.);
#1813=CIRCLE('',#4805,1.);
#1814=CIRCLE('',#4808,4.);
#1815=CIRCLE('',#4809,4.);
#1816=CIRCLE('',#4810,4.);
#1817=CIRCLE('',#4811,4.00000000000004);
#1818=CIRCLE('',#4812,1.77499999999998);
#1819=CIRCLE('',#4813,0.600000000000005);
#1820=CIRCLE('',#4814,0.599999999999987);
#1821=CIRCLE('',#4815,0.599999999999996);
#1822=CIRCLE('',#4816,2.38781249990748);
#1823=CIRCLE('',#4817,7.76208734813045);
#1824=CIRCLE('',#4818,0.718766013896572);
#1825=CIRCLE('',#4819,6.32455532033729);
#1826=CIRCLE('',#4820,0.718766013896572);
#1827=CIRCLE('',#4821,7.76208734813045);
#1828=CIRCLE('',#4826,0.962702565405005);
#1829=CIRCLE('',#4840,1.00000000000011);
#1830=CIRCLE('',#4841,1.00000000000011);
#1831=CIRCLE('',#4845,0.999999999999996);
#1832=CIRCLE('',#4846,0.999999999999996);
#1833=CIRCLE('',#4865,1.49999999999999);
#1834=CIRCLE('',#4866,7.76208734813045);
#1835=CIRCLE('',#4867,1.50000000008157);
#1836=CIRCLE('',#4868,0.962702565405005);
#1837=CIRCLE('',#4877,1.50000000000001);
#1838=CIRCLE('',#4878,2.50000000000001);
#1839=CIRCLE('',#4885,0.649999999999999);
#1840=CIRCLE('',#4886,0.649999999999999);
#1841=CIRCLE('',#4889,0.649999999999999);
#1842=CIRCLE('',#4890,0.649999999999999);
#1843=CIRCLE('',#4893,1.50000000000213);
#1844=CIRCLE('',#4894,2.38781249990748);
#1845=CIRCLE('',#4895,1.5000000000709);
#1846=CIRCLE('',#4896,1.50000000005914);
#1847=CIRCLE('',#4901,1.50000000000048);
#1848=CIRCLE('',#4902,1.50000000006022);
#1849=CIRCLE('',#4904,1.5000000000709);
#1850=CIRCLE('',#4909,1.50000000006022);
#1851=CIRCLE('',#4911,0.649999999999999);
#1852=CIRCLE('',#4914,7.76208734813045);
#1853=CIRCLE('',#4916,0.718766013896572);
#1854=CIRCLE('',#4918,6.32455532033729);
#1855=CIRCLE('',#4920,0.718766013896572);
#1856=CIRCLE('',#4923,0.758252187057984);
#1857=CIRCLE('',#4924,0.758252187057984);
#1858=CIRCLE('',#4926,0.758252187057984);
#1859=CIRCLE('',#4927,0.758252187057984);
#1860=CIRCLE('',#4929,0.758252187057984);
#1861=CIRCLE('',#4931,0.749999999999997);
#1862=CIRCLE('',#4932,0.749999999999997);
#1863=CIRCLE('',#4934,0.749999999999997);
#1864=CIRCLE('',#4936,1.77499999999998);
#1865=CIRCLE('',#4938,0.600000000000005);
#1866=CIRCLE('',#4941,0.600000000000005);
#1867=CIRCLE('',#4943,0.962702565405005);
#1868=CIRCLE('',#4946,0.962702565405005);
#1869=CIRCLE('',#4949,0.962702565405005);
#1870=CIRCLE('',#4950,0.962702565405005);
#1871=CIRCLE('',#4956,0.650000016228503);
#1872=CIRCLE('',#4966,1.49999999999999);
#1873=CIRCLE('',#4968,1.50000000008157);
#1874=CIRCLE('',#4972,1.50000000000213);
#1875=CIRCLE('',#4977,1.3);
#1876=CIRCLE('',#4978,1.3);
#1877=CIRCLE('',#4979,1.3);
#1878=CIRCLE('',#4980,1.3);
#1879=CIRCLE('',#4982,1.49999999999999);
#1880=CIRCLE('',#4984,1.49999999999999);
#1881=CIRCLE('',#4992,2.50000000000001);
#1882=CIRCLE('',#4996,1.50000000000001);
#1883=CIRCLE('',#5000,0.650000000000001);
#1884=CIRCLE('',#5001,0.650000000000001);
#1885=CIRCLE('',#5002,0.650000000000001);
#1886=CIRCLE('',#5003,0.650000000000001);
#1887=CIRCLE('',#5004,0.599999999999996);
#1888=CIRCLE('',#5005,0.599999999999987);
#1889=CIRCLE('',#5006,0.600000000000005);
#1890=CIRCLE('',#5011,0.649999999999999);
#1891=CIRCLE('',#5012,0.649999976149995);
#1892=CIRCLE('',#5013,0.649999976149997);
#1893=CIRCLE('',#5031,4.);
#1894=CIRCLE('',#5032,4.00000000000004);
#1895=CIRCLE('',#5033,4.);
#1896=CIRCLE('',#5034,4.);
#1897=CIRCLE('',#5035,0.650000000000001);
#1898=CIRCLE('',#5036,0.650000000000001);
#1899=CIRCLE('',#5037,0.650000000000001);
#1900=CIRCLE('',#5038,0.650000000000001);
#1901=CIRCLE('',#5039,1.50000000000048);
#1902=CIRCLE('',#5040,1.50000000005914);
#1903=CIRCLE('',#5043,1.3);
#1904=CIRCLE('',#5046,1.3);
#1905=CIRCLE('',#5053,0.649999976149995);
#1906=CIRCLE('',#5056,0.649999976149997);
#1907=CIRCLE('',#5058,0.649999999999999);
#1908=CIRCLE('',#5061,0.758252187057984);
#1909=CIRCLE('',#5064,0.649999999999999);
#1910=CIRCLE('',#5068,0.749999999999997);
#1911=CIRCLE('',#5070,0.649999999999999);
#1912=CIRCLE('',#5072,1.3);
#1913=CIRCLE('',#5075,1.3);
#1914=CIRCLE('',#5079,0.999999999999979);
#1915=CIRCLE('',#5080,0.999999999999979);
#1916=CIRCLE('',#5083,1.00000000000004);
#1917=CIRCLE('',#5084,1.00000000000004);
#1918=CIRCLE('',#5087,5.);
#1919=CIRCLE('',#5088,4.5);
#1920=CIRCLE('',#5091,5.);
#1921=CIRCLE('',#5092,4.5);
#1922=CIRCLE('',#5095,5.);
#1923=CIRCLE('',#5096,4.5);
#1924=CIRCLE('',#5099,5.);
#1925=CIRCLE('',#5100,4.5);
#1926=CIRCLE('',#5102,5.);
#1927=CIRCLE('',#5105,5.);
#1928=CIRCLE('',#5108,4.);
#1929=CIRCLE('',#5109,4.00000000000004);
#1930=CIRCLE('',#5110,4.);
#1931=CIRCLE('',#5111,4.);
#1932=CIRCLE('',#5114,4.5);
#1933=CIRCLE('',#5115,5.);
#1934=CIRCLE('',#5118,4.5);
#1935=CIRCLE('',#5119,5.);
#1936=CIRCLE('',#5122,4.5);
#1937=CIRCLE('',#5125,4.5);
#1938=CIRCLE('',#5130,4.);
#1939=CIRCLE('',#5131,4.);
#1940=CIRCLE('',#5132,4.);
#1941=CIRCLE('',#5133,4.00000000000004);
#1942=VERTEX_POINT('',#6456);
#1943=VERTEX_POINT('',#6457);
#1944=VERTEX_POINT('',#6459);
#1945=VERTEX_POINT('',#6461);
#1946=VERTEX_POINT('',#6465);
#1947=VERTEX_POINT('',#6467);
#1948=VERTEX_POINT('',#6469);
#1949=VERTEX_POINT('',#6471);
#1950=VERTEX_POINT('',#6473);
#1951=VERTEX_POINT('',#6475);
#1952=VERTEX_POINT('',#6479);
#1953=VERTEX_POINT('',#6480);
#1954=VERTEX_POINT('',#6482);
#1955=VERTEX_POINT('',#6484);
#1956=VERTEX_POINT('',#6486);
#1957=VERTEX_POINT('',#6488);
#1958=VERTEX_POINT('',#6492);
#1959=VERTEX_POINT('',#6493);
#1960=VERTEX_POINT('',#6495);
#1961=VERTEX_POINT('',#6497);
#1962=VERTEX_POINT('',#6499);
#1963=VERTEX_POINT('',#6501);
#1964=VERTEX_POINT('',#6503);
#1965=VERTEX_POINT('',#6505);
#1966=VERTEX_POINT('',#6507);
#1967=VERTEX_POINT('',#6511);
#1968=VERTEX_POINT('',#6512);
#1969=VERTEX_POINT('',#6517);
#1970=VERTEX_POINT('',#6518);
#1971=VERTEX_POINT('',#6520);
#1972=VERTEX_POINT('',#6522);
#1973=VERTEX_POINT('',#6526);
#1974=VERTEX_POINT('',#6530);
#1975=VERTEX_POINT('',#6532);
#1976=VERTEX_POINT('',#6534);
#1977=VERTEX_POINT('',#6536);
#1978=VERTEX_POINT('',#6538);
#1979=VERTEX_POINT('',#6542);
#1980=VERTEX_POINT('',#6546);
#1981=VERTEX_POINT('',#6547);
#1982=VERTEX_POINT('',#6549);
#1983=VERTEX_POINT('',#6551);
#1984=VERTEX_POINT('',#6555);
#1985=VERTEX_POINT('',#6557);
#1986=VERTEX_POINT('',#6561);
#1987=VERTEX_POINT('',#6562);
#1988=VERTEX_POINT('',#6564);
#1989=VERTEX_POINT('',#6566);
#1990=VERTEX_POINT('',#6568);
#1991=VERTEX_POINT('',#6570);
#1992=VERTEX_POINT('',#6572);
#1993=VERTEX_POINT('',#6574);
#1994=VERTEX_POINT('',#6577);
#1995=VERTEX_POINT('',#6580);
#1996=VERTEX_POINT('',#6582);
#1997=VERTEX_POINT('',#6584);
#1998=VERTEX_POINT('',#6586);
#1999=VERTEX_POINT('',#6588);
#2000=VERTEX_POINT('',#6590);
#2001=VERTEX_POINT('',#6592);
#2002=VERTEX_POINT('',#6595);
#2003=VERTEX_POINT('',#6597);
#2004=VERTEX_POINT('',#6599);
#2005=VERTEX_POINT('',#6601);
#2006=VERTEX_POINT('',#6603);
#2007=VERTEX_POINT('',#6605);
#2008=VERTEX_POINT('',#6607);
#2009=VERTEX_POINT('',#6609);
#2010=VERTEX_POINT('',#6611);
#2011=VERTEX_POINT('',#6613);
#2012=VERTEX_POINT('',#6615);
#2013=VERTEX_POINT('',#6617);
#2014=VERTEX_POINT('',#6619);
#2015=VERTEX_POINT('',#6621);
#2016=VERTEX_POINT('',#6623);
#2017=VERTEX_POINT('',#6625);
#2018=VERTEX_POINT('',#6627);
#2019=VERTEX_POINT('',#6629);
#2020=VERTEX_POINT('',#6631);
#2021=VERTEX_POINT('',#6633);
#2022=VERTEX_POINT('',#6635);
#2023=VERTEX_POINT('',#6637);
#2024=VERTEX_POINT('',#6639);
#2025=VERTEX_POINT('',#6641);
#2026=VERTEX_POINT('',#6643);
#2027=VERTEX_POINT('',#6645);
#2028=VERTEX_POINT('',#6647);
#2029=VERTEX_POINT('',#6649);
#2030=VERTEX_POINT('',#6653);
#2031=VERTEX_POINT('',#6657);
#2032=VERTEX_POINT('',#6658);
#2033=VERTEX_POINT('',#6660);
#2034=VERTEX_POINT('',#6665);
#2035=VERTEX_POINT('',#6667);
#2036=VERTEX_POINT('',#6671);
#2037=VERTEX_POINT('',#6673);
#2038=VERTEX_POINT('',#6675);
#2039=VERTEX_POINT('',#6677);
#2040=VERTEX_POINT('',#6679);
#2041=VERTEX_POINT('',#6681);
#2042=VERTEX_POINT('',#6683);
#2043=VERTEX_POINT('',#6685);
#2044=VERTEX_POINT('',#6687);
#2045=VERTEX_POINT('',#6689);
#2046=VERTEX_POINT('',#6691);
#2047=VERTEX_POINT('',#6693);
#2048=VERTEX_POINT('',#6695);
#2049=VERTEX_POINT('',#6697);
#2050=VERTEX_POINT('',#6699);
#2051=VERTEX_POINT('',#6701);
#2052=VERTEX_POINT('',#6703);
#2053=VERTEX_POINT('',#6705);
#2054=VERTEX_POINT('',#6707);
#2055=VERTEX_POINT('',#6709);
#2056=VERTEX_POINT('',#6711);
#2057=VERTEX_POINT('',#6713);
#2058=VERTEX_POINT('',#6715);
#2059=VERTEX_POINT('',#6717);
#2060=VERTEX_POINT('',#6719);
#2061=VERTEX_POINT('',#6721);
#2062=VERTEX_POINT('',#6723);
#2063=VERTEX_POINT('',#6726);
#2064=VERTEX_POINT('',#6729);
#2065=VERTEX_POINT('',#6732);
#2066=VERTEX_POINT('',#6734);
#2067=VERTEX_POINT('',#6738);
#2068=VERTEX_POINT('',#6739);
#2069=VERTEX_POINT('',#6741);
#2070=VERTEX_POINT('',#6743);
#2071=VERTEX_POINT('',#6745);
#2072=VERTEX_POINT('',#6747);
#2073=VERTEX_POINT('',#6749);
#2074=VERTEX_POINT('',#6751);
#2075=VERTEX_POINT('',#6753);
#2076=VERTEX_POINT('',#6755);
#2077=VERTEX_POINT('',#6757);
#2078=VERTEX_POINT('',#6761);
#2079=VERTEX_POINT('',#6765);
#2080=VERTEX_POINT('',#6767);
#2081=VERTEX_POINT('',#6769);
#2082=VERTEX_POINT('',#6773);
#2083=VERTEX_POINT('',#6775);
#2084=VERTEX_POINT('',#6779);
#2085=VERTEX_POINT('',#6781);
#2086=VERTEX_POINT('',#6786);
#2087=VERTEX_POINT('',#6790);
#2088=VERTEX_POINT('',#6792);
#2089=VERTEX_POINT('',#6794);
#2090=VERTEX_POINT('',#6798);
#2091=VERTEX_POINT('',#6803);
#2092=VERTEX_POINT('',#6805);
#2093=VERTEX_POINT('',#6809);
#2094=VERTEX_POINT('',#6810);
#2095=VERTEX_POINT('',#6812);
#2096=VERTEX_POINT('',#6815);
#2097=VERTEX_POINT('',#6819);
#2098=VERTEX_POINT('',#6823);
#2099=VERTEX_POINT('',#6825);
#2100=VERTEX_POINT('',#6833);
#2101=VERTEX_POINT('',#6837);
#2102=VERTEX_POINT('',#6839);
#2103=VERTEX_POINT('',#6841);
#2104=VERTEX_POINT('',#6845);
#2105=VERTEX_POINT('',#6851);
#2106=VERTEX_POINT('',#6852);
#2107=VERTEX_POINT('',#6854);
#2108=VERTEX_POINT('',#6857);
#2109=VERTEX_POINT('',#6859);
#2110=VERTEX_POINT('',#6863);
#2111=VERTEX_POINT('',#6865);
#2112=VERTEX_POINT('',#6869);
#2113=VERTEX_POINT('',#6870);
#2114=VERTEX_POINT('',#6872);
#2115=VERTEX_POINT('',#6874);
#2116=VERTEX_POINT('',#6878);
#2117=VERTEX_POINT('',#6882);
#2118=VERTEX_POINT('',#6886);
#2119=VERTEX_POINT('',#6890);
#2120=VERTEX_POINT('',#6894);
#2121=VERTEX_POINT('',#6908);
#2122=VERTEX_POINT('',#6910);
#2123=VERTEX_POINT('',#6914);
#2124=VERTEX_POINT('',#6915);
#2125=VERTEX_POINT('',#6918);
#2126=VERTEX_POINT('',#6922);
#2127=VERTEX_POINT('',#6923);
#2128=VERTEX_POINT('',#6925);
#2129=VERTEX_POINT('',#6927);
#2130=VERTEX_POINT('',#6929);
#2131=VERTEX_POINT('',#6931);
#2132=VERTEX_POINT('',#6933);
#2133=VERTEX_POINT('',#6936);
#2134=VERTEX_POINT('',#6938);
#2135=VERTEX_POINT('',#6940);
#2136=VERTEX_POINT('',#6942);
#2137=VERTEX_POINT('',#6944);
#2138=VERTEX_POINT('',#6946);
#2139=VERTEX_POINT('',#6949);
#2140=VERTEX_POINT('',#6952);
#2141=VERTEX_POINT('',#6954);
#2142=VERTEX_POINT('',#6958);
#2143=VERTEX_POINT('',#6960);
#2144=VERTEX_POINT('',#6968);
#2145=VERTEX_POINT('',#6969);
#2146=VERTEX_POINT('',#6971);
#2147=VERTEX_POINT('',#6973);
#2148=VERTEX_POINT('',#6977);
#2149=VERTEX_POINT('',#6979);
#2150=VERTEX_POINT('',#6981);
#2151=VERTEX_POINT('',#6985);
#2152=VERTEX_POINT('',#6986);
#2153=VERTEX_POINT('',#6991);
#2154=VERTEX_POINT('',#6993);
#2155=VERTEX_POINT('',#6995);
#2156=VERTEX_POINT('',#6997);
#2157=VERTEX_POINT('',#6999);
#2158=VERTEX_POINT('',#7001);
#2159=VERTEX_POINT('',#7003);
#2160=VERTEX_POINT('',#7005);
#2161=VERTEX_POINT('',#7007);
#2162=VERTEX_POINT('',#7009);
#2163=VERTEX_POINT('',#7011);
#2164=VERTEX_POINT('',#7013);
#2165=VERTEX_POINT('',#7016);
#2166=VERTEX_POINT('',#7022);
#2167=VERTEX_POINT('',#7026);
#2168=VERTEX_POINT('',#7031);
#2169=VERTEX_POINT('',#7036);
#2170=VERTEX_POINT('',#7038);
#2171=VERTEX_POINT('',#7040);
#2172=VERTEX_POINT('',#7044);
#2173=VERTEX_POINT('',#7045);
#2174=VERTEX_POINT('',#7047);
#2175=VERTEX_POINT('',#7049);
#2176=VERTEX_POINT('',#7053);
#2177=VERTEX_POINT('',#7055);
#2178=VERTEX_POINT('',#7059);
#2179=VERTEX_POINT('',#7061);
#2180=VERTEX_POINT('',#7069);
#2181=VERTEX_POINT('',#7071);
#2182=VERTEX_POINT('',#7073);
#2183=VERTEX_POINT('',#7075);
#2184=VERTEX_POINT('',#7077);
#2185=VERTEX_POINT('',#7079);
#2186=VERTEX_POINT('',#7081);
#2187=VERTEX_POINT('',#7083);
#2188=VERTEX_POINT('',#7086);
#2189=VERTEX_POINT('',#7087);
#2190=VERTEX_POINT('',#7089);
#2191=VERTEX_POINT('',#7091);
#2192=VERTEX_POINT('',#7098);
#2193=VERTEX_POINT('',#7100);
#2194=VERTEX_POINT('',#7104);
#2195=VERTEX_POINT('',#7109);
#2196=VERTEX_POINT('',#7111);
#2197=VERTEX_POINT('',#7113);
#2198=VERTEX_POINT('',#7115);
#2199=VERTEX_POINT('',#7117);
#2200=VERTEX_POINT('',#7119);
#2201=VERTEX_POINT('',#7121);
#2202=VERTEX_POINT('',#7123);
#2203=VERTEX_POINT('',#7126);
#2204=VERTEX_POINT('',#7130);
#2205=VERTEX_POINT('',#7132);
#2206=VERTEX_POINT('',#7136);
#2207=VERTEX_POINT('',#7140);
#2208=VERTEX_POINT('',#7144);
#2209=VERTEX_POINT('',#7146);
#2210=VERTEX_POINT('',#7150);
#2211=VERTEX_POINT('',#7156);
#2212=VERTEX_POINT('',#7159);
#2213=VERTEX_POINT('',#7164);
#2214=VERTEX_POINT('',#7166);
#2215=VERTEX_POINT('',#7170);
#2216=VERTEX_POINT('',#7171);
#2217=VERTEX_POINT('',#7199);
#2218=VERTEX_POINT('',#7201);
#2219=VERTEX_POINT('',#7203);
#2220=VERTEX_POINT('',#7232);
#2221=VERTEX_POINT('',#7233);
#2222=VERTEX_POINT('',#7243);
#2223=VERTEX_POINT('',#7254);
#2224=VERTEX_POINT('',#7266);
#2225=VERTEX_POINT('',#7268);
#2226=VERTEX_POINT('',#7270);
#2227=VERTEX_POINT('',#7281);
#2228=VERTEX_POINT('',#7308);
#2229=VERTEX_POINT('',#7339);
#2230=VERTEX_POINT('',#7341);
#2231=VERTEX_POINT('',#7345);
#2232=VERTEX_POINT('',#7347);
#2233=VERTEX_POINT('',#7351);
#2234=VERTEX_POINT('',#7353);
#2235=VERTEX_POINT('',#7357);
#2236=VERTEX_POINT('',#7359);
#2237=VERTEX_POINT('',#7363);
#2238=VERTEX_POINT('',#7365);
#2239=VERTEX_POINT('',#7369);
#2240=VERTEX_POINT('',#7373);
#2241=VERTEX_POINT('',#7375);
#2242=VERTEX_POINT('',#7381);
#2243=VERTEX_POINT('',#7383);
#2244=VERTEX_POINT('',#7387);
#2245=VERTEX_POINT('',#7392);
#2246=VERTEX_POINT('',#7397);
#2247=VERTEX_POINT('',#7399);
#2248=VERTEX_POINT('',#7411);
#2249=VERTEX_POINT('',#7427);
#2250=VERTEX_POINT('',#7429);
#2251=VERTEX_POINT('',#7435);
#2252=VERTEX_POINT('',#7437);
#2253=VERTEX_POINT('',#7441);
#2254=VERTEX_POINT('',#7445);
#2255=VERTEX_POINT('',#7449);
#2256=VERTEX_POINT('',#7455);
#2257=VERTEX_POINT('',#7459);
#2258=VERTEX_POINT('',#7462);
#2259=VERTEX_POINT('',#7463);
#2260=VERTEX_POINT('',#7465);
#2261=VERTEX_POINT('',#7467);
#2262=VERTEX_POINT('',#7469);
#2263=VERTEX_POINT('',#7471);
#2264=VERTEX_POINT('',#7473);
#2265=VERTEX_POINT('',#7475);
#2266=VERTEX_POINT('',#7479);
#2267=VERTEX_POINT('',#7483);
#2268=VERTEX_POINT('',#7487);
#2269=VERTEX_POINT('',#7490);
#2270=VERTEX_POINT('',#7494);
#2271=VERTEX_POINT('',#7498);
#2272=VERTEX_POINT('',#7502);
#2273=VERTEX_POINT('',#7504);
#2274=VERTEX_POINT('',#7510);
#2275=VERTEX_POINT('',#7512);
#2276=VERTEX_POINT('',#7516);
#2277=VERTEX_POINT('',#7522);
#2278=VERTEX_POINT('',#7524);
#2279=VERTEX_POINT('',#7528);
#2280=VERTEX_POINT('',#7532);
#2281=VERTEX_POINT('',#7538);
#2282=VERTEX_POINT('',#7542);
#2283=VERTEX_POINT('',#7544);
#2284=VERTEX_POINT('',#7548);
#2285=VERTEX_POINT('',#7550);
#2286=VERTEX_POINT('',#7552);
#2287=VERTEX_POINT('',#7554);
#2288=VERTEX_POINT('',#7556);
#2289=VERTEX_POINT('',#7558);
#2290=VERTEX_POINT('',#7561);
#2291=VERTEX_POINT('',#7563);
#2292=VERTEX_POINT('',#7568);
#2293=VERTEX_POINT('',#7570);
#2294=VERTEX_POINT('',#7572);
#2295=VERTEX_POINT('',#7574);
#2296=VERTEX_POINT('',#7576);
#2297=VERTEX_POINT('',#7578);
#2298=VERTEX_POINT('',#7586);
#2299=VERTEX_POINT('',#7588);
#2300=VERTEX_POINT('',#7589);
#2301=VERTEX_POINT('',#7591);
#2302=VERTEX_POINT('',#7593);
#2303=VERTEX_POINT('',#7605);
#2304=VERTEX_POINT('',#7609);
#2305=VERTEX_POINT('',#7624);
#2306=VERTEX_POINT('',#7628);
#2307=VERTEX_POINT('',#7632);
#2308=VERTEX_POINT('',#7636);
#2309=VERTEX_POINT('',#7637);
#2310=VERTEX_POINT('',#7639);
#2311=VERTEX_POINT('',#7641);
#2312=VERTEX_POINT('',#7643);
#2313=VERTEX_POINT('',#7645);
#2314=VERTEX_POINT('',#7647);
#2315=VERTEX_POINT('',#7649);
#2316=VERTEX_POINT('',#7652);
#2317=VERTEX_POINT('',#7654);
#2318=VERTEX_POINT('',#7656);
#2319=VERTEX_POINT('',#7658);
#2320=VERTEX_POINT('',#7660);
#2321=VERTEX_POINT('',#7662);
#2322=VERTEX_POINT('',#7665);
#2323=VERTEX_POINT('',#7668);
#2324=VERTEX_POINT('',#7674);
#2325=VERTEX_POINT('',#7676);
#2326=VERTEX_POINT('',#7680);
#2327=VERTEX_POINT('',#7684);
#2328=VERTEX_POINT('',#7688);
#2329=VERTEX_POINT('',#7696);
#2330=VERTEX_POINT('',#7697);
#2331=VERTEX_POINT('',#7702);
#2332=VERTEX_POINT('',#7706);
#2333=VERTEX_POINT('',#7712);
#2334=VERTEX_POINT('',#7716);
#2335=VERTEX_POINT('',#7720);
#2336=VERTEX_POINT('',#7726);
#2337=VERTEX_POINT('',#7730);
#2338=VERTEX_POINT('',#7734);
#2339=VERTEX_POINT('',#7740);
#2340=VERTEX_POINT('',#7744);
#2341=VERTEX_POINT('',#7748);
#2342=VERTEX_POINT('',#7752);
#2343=VERTEX_POINT('',#7758);
#2344=VERTEX_POINT('',#7760);
#2345=VERTEX_POINT('',#7767);
#2346=VERTEX_POINT('',#7769);
#2347=VERTEX_POINT('',#7776);
#2348=VERTEX_POINT('',#7777);
#2349=VERTEX_POINT('',#7779);
#2350=VERTEX_POINT('',#7781);
#2351=VERTEX_POINT('',#7785);
#2352=VERTEX_POINT('',#7787);
#2353=VERTEX_POINT('',#7791);
#2354=VERTEX_POINT('',#7792);
#2355=VERTEX_POINT('',#7797);
#2356=VERTEX_POINT('',#7799);
#2357=VERTEX_POINT('',#7803);
#2358=VERTEX_POINT('',#7804);
#2359=VERTEX_POINT('',#7809);
#2360=VERTEX_POINT('',#7811);
#2361=VERTEX_POINT('',#7815);
#2362=VERTEX_POINT('',#7816);
#2363=VERTEX_POINT('',#7824);
#2364=VERTEX_POINT('',#7826);
#2365=VERTEX_POINT('',#7830);
#2366=VERTEX_POINT('',#7834);
#2367=VERTEX_POINT('',#7838);
#2368=VERTEX_POINT('',#7842);
#2369=VERTEX_POINT('',#7843);
#2370=VERTEX_POINT('',#7845);
#2371=VERTEX_POINT('',#7847);
#2372=VERTEX_POINT('',#7849);
#2373=VERTEX_POINT('',#7851);
#2374=VERTEX_POINT('',#7853);
#2375=VERTEX_POINT('',#7855);
#2376=VERTEX_POINT('',#7859);
#2377=VERTEX_POINT('',#7861);
#2378=VERTEX_POINT('',#7865);
#2379=VERTEX_POINT('',#7866);
#2380=VERTEX_POINT('',#7871);
#2381=VERTEX_POINT('',#7872);
#2382=VERTEX_POINT('',#7877);
#2383=VERTEX_POINT('',#7878);
#2384=VERTEX_POINT('',#7883);
#2385=VERTEX_POINT('',#7888);
#2386=VERTEX_POINT('',#7892);
#2387=VERTEX_POINT('',#7904);
#2388=VERTEX_POINT('',#7905);
#2389=VERTEX_POINT('',#7907);
#2390=VERTEX_POINT('',#7909);
#2391=VERTEX_POINT('',#7911);
#2392=VERTEX_POINT('',#7913);
#2393=VERTEX_POINT('',#7915);
#2394=VERTEX_POINT('',#7917);
#2395=EDGE_CURVE('',#1942,#1943,#1800,.F.);
#2396=EDGE_CURVE('',#1942,#1944,#716,.T.);
#2397=EDGE_CURVE('',#1944,#1945,#1801,.T.);
#2398=EDGE_CURVE('',#1945,#1943,#717,.T.);
#2399=EDGE_CURVE('',#1942,#1946,#718,.T.);
#2400=EDGE_CURVE('',#1946,#1947,#719,.T.);
#2401=EDGE_CURVE('',#1948,#1947,#720,.T.);
#2402=EDGE_CURVE('',#1948,#1949,#721,.T.);
#2403=EDGE_CURVE('',#1949,#1950,#722,.T.);
#2404=EDGE_CURVE('',#1950,#1951,#723,.T.);
#2405=EDGE_CURVE('',#1944,#1951,#724,.T.);
#2406=EDGE_CURVE('',#1952,#1953,#1802,.F.);
#2407=EDGE_CURVE('',#1952,#1954,#725,.T.);
#2408=EDGE_CURVE('',#1955,#1954,#1803,.F.);
#2409=EDGE_CURVE('',#1955,#1956,#726,.T.);
#2410=EDGE_CURVE('',#1956,#1957,#1804,.T.);
#2411=EDGE_CURVE('',#1957,#1953,#727,.T.);
#2412=EDGE_CURVE('',#1958,#1959,#1805,.T.);
#2413=EDGE_CURVE('',#1958,#1960,#728,.F.);
#2414=EDGE_CURVE('',#1960,#1961,#1806,.T.);
#2415=EDGE_CURVE('',#1961,#1962,#729,.T.);
#2416=EDGE_CURVE('',#1962,#1963,#730,.T.);
#2417=EDGE_CURVE('',#1964,#1963,#1807,.T.);
#2418=EDGE_CURVE('',#1965,#1964,#731,.T.);
#2419=EDGE_CURVE('',#1966,#1965,#1808,.T.);
#2420=EDGE_CURVE('',#1966,#1959,#732,.T.);
#2421=EDGE_CURVE('',#1967,#1968,#733,.T.);
#2422=EDGE_CURVE('',#1961,#1967,#734,.T.);
#2423=EDGE_CURVE('',#1968,#1960,#735,.F.);
#2424=EDGE_CURVE('',#1969,#1970,#736,.T.);
#2425=EDGE_CURVE('',#1971,#1969,#737,.T.);
#2426=EDGE_CURVE('',#1972,#1971,#738,.T.);
#2427=EDGE_CURVE('',#1970,#1972,#1809,.T.);
#2428=EDGE_CURVE('',#1958,#1973,#739,.T.);
#2429=EDGE_CURVE('',#1973,#1968,#740,.T.);
#2430=EDGE_CURVE('',#1974,#1972,#741,.T.);
#2431=EDGE_CURVE('',#1975,#1974,#742,.T.);
#2432=EDGE_CURVE('',#1976,#1975,#1810,.T.);
#2433=EDGE_CURVE('',#1977,#1976,#743,.T.);
#2434=EDGE_CURVE('',#1978,#1977,#1811,.T.);
#2435=EDGE_CURVE('',#1970,#1978,#744,.T.);
#2436=EDGE_CURVE('',#1979,#1971,#745,.T.);
#2437=EDGE_CURVE('',#1979,#1974,#746,.T.);
#2438=EDGE_CURVE('',#1980,#1981,#1812,.T.);
#2439=EDGE_CURVE('',#1981,#1982,#747,.T.);
#2440=EDGE_CURVE('',#1982,#1983,#1813,.F.);
#2441=EDGE_CURVE('',#1983,#1980,#748,.T.);
#2442=EDGE_CURVE('',#1984,#1981,#749,.T.);
#2443=EDGE_CURVE('',#1984,#1985,#750,.T.);
#2444=EDGE_CURVE('',#1985,#1982,#751,.T.);
#2445=EDGE_CURVE('',#1986,#1987,#1814,.T.);
#2446=EDGE_CURVE('',#1988,#1986,#752,.T.);
#2447=EDGE_CURVE('',#1989,#1988,#1815,.T.);
#2448=EDGE_CURVE('',#1990,#1989,#753,.T.);
#2449=EDGE_CURVE('',#1991,#1990,#1816,.T.);
#2450=EDGE_CURVE('',#1992,#1991,#754,.T.);
#2451=EDGE_CURVE('',#1993,#1992,#1817,.T.);
#2452=EDGE_CURVE('',#1987,#1993,#755,.T.);
#2453=EDGE_CURVE('',#1980,#1994,#756,.T.);
#2454=EDGE_CURVE('',#1994,#1948,#757,.T.);
#2455=EDGE_CURVE('',#1947,#1995,#1818,.T.);
#2456=EDGE_CURVE('',#1995,#1996,#758,.T.);
#2457=EDGE_CURVE('',#1996,#1997,#1819,.T.);
#2458=EDGE_CURVE('',#1997,#1998,#759,.T.);
#2459=EDGE_CURVE('',#1998,#1999,#1820,.T.);
#2460=EDGE_CURVE('',#1999,#2000,#760,.T.);
#2461=EDGE_CURVE('',#2000,#2001,#1821,.T.);
#2462=EDGE_CURVE('',#2001,#1955,#761,.T.);
#2463=EDGE_CURVE('',#1954,#2002,#762,.T.);
#2464=EDGE_CURVE('',#2002,#2003,#1822,.T.);
#2465=EDGE_CURVE('',#2003,#2004,#763,.T.);
#2466=EDGE_CURVE('',#2004,#2005,#764,.T.);
#2467=EDGE_CURVE('',#2005,#2006,#765,.T.);
#2468=EDGE_CURVE('',#2006,#2007,#766,.T.);
#2469=EDGE_CURVE('',#2007,#2008,#767,.T.);
#2470=EDGE_CURVE('',#2008,#2009,#768,.T.);
#2471=EDGE_CURVE('',#2009,#2010,#769,.T.);
#2472=EDGE_CURVE('',#2010,#2011,#770,.T.);
#2473=EDGE_CURVE('',#2011,#2012,#771,.T.);
#2474=EDGE_CURVE('',#2012,#2013,#1823,.T.);
#2475=EDGE_CURVE('',#2013,#2014,#1824,.T.);
#2476=EDGE_CURVE('',#2014,#2015,#1825,.T.);
#2477=EDGE_CURVE('',#2015,#2016,#1826,.T.);
#2478=EDGE_CURVE('',#2016,#2017,#1827,.T.);
#2479=EDGE_CURVE('',#2017,#2018,#772,.T.);
#2480=EDGE_CURVE('',#2018,#2019,#773,.T.);
#2481=EDGE_CURVE('',#2019,#2020,#774,.T.);
#2482=EDGE_CURVE('',#2020,#2021,#775,.T.);
#2483=EDGE_CURVE('',#2021,#2022,#776,.T.);
#2484=EDGE_CURVE('',#2022,#2023,#777,.T.);
#2485=EDGE_CURVE('',#2023,#2024,#778,.T.);
#2486=EDGE_CURVE('',#2024,#2025,#779,.T.);
#2487=EDGE_CURVE('',#2025,#2026,#780,.T.);
#2488=EDGE_CURVE('',#2026,#2027,#781,.T.);
#2489=EDGE_CURVE('',#2027,#2028,#782,.T.);
#2490=EDGE_CURVE('',#2029,#2028,#783,.T.);
#2491=EDGE_CURVE('',#1984,#2029,#784,.T.);
#2492=EDGE_CURVE('',#2030,#2029,#785,.T.);
#2493=EDGE_CURVE('',#1985,#2030,#786,.T.);
#2494=EDGE_CURVE('',#2031,#2032,#787,.T.);
#2495=EDGE_CURVE('',#2032,#2033,#788,.T.);
#2496=EDGE_CURVE('',#2030,#2033,#789,.T.);
#2497=EDGE_CURVE('',#2031,#2028,#790,.T.);
#2498=EDGE_CURVE('',#2027,#2034,#791,.T.);
#2499=EDGE_CURVE('',#2034,#2035,#792,.T.);
#2500=EDGE_CURVE('',#2035,#2031,#793,.T.);
#2501=EDGE_CURVE('',#2033,#2036,#794,.T.);
#2502=EDGE_CURVE('',#2036,#2037,#795,.T.);
#2503=EDGE_CURVE('',#2037,#2038,#796,.T.);
#2504=EDGE_CURVE('',#2038,#2039,#797,.T.);
#2505=EDGE_CURVE('',#2039,#2040,#798,.T.);
#2506=EDGE_CURVE('',#2040,#2041,#799,.T.);
#2507=EDGE_CURVE('',#2042,#2041,#800,.T.);
#2508=EDGE_CURVE('',#2043,#2042,#801,.T.);
#2509=EDGE_CURVE('',#2044,#2043,#802,.T.);
#2510=EDGE_CURVE('',#2044,#2045,#803,.T.);
#2511=EDGE_CURVE('',#2045,#2046,#804,.T.);
#2512=EDGE_CURVE('',#2046,#2047,#805,.T.);
#2513=EDGE_CURVE('',#2047,#2048,#806,.T.);
#2514=EDGE_CURVE('',#2048,#2049,#807,.T.);
#2515=EDGE_CURVE('',#2049,#2050,#808,.T.);
#2516=EDGE_CURVE('',#2050,#2051,#809,.T.);
#2517=EDGE_CURVE('',#2051,#2052,#810,.T.);
#2518=EDGE_CURVE('',#2052,#2053,#811,.T.);
#2519=EDGE_CURVE('',#2053,#2054,#812,.T.);
#2520=EDGE_CURVE('',#2055,#2054,#813,.T.);
#2521=EDGE_CURVE('',#2056,#2055,#814,.T.);
#2522=EDGE_CURVE('',#2056,#2057,#815,.T.);
#2523=EDGE_CURVE('',#2057,#2058,#816,.T.);
#2524=EDGE_CURVE('',#2058,#2059,#817,.T.);
#2525=EDGE_CURVE('',#2060,#2059,#818,.T.);
#2526=EDGE_CURVE('',#2061,#2060,#819,.T.);
#2527=EDGE_CURVE('',#2062,#2061,#820,.T.);
#2528=EDGE_CURVE('',#1950,#2062,#821,.T.);
#2529=EDGE_CURVE('',#2063,#1949,#822,.T.);
#2530=EDGE_CURVE('',#1983,#2063,#823,.T.);
#2531=EDGE_CURVE('',#2064,#2064,#1828,.T.);
#2532=EDGE_CURVE('',#2065,#2050,#824,.T.);
#2533=EDGE_CURVE('',#2066,#2065,#825,.T.);
#2534=EDGE_CURVE('',#2051,#2066,#826,.T.);
#2535=EDGE_CURVE('',#2067,#2068,#827,.T.);
#2536=EDGE_CURVE('',#2069,#2067,#828,.T.);
#2537=EDGE_CURVE('',#2070,#2069,#829,.T.);
#2538=EDGE_CURVE('',#2071,#2070,#830,.T.);
#2539=EDGE_CURVE('',#2072,#2071,#831,.T.);
#2540=EDGE_CURVE('',#2073,#2072,#832,.T.);
#2541=EDGE_CURVE('',#2074,#2073,#833,.T.);
#2542=EDGE_CURVE('',#2074,#2075,#834,.T.);
#2543=EDGE_CURVE('',#2076,#2075,#835,.T.);
#2544=EDGE_CURVE('',#2077,#2076,#836,.T.);
#2545=EDGE_CURVE('',#2068,#2077,#837,.T.);
#2546=EDGE_CURVE('',#2078,#2066,#838,.T.);
#2547=EDGE_CURVE('',#2078,#2052,#839,.T.);
#2548=EDGE_CURVE('',#2036,#2079,#840,.T.);
#2549=EDGE_CURVE('',#2080,#2032,#841,.T.);
#2550=EDGE_CURVE('',#2081,#2080,#842,.T.);
#2551=EDGE_CURVE('',#2079,#2081,#843,.T.);
#2552=EDGE_CURVE('',#2082,#2039,#844,.T.);
#2553=EDGE_CURVE('',#2083,#2082,#845,.T.);
#2554=EDGE_CURVE('',#2040,#2083,#846,.T.);
#2555=EDGE_CURVE('',#2084,#2045,#847,.T.);
#2556=EDGE_CURVE('',#2085,#2084,#848,.T.);
#2557=EDGE_CURVE('',#2046,#2085,#849,.T.);
#2558=EDGE_CURVE('',#2077,#2044,#850,.T.);
#2559=EDGE_CURVE('',#2086,#2076,#851,.T.);
#2560=EDGE_CURVE('',#2084,#2086,#852,.T.);
#2561=EDGE_CURVE('',#2087,#2083,#853,.T.);
#2562=EDGE_CURVE('',#2087,#2088,#854,.T.);
#2563=EDGE_CURVE('',#2088,#2089,#855,.T.);
#2564=EDGE_CURVE('',#2041,#2089,#856,.T.);
#2565=EDGE_CURVE('',#2090,#2035,#857,.T.);
#2566=EDGE_CURVE('',#2089,#2034,#858,.T.);
#2567=EDGE_CURVE('',#2090,#2088,#859,.T.);
#2568=EDGE_CURVE('',#2081,#2091,#860,.T.);
#2569=EDGE_CURVE('',#2080,#2092,#861,.T.);
#2570=EDGE_CURVE('',#2091,#2092,#862,.T.);
#2571=EDGE_CURVE('',#2093,#2094,#863,.T.);
#2572=EDGE_CURVE('',#2095,#2093,#864,.T.);
#2573=EDGE_CURVE('',#2092,#2095,#865,.T.);
#2574=EDGE_CURVE('',#2031,#2096,#866,.T.);
#2575=EDGE_CURVE('',#2096,#2094,#867,.T.);
#2576=EDGE_CURVE('',#2097,#2085,#868,.T.);
#2577=EDGE_CURVE('',#2097,#2047,#869,.T.);
#2578=EDGE_CURVE('',#2098,#2075,#1829,.T.);
#2579=EDGE_CURVE('',#2099,#2074,#1830,.T.);
#2580=EDGE_CURVE('',#2099,#2098,#870,.T.);
#2581=EDGE_CURVE('',#2054,#2070,#871,.T.);
#2582=EDGE_CURVE('',#2022,#2069,#872,.T.);
#2583=EDGE_CURVE('',#2021,#2055,#873,.T.);
#2584=EDGE_CURVE('',#2100,#2038,#874,.T.);
#2585=EDGE_CURVE('',#2082,#2100,#875,.T.);
#2586=EDGE_CURVE('',#2101,#2095,#1831,.T.);
#2587=EDGE_CURVE('',#2102,#2095,#876,.T.);
#2588=EDGE_CURVE('',#2103,#2102,#1832,.T.);
#2589=EDGE_CURVE('',#2103,#2101,#877,.T.);
#2590=EDGE_CURVE('',#2104,#2090,#878,.T.);
#2591=EDGE_CURVE('',#2102,#2104,#879,.T.);
#2592=EDGE_CURVE('',#2026,#2042,#880,.T.);
#2593=EDGE_CURVE('',#2105,#2106,#881,.T.);
#2594=EDGE_CURVE('',#2107,#2106,#882,.T.);
#2595=EDGE_CURVE('',#2107,#1951,#883,.T.);
#2596=EDGE_CURVE('',#1950,#2108,#884,.T.);
#2597=EDGE_CURVE('',#2108,#2109,#885,.T.);
#2598=EDGE_CURVE('',#2109,#2105,#886,.T.);
#2599=EDGE_CURVE('',#2106,#2110,#887,.T.);
#2600=EDGE_CURVE('',#2110,#2111,#888,.T.);
#2601=EDGE_CURVE('',#2107,#2111,#889,.T.);
#2602=EDGE_CURVE('',#2112,#2113,#890,.T.);
#2603=EDGE_CURVE('',#2112,#2114,#891,.T.);
#2604=EDGE_CURVE('',#2115,#2114,#892,.T.);
#2605=EDGE_CURVE('',#2115,#2113,#893,.T.);
#2606=EDGE_CURVE('',#2116,#2079,#894,.T.);
#2607=EDGE_CURVE('',#2116,#2037,#895,.T.);
#2608=EDGE_CURVE('',#2117,#2078,#896,.T.);
#2609=EDGE_CURVE('',#2117,#2053,#897,.T.);
#2610=EDGE_CURVE('',#2118,#2117,#898,.T.);
#2611=EDGE_CURVE('',#2118,#2071,#899,.T.);
#2612=EDGE_CURVE('',#2119,#2097,#900,.T.);
#2613=EDGE_CURVE('',#2119,#2048,#901,.T.);
#2614=EDGE_CURVE('',#2120,#2119,#902,.T.);
#2615=EDGE_CURVE('',#2120,#2049,#903,.T.);
#2616=EDGE_CURVE('',#2065,#2120,#904,.T.);
#2617=EDGE_CURVE('',#2100,#2116,#905,.T.);
#2618=EDGE_CURVE('',#2023,#2067,#906,.T.);
#2619=EDGE_CURVE('',#2024,#2068,#907,.T.);
#2620=EDGE_CURVE('',#2025,#2043,#908,.T.);
#2621=EDGE_CURVE('',#2121,#2058,#909,.T.);
#2622=EDGE_CURVE('',#2122,#2121,#910,.T.);
#2623=EDGE_CURVE('',#2059,#2122,#911,.T.);
#2624=EDGE_CURVE('',#2123,#2124,#912,.T.);
#2625=EDGE_CURVE('',#2123,#2056,#913,.T.);
#2626=EDGE_CURVE('',#2125,#2056,#914,.T.);
#2627=EDGE_CURVE('',#2124,#2125,#915,.T.);
#2628=EDGE_CURVE('',#2126,#2127,#916,.T.);
#2629=EDGE_CURVE('',#2128,#2127,#1833,.T.);
#2630=EDGE_CURVE('',#2128,#2129,#917,.T.);
#2631=EDGE_CURVE('',#2130,#2129,#918,.T.);
#2632=EDGE_CURVE('',#2131,#2130,#919,.T.);
#2633=EDGE_CURVE('',#2132,#2131,#920,.T.);
#2634=EDGE_CURVE('',#2123,#2132,#921,.T.);
#2635=EDGE_CURVE('',#2133,#2123,#922,.T.);
#2636=EDGE_CURVE('',#2134,#2133,#923,.T.);
#2637=EDGE_CURVE('',#2135,#2134,#1834,.T.);
#2638=EDGE_CURVE('',#2136,#2135,#924,.T.);
#2639=EDGE_CURVE('',#2136,#2137,#925,.T.);
#2640=EDGE_CURVE('',#2138,#2137,#1835,.T.);
#2641=EDGE_CURVE('',#2138,#2126,#926,.T.);
#2642=EDGE_CURVE('',#2139,#2139,#1836,.T.);
#2643=EDGE_CURVE('',#2105,#2140,#927,.T.);
#2644=EDGE_CURVE('',#2141,#2109,#928,.T.);
#2645=EDGE_CURVE('',#2140,#2141,#929,.T.);
#2646=EDGE_CURVE('',#2140,#2142,#930,.T.);
#2647=EDGE_CURVE('',#2143,#2141,#931,.T.);
#2648=EDGE_CURVE('',#2062,#2143,#932,.T.);
#2649=EDGE_CURVE('',#2142,#2062,#933,.T.);
#2650=EDGE_CURVE('',#2143,#2108,#934,.T.);
#2651=EDGE_CURVE('',#2144,#2145,#935,.T.);
#2652=EDGE_CURVE('',#2144,#2146,#936,.T.);
#2653=EDGE_CURVE('',#2147,#2146,#937,.T.);
#2654=EDGE_CURVE('',#2145,#2147,#938,.T.);
#2655=EDGE_CURVE('',#2148,#2122,#939,.T.);
#2656=EDGE_CURVE('',#2148,#2149,#940,.T.);
#2657=EDGE_CURVE('',#2149,#2150,#941,.T.);
#2658=EDGE_CURVE('',#2150,#2060,#942,.T.);
#2659=EDGE_CURVE('',#2151,#2152,#943,.T.);
#2660=EDGE_CURVE('',#2151,#2130,#944,.T.);
#2661=EDGE_CURVE('',#2129,#2152,#945,.T.);
#2662=EDGE_CURVE('',#2113,#2153,#946,.T.);
#2663=EDGE_CURVE('',#2154,#2115,#947,.T.);
#2664=EDGE_CURVE('',#2155,#2154,#948,.T.);
#2665=EDGE_CURVE('',#2156,#2155,#949,.T.);
#2666=EDGE_CURVE('',#2156,#2157,#950,.T.);
#2667=EDGE_CURVE('',#2157,#2158,#1837,.T.);
#2668=EDGE_CURVE('',#2159,#2158,#951,.T.);
#2669=EDGE_CURVE('',#2160,#2159,#952,.T.);
#2670=EDGE_CURVE('',#2160,#2161,#953,.T.);
#2671=EDGE_CURVE('',#2161,#2162,#1838,.T.);
#2672=EDGE_CURVE('',#2162,#2163,#954,.T.);
#2673=EDGE_CURVE('',#2164,#2163,#955,.T.);
#2674=EDGE_CURVE('',#2110,#2164,#956,.T.);
#2675=EDGE_CURVE('',#2165,#2142,#957,.T.);
#2676=EDGE_CURVE('',#2150,#2165,#958,.T.);
#2677=EDGE_CURVE('',#2149,#2151,#959,.T.);
#2678=EDGE_CURVE('',#2152,#2153,#960,.T.);
#2679=EDGE_CURVE('',#2153,#2166,#961,.T.);
#2680=EDGE_CURVE('',#2166,#2112,#962,.T.);
#2681=EDGE_CURVE('',#2167,#2147,#963,.T.);
#2682=EDGE_CURVE('',#2131,#2167,#964,.T.);
#2683=EDGE_CURVE('',#2145,#2148,#965,.T.);
#2684=EDGE_CURVE('',#2168,#2128,#966,.T.);
#2685=EDGE_CURVE('',#2146,#2168,#967,.T.);
#2686=EDGE_CURVE('',#2166,#2144,#968,.T.);
#2687=EDGE_CURVE('',#2167,#2169,#969,.T.);
#2688=EDGE_CURVE('',#2169,#2170,#970,.T.);
#2689=EDGE_CURVE('',#2171,#2170,#971,.T.);
#2690=EDGE_CURVE('',#2132,#2171,#972,.T.);
#2691=EDGE_CURVE('',#2172,#2173,#973,.T.);
#2692=EDGE_CURVE('',#2172,#2174,#974,.T.);
#2693=EDGE_CURVE('',#2174,#2175,#975,.T.);
#2694=EDGE_CURVE('',#2173,#2175,#976,.T.);
#2695=EDGE_CURVE('',#2176,#2172,#1839,.T.);
#2696=EDGE_CURVE('',#2176,#2177,#977,.T.);
#2697=EDGE_CURVE('',#2177,#2174,#1840,.T.);
#2698=EDGE_CURVE('',#2178,#2176,#978,.T.);
#2699=EDGE_CURVE('',#2178,#2179,#979,.T.);
#2700=EDGE_CURVE('',#2179,#2177,#980,.T.);
#2701=EDGE_CURVE('',#2173,#2178,#1841,.T.);
#2702=EDGE_CURVE('',#2175,#2179,#1842,.T.);
#2703=EDGE_CURVE('',#2180,#1959,#981,.T.);
#2704=EDGE_CURVE('',#2181,#2180,#982,.T.);
#2705=EDGE_CURVE('',#2182,#2181,#1843,.T.);
#2706=EDGE_CURVE('',#2183,#2182,#983,.T.);
#2707=EDGE_CURVE('',#2184,#2183,#984,.T.);
#2708=EDGE_CURVE('',#2185,#2184,#985,.T.);
#2709=EDGE_CURVE('',#2186,#2185,#986,.T.);
#2710=EDGE_CURVE('',#2187,#2186,#987,.T.);
#2711=EDGE_CURVE('',#1973,#2187,#1844,.T.);
#2712=EDGE_CURVE('',#2188,#2189,#988,.T.);
#2713=EDGE_CURVE('',#2190,#2188,#1845,.T.);
#2714=EDGE_CURVE('',#2191,#2190,#989,.T.);
#2715=EDGE_CURVE('',#2189,#2191,#1846,.T.);
#2716=EDGE_CURVE('',#1968,#2002,#990,.T.);
#2717=EDGE_CURVE('',#2003,#2187,#991,.T.);
#2718=EDGE_CURVE('',#2192,#2136,#992,.T.);
#2719=EDGE_CURVE('',#2192,#2193,#993,.T.);
#2720=EDGE_CURVE('',#2193,#2137,#994,.T.);
#2721=EDGE_CURVE('',#2194,#2138,#995,.T.);
#2722=EDGE_CURVE('',#2194,#1979,#996,.T.);
#2723=EDGE_CURVE('',#2126,#1969,#997,.T.);
#2724=EDGE_CURVE('',#2193,#2195,#998,.T.);
#2725=EDGE_CURVE('',#2196,#2192,#999,.T.);
#2726=EDGE_CURVE('',#2197,#2196,#1000,.T.);
#2727=EDGE_CURVE('',#2198,#2197,#1001,.T.);
#2728=EDGE_CURVE('',#2199,#2198,#1002,.T.);
#2729=EDGE_CURVE('',#2200,#2199,#1003,.T.);
#2730=EDGE_CURVE('',#2201,#2200,#1847,.T.);
#2731=EDGE_CURVE('',#2202,#2201,#1004,.T.);
#2732=EDGE_CURVE('',#1974,#2202,#1005,.T.);
#2733=EDGE_CURVE('',#2203,#2194,#1006,.T.);
#2734=EDGE_CURVE('',#2195,#2203,#1848,.T.);
#2735=EDGE_CURVE('',#2204,#2188,#1007,.T.);
#2736=EDGE_CURVE('',#2205,#2204,#1849,.T.);
#2737=EDGE_CURVE('',#2205,#2190,#1008,.T.);
#2738=EDGE_CURVE('',#2206,#2189,#1009,.T.);
#2739=EDGE_CURVE('',#2204,#2206,#1010,.T.);
#2740=EDGE_CURVE('',#1952,#2207,#1011,.T.);
#2741=EDGE_CURVE('',#2207,#1967,#1012,.T.);
#2742=EDGE_CURVE('',#2208,#2195,#1013,.T.);
#2743=EDGE_CURVE('',#2209,#2208,#1014,.T.);
#2744=EDGE_CURVE('',#2209,#2193,#1015,.T.);
#2745=EDGE_CURVE('',#2210,#2203,#1016,.T.);
#2746=EDGE_CURVE('',#2208,#2210,#1850,.T.);
#2747=EDGE_CURVE('',#2012,#2135,#1017,.T.);
#2748=EDGE_CURVE('',#2011,#2196,#1018,.T.);
#2749=EDGE_CURVE('',#2211,#2211,#1851,.T.);
#2750=EDGE_CURVE('',#2212,#2194,#1019,.T.);
#2751=EDGE_CURVE('',#2210,#2212,#1020,.T.);
#2752=EDGE_CURVE('',#2017,#2134,#1021,.T.);
#2753=EDGE_CURVE('',#2016,#2213,#1022,.T.);
#2754=EDGE_CURVE('',#2213,#2214,#1852,.T.);
#2755=EDGE_CURVE('',#2013,#2214,#1023,.T.);
#2756=EDGE_CURVE('',#2215,#2216,#23,.T.);
#2757=EDGE_CURVE('',#2014,#2215,#1024,.T.);
#2758=EDGE_CURVE('',#2214,#2217,#1853,.T.);
#2759=EDGE_CURVE('',#2218,#2217,#1025,.T.);
#2760=EDGE_CURVE('',#2219,#2218,#24,.T.);
#2761=EDGE_CURVE('',#2216,#2219,#1026,.T.);
#2762=EDGE_CURVE('',#2220,#2221,#25,.T.);
#2763=EDGE_CURVE('',#2015,#2220,#1027,.T.);
#2764=EDGE_CURVE('',#2222,#2215,#26,.T.);
#2765=EDGE_CURVE('',#2223,#2222,#1028,.T.);
#2766=EDGE_CURVE('',#2218,#2223,#27,.T.);
#2767=EDGE_CURVE('',#2217,#2224,#1854,.T.);
#2768=EDGE_CURVE('',#2225,#2224,#1029,.T.);
#2769=EDGE_CURVE('',#2226,#2225,#28,.T.);
#2770=EDGE_CURVE('',#2221,#2226,#1030,.T.);
#2771=EDGE_CURVE('',#2227,#2220,#29,.T.);
#2772=EDGE_CURVE('',#2228,#2227,#1031,.T.);
#2773=EDGE_CURVE('',#2225,#2228,#30,.T.);
#2774=EDGE_CURVE('',#2224,#2213,#1855,.T.);
#2775=EDGE_CURVE('',#2229,#2227,#1856,.T.);
#2776=EDGE_CURVE('',#2230,#2229,#1032,.T.);
#2777=EDGE_CURVE('',#2228,#2230,#1857,.T.);
#2778=EDGE_CURVE('',#2231,#2226,#1858,.T.);
#2779=EDGE_CURVE('',#2232,#2231,#1033,.T.);
#2780=EDGE_CURVE('',#2221,#2232,#1859,.T.);
#2781=EDGE_CURVE('',#2233,#2230,#1034,.T.);
#2782=EDGE_CURVE('',#2234,#2233,#1860,.T.);
#2783=EDGE_CURVE('',#2234,#2231,#1035,.T.);
#2784=EDGE_CURVE('',#2235,#2219,#1861,.T.);
#2785=EDGE_CURVE('',#2236,#2235,#1036,.T.);
#2786=EDGE_CURVE('',#2216,#2236,#1862,.T.);
#2787=EDGE_CURVE('',#2237,#2223,#1037,.T.);
#2788=EDGE_CURVE('',#2238,#2237,#1863,.T.);
#2789=EDGE_CURVE('',#2238,#2235,#1038,.T.);
#2790=EDGE_CURVE('',#1946,#2239,#1864,.T.);
#2791=EDGE_CURVE('',#2239,#1995,#1039,.T.);
#2792=EDGE_CURVE('',#2240,#1943,#1040,.T.);
#2793=EDGE_CURVE('',#2241,#2240,#1865,.T.);
#2794=EDGE_CURVE('',#2239,#2241,#1041,.T.);
#2795=EDGE_CURVE('',#2165,#2061,#1042,.T.);
#2796=EDGE_CURVE('',#2242,#2240,#1043,.T.);
#2797=EDGE_CURVE('',#2243,#2242,#1866,.T.);
#2798=EDGE_CURVE('',#2243,#2241,#1044,.T.);
#2799=EDGE_CURVE('',#2244,#2244,#1867,.T.);
#2800=EDGE_CURVE('',#2244,#2064,#1045,.T.);
#2801=EDGE_CURVE('',#2245,#2245,#1868,.T.);
#2802=EDGE_CURVE('',#2245,#2139,#1046,.T.);
#2803=EDGE_CURVE('',#2246,#2246,#1869,.T.);
#2804=EDGE_CURVE('',#2246,#2247,#1047,.T.);
#2805=EDGE_CURVE('',#2247,#2247,#1870,.T.);
#2806=EDGE_CURVE('',#2006,#2184,#1048,.T.);
#2807=EDGE_CURVE('',#2005,#2185,#1049,.T.);
#2808=EDGE_CURVE('',#1994,#2063,#1050,.T.);
#2809=EDGE_CURVE('',#2004,#2186,#1051,.T.);
#2810=EDGE_CURVE('',#2248,#2248,#1871,.T.);
#2811=EDGE_CURVE('',#2020,#2125,#1052,.T.);
#2812=EDGE_CURVE('',#2019,#2124,#1053,.T.);
#2813=EDGE_CURVE('',#2018,#2133,#1054,.T.);
#2814=EDGE_CURVE('',#2010,#2197,#1055,.T.);
#2815=EDGE_CURVE('',#2198,#2009,#1056,.T.);
#2816=EDGE_CURVE('',#2207,#2249,#1057,.T.);
#2817=EDGE_CURVE('',#2250,#1953,#1058,.T.);
#2818=EDGE_CURVE('',#2249,#2250,#1872,.T.);
#2819=EDGE_CURVE('',#2212,#2209,#1873,.T.);
#2820=EDGE_CURVE('',#2251,#2183,#1059,.T.);
#2821=EDGE_CURVE('',#2252,#2251,#1060,.T.);
#2822=EDGE_CURVE('',#2252,#2007,#1061,.T.);
#2823=EDGE_CURVE('',#2253,#2182,#1062,.T.);
#2824=EDGE_CURVE('',#2251,#2253,#1063,.T.);
#2825=EDGE_CURVE('',#2181,#2254,#1064,.T.);
#2826=EDGE_CURVE('',#2253,#2254,#1874,.T.);
#2827=EDGE_CURVE('',#2255,#2180,#1065,.T.);
#2828=EDGE_CURVE('',#2254,#2255,#1066,.T.);
#2829=EDGE_CURVE('',#2255,#1966,#1067,.T.);
#2830=EDGE_CURVE('',#2249,#2256,#1068,.T.);
#2831=EDGE_CURVE('',#2256,#1962,#1069,.T.);
#2832=EDGE_CURVE('',#2257,#2252,#1070,.T.);
#2833=EDGE_CURVE('',#2257,#2008,#1071,.T.);
#2834=EDGE_CURVE('',#2258,#2259,#1875,.T.);
#2835=EDGE_CURVE('',#2260,#2258,#1072,.T.);
#2836=EDGE_CURVE('',#2261,#2260,#1876,.T.);
#2837=EDGE_CURVE('',#2262,#2261,#1073,.T.);
#2838=EDGE_CURVE('',#2263,#2262,#1877,.T.);
#2839=EDGE_CURVE('',#2264,#2263,#1074,.T.);
#2840=EDGE_CURVE('',#2265,#2264,#1878,.T.);
#2841=EDGE_CURVE('',#2259,#2265,#1075,.T.);
#2842=EDGE_CURVE('',#2250,#2266,#1076,.T.);
#2843=EDGE_CURVE('',#2256,#2266,#1879,.T.);
#2844=EDGE_CURVE('',#2127,#2267,#1077,.T.);
#2845=EDGE_CURVE('',#2168,#2267,#1880,.T.);
#2846=EDGE_CURVE('',#2268,#1957,#1078,.T.);
#2847=EDGE_CURVE('',#2164,#2268,#1079,.T.);
#2848=EDGE_CURVE('',#2269,#2163,#1080,.T.);
#2849=EDGE_CURVE('',#2269,#2266,#1081,.T.);
#2850=EDGE_CURVE('',#2270,#2269,#1082,.T.);
#2851=EDGE_CURVE('',#1962,#2270,#1083,.T.);
#2852=EDGE_CURVE('',#2271,#2270,#1084,.T.);
#2853=EDGE_CURVE('',#1963,#2271,#1085,.T.);
#2854=EDGE_CURVE('',#2170,#2272,#1086,.T.);
#2855=EDGE_CURVE('',#2169,#2273,#1087,.T.);
#2856=EDGE_CURVE('',#2272,#2273,#1088,.T.);
#2857=EDGE_CURVE('',#2273,#2267,#1089,.T.);
#2858=EDGE_CURVE('',#2274,#2160,#1090,.T.);
#2859=EDGE_CURVE('',#2275,#2274,#1091,.T.);
#2860=EDGE_CURVE('',#2275,#2161,#1092,.T.);
#2861=EDGE_CURVE('',#2276,#2275,#1881,.T.);
#2862=EDGE_CURVE('',#2276,#2162,#1093,.T.);
#2863=EDGE_CURVE('',#2271,#2276,#1094,.T.);
#2864=EDGE_CURVE('',#2277,#2156,#1095,.T.);
#2865=EDGE_CURVE('',#2278,#2277,#1096,.T.);
#2866=EDGE_CURVE('',#2278,#2157,#1097,.T.);
#2867=EDGE_CURVE('',#2158,#2279,#1098,.T.);
#2868=EDGE_CURVE('',#2279,#2278,#1882,.T.);
#2869=EDGE_CURVE('',#2280,#2159,#1099,.T.);
#2870=EDGE_CURVE('',#2274,#2280,#1100,.T.);
#2871=EDGE_CURVE('',#2280,#2279,#1101,.T.);
#2872=EDGE_CURVE('',#2121,#2281,#1102,.T.);
#2873=EDGE_CURVE('',#2281,#2171,#1103,.T.);
#2874=EDGE_CURVE('',#2272,#1978,#1104,.T.);
#2875=EDGE_CURVE('',#2282,#1977,#1105,.T.);
#2876=EDGE_CURVE('',#2283,#2282,#1883,.T.);
#2877=EDGE_CURVE('',#2118,#2283,#1106,.T.);
#2878=EDGE_CURVE('',#2087,#2086,#1107,.T.);
#2879=EDGE_CURVE('',#2284,#2091,#1108,.T.);
#2880=EDGE_CURVE('',#2285,#2284,#1884,.T.);
#2881=EDGE_CURVE('',#2286,#2285,#1109,.T.);
#2882=EDGE_CURVE('',#2287,#2286,#1885,.T.);
#2883=EDGE_CURVE('',#2288,#2287,#1110,.T.);
#2884=EDGE_CURVE('',#2289,#2288,#1886,.T.);
#2885=EDGE_CURVE('',#1964,#2289,#1111,.T.);
#2886=EDGE_CURVE('',#2277,#2290,#1112,.T.);
#2887=EDGE_CURVE('',#2290,#2291,#1113,.T.);
#2888=EDGE_CURVE('',#2291,#2114,#1114,.T.);
#2889=EDGE_CURVE('',#2111,#2268,#1115,.T.);
#2890=EDGE_CURVE('',#1956,#1945,#1116,.T.);
#2891=EDGE_CURVE('',#2292,#2243,#1117,.T.);
#2892=EDGE_CURVE('',#2242,#2293,#1118,.T.);
#2893=EDGE_CURVE('',#2293,#2294,#1887,.T.);
#2894=EDGE_CURVE('',#2294,#2295,#1119,.T.);
#2895=EDGE_CURVE('',#2295,#2296,#1888,.T.);
#2896=EDGE_CURVE('',#2296,#2297,#1120,.T.);
#2897=EDGE_CURVE('',#2297,#2292,#1889,.T.);
#2898=EDGE_CURVE('',#2057,#2281,#1121,.T.);
#2899=EDGE_CURVE('',#2298,#2298,#1890,.T.);
#2900=EDGE_CURVE('',#2299,#2300,#1122,.T.);
#2901=EDGE_CURVE('',#2300,#2301,#1891,.T.);
#2902=EDGE_CURVE('',#2301,#2302,#1123,.T.);
#2903=EDGE_CURVE('',#2302,#2299,#1892,.T.);
#2904=EDGE_CURVE('',#2154,#2291,#1124,.T.);
#2905=EDGE_CURVE('',#2290,#2155,#1125,.T.);
#2906=EDGE_CURVE('',#2293,#2001,#1126,.T.);
#2907=EDGE_CURVE('',#2303,#2289,#1127,.T.);
#2908=EDGE_CURVE('',#1965,#2303,#1128,.T.);
#2909=EDGE_CURVE('',#2304,#1976,#1129,.T.);
#2910=EDGE_CURVE('',#2304,#2282,#1130,.T.);
#2911=EDGE_CURVE('',#2295,#1999,#1131,.T.);
#2912=EDGE_CURVE('',#2294,#2000,#1132,.T.);
#2913=EDGE_CURVE('',#2292,#1996,#1133,.T.);
#2914=EDGE_CURVE('',#2297,#1997,#1134,.T.);
#2915=EDGE_CURVE('',#2296,#1998,#1135,.T.);
#2916=EDGE_CURVE('',#2305,#2202,#1136,.T.);
#2917=EDGE_CURVE('',#1975,#2305,#1137,.T.);
#2918=EDGE_CURVE('',#2306,#2257,#1138,.T.);
#2919=EDGE_CURVE('',#2199,#2306,#1139,.T.);
#2920=EDGE_CURVE('',#2201,#2307,#1140,.T.);
#2921=EDGE_CURVE('',#2305,#2307,#1141,.T.);
#2922=EDGE_CURVE('',#2308,#2309,#1893,.T.);
#2923=EDGE_CURVE('',#2310,#2308,#1142,.T.);
#2924=EDGE_CURVE('',#2311,#2310,#1894,.T.);
#2925=EDGE_CURVE('',#2312,#2311,#1143,.T.);
#2926=EDGE_CURVE('',#2313,#2312,#1895,.T.);
#2927=EDGE_CURVE('',#2314,#2313,#1144,.T.);
#2928=EDGE_CURVE('',#2315,#2314,#1896,.T.);
#2929=EDGE_CURVE('',#2309,#2315,#1145,.T.);
#2930=EDGE_CURVE('',#2303,#2316,#1897,.T.);
#2931=EDGE_CURVE('',#2316,#2317,#1146,.T.);
#2932=EDGE_CURVE('',#2317,#2318,#1898,.T.);
#2933=EDGE_CURVE('',#2318,#2319,#1147,.T.);
#2934=EDGE_CURVE('',#2319,#2320,#1899,.T.);
#2935=EDGE_CURVE('',#2320,#2321,#1148,.T.);
#2936=EDGE_CURVE('',#2321,#2304,#1900,.T.);
#2937=EDGE_CURVE('',#2307,#2322,#1901,.T.);
#2938=EDGE_CURVE('',#2322,#2306,#1149,.T.);
#2939=EDGE_CURVE('',#2206,#2323,#1902,.T.);
#2940=EDGE_CURVE('',#2323,#2205,#1150,.T.);
#2941=EDGE_CURVE('',#2322,#2200,#1151,.T.);
#2942=EDGE_CURVE('',#2324,#2262,#1152,.T.);
#2943=EDGE_CURVE('',#2325,#2324,#1903,.T.);
#2944=EDGE_CURVE('',#2325,#2263,#1153,.T.);
#2945=EDGE_CURVE('',#2326,#2261,#1154,.T.);
#2946=EDGE_CURVE('',#2324,#2326,#1155,.T.);
#2947=EDGE_CURVE('',#2327,#2260,#1156,.T.);
#2948=EDGE_CURVE('',#2326,#2327,#1904,.T.);
#2949=EDGE_CURVE('',#2328,#2258,#1157,.T.);
#2950=EDGE_CURVE('',#2327,#2328,#1158,.T.);
#2951=EDGE_CURVE('',#2323,#2191,#1159,.T.);
#2952=EDGE_CURVE('',#2329,#2330,#1160,.T.);
#2953=EDGE_CURVE('',#2329,#2300,#1161,.T.);
#2954=EDGE_CURVE('',#2330,#2299,#1162,.T.);
#2955=EDGE_CURVE('',#2331,#2329,#1905,.T.);
#2956=EDGE_CURVE('',#2331,#2301,#1163,.T.);
#2957=EDGE_CURVE('',#2332,#2331,#1164,.T.);
#2958=EDGE_CURVE('',#2332,#2302,#1165,.T.);
#2959=EDGE_CURVE('',#2330,#2332,#1906,.T.);
#2960=EDGE_CURVE('',#2333,#2333,#1907,.T.);
#2961=EDGE_CURVE('',#2333,#2298,#1166,.T.);
#2962=EDGE_CURVE('',#2334,#2234,#1167,.T.);
#2963=EDGE_CURVE('',#2334,#2232,#1168,.T.);
#2964=EDGE_CURVE('',#2335,#2334,#1908,.T.);
#2965=EDGE_CURVE('',#2335,#2229,#1169,.T.);
#2966=EDGE_CURVE('',#2233,#2335,#1170,.T.);
#2967=EDGE_CURVE('',#2336,#2336,#1909,.T.);
#2968=EDGE_CURVE('',#2336,#2211,#1171,.T.);
#2969=EDGE_CURVE('',#2237,#2337,#1172,.T.);
#2970=EDGE_CURVE('',#2337,#2222,#1173,.T.);
#2971=EDGE_CURVE('',#2338,#2238,#1174,.T.);
#2972=EDGE_CURVE('',#2338,#2236,#1175,.T.);
#2973=EDGE_CURVE('',#2337,#2338,#1910,.T.);
#2974=EDGE_CURVE('',#2339,#2339,#1911,.T.);
#2975=EDGE_CURVE('',#2339,#2248,#1176,.T.);
#2976=EDGE_CURVE('',#2340,#2259,#1177,.T.);
#2977=EDGE_CURVE('',#2328,#2340,#1912,.T.);
#2978=EDGE_CURVE('',#2341,#2325,#1178,.T.);
#2979=EDGE_CURVE('',#2341,#2264,#1179,.T.);
#2980=EDGE_CURVE('',#2342,#2341,#1913,.T.);
#2981=EDGE_CURVE('',#2342,#2265,#1180,.T.);
#2982=EDGE_CURVE('',#2340,#2342,#1181,.T.);
#2983=EDGE_CURVE('',#2101,#2343,#1182,.T.);
#2984=EDGE_CURVE('',#2344,#2103,#1183,.T.);
#2985=EDGE_CURVE('',#2344,#2343,#1184,.T.);
#2986=EDGE_CURVE('',#2090,#2343,#1914,.T.);
#2987=EDGE_CURVE('',#2104,#2344,#1915,.T.);
#2988=EDGE_CURVE('',#2098,#2345,#1185,.T.);
#2989=EDGE_CURVE('',#2346,#2099,#1186,.T.);
#2990=EDGE_CURVE('',#2346,#2345,#1187,.T.);
#2991=EDGE_CURVE('',#2072,#2345,#1916,.T.);
#2992=EDGE_CURVE('',#2073,#2346,#1917,.T.);
#2993=EDGE_CURVE('',#2347,#2348,#1188,.T.);
#2994=EDGE_CURVE('',#2348,#2349,#1189,.T.);
#2995=EDGE_CURVE('',#2349,#2350,#1190,.T.);
#2996=EDGE_CURVE('',#2350,#2347,#1191,.T.);
#2997=EDGE_CURVE('',#2347,#2351,#1918,.T.);
#2998=EDGE_CURVE('',#2351,#2352,#1192,.T.);
#2999=EDGE_CURVE('',#2352,#2348,#1919,.T.);
#3000=EDGE_CURVE('',#2353,#2354,#1193,.T.);
#3001=EDGE_CURVE('',#2354,#2352,#1194,.T.);
#3002=EDGE_CURVE('',#2351,#2353,#1195,.T.);
#3003=EDGE_CURVE('',#2353,#2355,#1920,.T.);
#3004=EDGE_CURVE('',#2355,#2356,#1196,.T.);
#3005=EDGE_CURVE('',#2356,#2354,#1921,.T.);
#3006=EDGE_CURVE('',#2357,#2358,#1197,.T.);
#3007=EDGE_CURVE('',#2358,#2356,#1198,.T.);
#3008=EDGE_CURVE('',#2355,#2357,#1199,.T.);
#3009=EDGE_CURVE('',#2357,#2359,#1922,.T.);
#3010=EDGE_CURVE('',#2359,#2360,#1200,.T.);
#3011=EDGE_CURVE('',#2360,#2358,#1923,.T.);
#3012=EDGE_CURVE('',#2361,#2362,#1201,.T.);
#3013=EDGE_CURVE('',#2362,#2360,#1202,.T.);
#3014=EDGE_CURVE('',#2359,#2361,#1203,.T.);
#3015=EDGE_CURVE('',#2361,#2350,#1924,.T.);
#3016=EDGE_CURVE('',#2349,#2362,#1925,.T.);
#3017=EDGE_CURVE('',#2353,#2363,#1204,.T.);
#3018=EDGE_CURVE('',#2364,#2363,#1926,.T.);
#3019=EDGE_CURVE('',#2355,#2364,#1205,.T.);
#3020=EDGE_CURVE('',#2351,#2365,#1206,.T.);
#3021=EDGE_CURVE('',#2363,#2365,#1207,.T.);
#3022=EDGE_CURVE('',#2347,#2366,#1208,.T.);
#3023=EDGE_CURVE('',#2365,#2366,#1927,.T.);
#3024=EDGE_CURVE('',#2350,#2367,#1209,.T.);
#3025=EDGE_CURVE('',#2366,#2367,#1210,.T.);
#3026=EDGE_CURVE('',#2368,#2369,#1211,.T.);
#3027=EDGE_CURVE('',#2369,#2370,#1928,.T.);
#3028=EDGE_CURVE('',#2370,#2371,#1212,.T.);
#3029=EDGE_CURVE('',#2371,#2372,#1929,.T.);
#3030=EDGE_CURVE('',#2372,#2373,#1213,.T.);
#3031=EDGE_CURVE('',#2373,#2374,#1930,.T.);
#3032=EDGE_CURVE('',#2374,#2375,#1214,.T.);
#3033=EDGE_CURVE('',#2375,#2368,#1931,.T.);
#3034=EDGE_CURVE('',#2367,#2376,#1215,.T.);
#3035=EDGE_CURVE('',#2376,#2377,#1216,.T.);
#3036=EDGE_CURVE('',#2377,#2366,#1217,.T.);
#3037=EDGE_CURVE('',#2378,#2379,#1218,.T.);
#3038=EDGE_CURVE('',#2379,#2376,#1932,.T.);
#3039=EDGE_CURVE('',#2367,#2378,#1933,.T.);
#3040=EDGE_CURVE('',#2380,#2381,#1219,.T.);
#3041=EDGE_CURVE('',#2381,#2379,#1220,.T.);
#3042=EDGE_CURVE('',#2378,#2380,#1221,.T.);
#3043=EDGE_CURVE('',#2382,#2383,#1222,.T.);
#3044=EDGE_CURVE('',#2383,#2381,#1934,.T.);
#3045=EDGE_CURVE('',#2380,#2382,#1935,.T.);
#3046=EDGE_CURVE('',#2364,#2384,#1223,.T.);
#3047=EDGE_CURVE('',#2384,#2383,#1224,.T.);
#3048=EDGE_CURVE('',#2382,#2364,#1225,.T.);
#3049=EDGE_CURVE('',#2363,#2385,#1226,.T.);
#3050=EDGE_CURVE('',#2385,#2384,#1936,.T.);
#3051=EDGE_CURVE('',#2365,#2386,#1227,.T.);
#3052=EDGE_CURVE('',#2386,#2385,#1228,.T.);
#3053=EDGE_CURVE('',#2377,#2386,#1937,.T.);
#3054=EDGE_CURVE('',#2357,#2382,#1229,.T.);
#3055=EDGE_CURVE('',#2359,#2380,#1230,.T.);
#3056=EDGE_CURVE('',#2361,#2378,#1231,.T.);
#3057=EDGE_CURVE('',#2387,#2388,#1232,.T.);
#3058=EDGE_CURVE('',#2388,#2389,#1938,.T.);
#3059=EDGE_CURVE('',#2389,#2390,#1233,.T.);
#3060=EDGE_CURVE('',#2390,#2391,#1939,.T.);
#3061=EDGE_CURVE('',#2391,#2392,#1234,.T.);
#3062=EDGE_CURVE('',#2392,#2393,#1940,.T.);
#3063=EDGE_CURVE('',#2393,#2394,#1235,.T.);
#3064=EDGE_CURVE('',#2394,#2387,#1941,.T.);
#3065=EDGE_CURVE('',#2316,#2288,#1236,.T.);
#3066=EDGE_CURVE('',#2317,#2287,#1237,.T.);
#3067=EDGE_CURVE('',#2321,#2283,#1238,.T.);
#3068=EDGE_CURVE('',#2320,#2284,#1239,.T.);
#3069=EDGE_CURVE('',#2319,#2285,#1240,.T.);
#3070=EDGE_CURVE('',#2318,#2286,#1241,.T.);
#3071=EDGE_CURVE('',#2368,#1988,#1242,.T.);
#3072=EDGE_CURVE('',#2369,#1986,#1243,.T.);
#3073=EDGE_CURVE('',#2375,#1989,#1244,.T.);
#3074=EDGE_CURVE('',#2374,#1990,#1245,.T.);
#3075=EDGE_CURVE('',#2373,#1991,#1246,.T.);
#3076=EDGE_CURVE('',#2372,#1992,#1247,.T.);
#3077=EDGE_CURVE('',#2371,#1993,#1248,.T.);
#3078=EDGE_CURVE('',#2370,#1987,#1249,.T.);
#3079=EDGE_CURVE('',#2387,#2310,#1250,.T.);
#3080=EDGE_CURVE('',#2388,#2308,#1251,.T.);
#3081=EDGE_CURVE('',#2394,#2311,#1252,.T.);
#3082=EDGE_CURVE('',#2393,#2312,#1253,.T.);
#3083=EDGE_CURVE('',#2392,#2313,#1254,.T.);
#3084=EDGE_CURVE('',#2391,#2314,#1255,.T.);
#3085=EDGE_CURVE('',#2390,#2315,#1256,.T.);
#3086=EDGE_CURVE('',#2389,#2309,#1257,.T.);
#3087=ORIENTED_EDGE('',*,*,#2395,.F.);
#3088=ORIENTED_EDGE('',*,*,#2396,.T.);
#3089=ORIENTED_EDGE('',*,*,#2397,.T.);
#3090=ORIENTED_EDGE('',*,*,#2398,.T.);
#3091=ORIENTED_EDGE('',*,*,#2396,.F.);
#3092=ORIENTED_EDGE('',*,*,#2399,.T.);
#3093=ORIENTED_EDGE('',*,*,#2400,.T.);
#3094=ORIENTED_EDGE('',*,*,#2401,.F.);
#3095=ORIENTED_EDGE('',*,*,#2402,.T.);
#3096=ORIENTED_EDGE('',*,*,#2403,.T.);
#3097=ORIENTED_EDGE('',*,*,#2404,.T.);
#3098=ORIENTED_EDGE('',*,*,#2405,.F.);
#3099=ORIENTED_EDGE('',*,*,#2406,.F.);
#3100=ORIENTED_EDGE('',*,*,#2407,.T.);
#3101=ORIENTED_EDGE('',*,*,#2408,.F.);
#3102=ORIENTED_EDGE('',*,*,#2409,.T.);
#3103=ORIENTED_EDGE('',*,*,#2410,.T.);
#3104=ORIENTED_EDGE('',*,*,#2411,.T.);
#3105=ORIENTED_EDGE('',*,*,#2412,.F.);
#3106=ORIENTED_EDGE('',*,*,#2413,.T.);
#3107=ORIENTED_EDGE('',*,*,#2414,.T.);
#3108=ORIENTED_EDGE('',*,*,#2415,.T.);
#3109=ORIENTED_EDGE('',*,*,#2416,.T.);
#3110=ORIENTED_EDGE('',*,*,#2417,.F.);
#3111=ORIENTED_EDGE('',*,*,#2418,.F.);
#3112=ORIENTED_EDGE('',*,*,#2419,.F.);
#3113=ORIENTED_EDGE('',*,*,#2420,.T.);
#3114=ORIENTED_EDGE('',*,*,#2421,.F.);
#3115=ORIENTED_EDGE('',*,*,#2422,.F.);
#3116=ORIENTED_EDGE('',*,*,#2414,.F.);
#3117=ORIENTED_EDGE('',*,*,#2423,.F.);
#3118=ORIENTED_EDGE('',*,*,#2424,.F.);
#3119=ORIENTED_EDGE('',*,*,#2425,.F.);
#3120=ORIENTED_EDGE('',*,*,#2426,.F.);
#3121=ORIENTED_EDGE('',*,*,#2427,.F.);
#3122=ORIENTED_EDGE('',*,*,#2428,.T.);
#3123=ORIENTED_EDGE('',*,*,#2429,.T.);
#3124=ORIENTED_EDGE('',*,*,#2423,.T.);
#3125=ORIENTED_EDGE('',*,*,#2413,.F.);
#3126=ORIENTED_EDGE('',*,*,#2427,.T.);
#3127=ORIENTED_EDGE('',*,*,#2430,.F.);
#3128=ORIENTED_EDGE('',*,*,#2431,.F.);
#3129=ORIENTED_EDGE('',*,*,#2432,.F.);
#3130=ORIENTED_EDGE('',*,*,#2433,.F.);
#3131=ORIENTED_EDGE('',*,*,#2434,.F.);
#3132=ORIENTED_EDGE('',*,*,#2435,.F.);
#3133=ORIENTED_EDGE('',*,*,#2426,.T.);
#3134=ORIENTED_EDGE('',*,*,#2436,.F.);
#3135=ORIENTED_EDGE('',*,*,#2437,.T.);
#3136=ORIENTED_EDGE('',*,*,#2430,.T.);
#3137=ORIENTED_EDGE('',*,*,#2438,.T.);
#3138=ORIENTED_EDGE('',*,*,#2439,.T.);
#3139=ORIENTED_EDGE('',*,*,#2440,.T.);
#3140=ORIENTED_EDGE('',*,*,#2441,.T.);
#3141=ORIENTED_EDGE('',*,*,#2439,.F.);
#3142=ORIENTED_EDGE('',*,*,#2442,.F.);
#3143=ORIENTED_EDGE('',*,*,#2443,.T.);
#3144=ORIENTED_EDGE('',*,*,#2444,.T.);
#3145=ORIENTED_EDGE('',*,*,#2445,.F.);
#3146=ORIENTED_EDGE('',*,*,#2446,.F.);
#3147=ORIENTED_EDGE('',*,*,#2447,.F.);
#3148=ORIENTED_EDGE('',*,*,#2448,.F.);
#3149=ORIENTED_EDGE('',*,*,#2449,.F.);
#3150=ORIENTED_EDGE('',*,*,#2450,.F.);
#3151=ORIENTED_EDGE('',*,*,#2451,.F.);
#3152=ORIENTED_EDGE('',*,*,#2452,.F.);
#3153=ORIENTED_EDGE('',*,*,#2438,.F.);
#3154=ORIENTED_EDGE('',*,*,#2453,.T.);
#3155=ORIENTED_EDGE('',*,*,#2454,.T.);
#3156=ORIENTED_EDGE('',*,*,#2401,.T.);
#3157=ORIENTED_EDGE('',*,*,#2455,.T.);
#3158=ORIENTED_EDGE('',*,*,#2456,.T.);
#3159=ORIENTED_EDGE('',*,*,#2457,.T.);
#3160=ORIENTED_EDGE('',*,*,#2458,.T.);
#3161=ORIENTED_EDGE('',*,*,#2459,.T.);
#3162=ORIENTED_EDGE('',*,*,#2460,.T.);
#3163=ORIENTED_EDGE('',*,*,#2461,.T.);
#3164=ORIENTED_EDGE('',*,*,#2462,.T.);
#3165=ORIENTED_EDGE('',*,*,#2408,.T.);
#3166=ORIENTED_EDGE('',*,*,#2463,.T.);
#3167=ORIENTED_EDGE('',*,*,#2464,.T.);
#3168=ORIENTED_EDGE('',*,*,#2465,.T.);
#3169=ORIENTED_EDGE('',*,*,#2466,.T.);
#3170=ORIENTED_EDGE('',*,*,#2467,.T.);
#3171=ORIENTED_EDGE('',*,*,#2468,.T.);
#3172=ORIENTED_EDGE('',*,*,#2469,.T.);
#3173=ORIENTED_EDGE('',*,*,#2470,.T.);
#3174=ORIENTED_EDGE('',*,*,#2471,.T.);
#3175=ORIENTED_EDGE('',*,*,#2472,.T.);
#3176=ORIENTED_EDGE('',*,*,#2473,.T.);
#3177=ORIENTED_EDGE('',*,*,#2474,.T.);
#3178=ORIENTED_EDGE('',*,*,#2475,.T.);
#3179=ORIENTED_EDGE('',*,*,#2476,.T.);
#3180=ORIENTED_EDGE('',*,*,#2477,.T.);
#3181=ORIENTED_EDGE('',*,*,#2478,.T.);
#3182=ORIENTED_EDGE('',*,*,#2479,.T.);
#3183=ORIENTED_EDGE('',*,*,#2480,.T.);
#3184=ORIENTED_EDGE('',*,*,#2481,.T.);
#3185=ORIENTED_EDGE('',*,*,#2482,.T.);
#3186=ORIENTED_EDGE('',*,*,#2483,.T.);
#3187=ORIENTED_EDGE('',*,*,#2484,.T.);
#3188=ORIENTED_EDGE('',*,*,#2485,.T.);
#3189=ORIENTED_EDGE('',*,*,#2486,.T.);
#3190=ORIENTED_EDGE('',*,*,#2487,.T.);
#3191=ORIENTED_EDGE('',*,*,#2488,.T.);
#3192=ORIENTED_EDGE('',*,*,#2489,.T.);
#3193=ORIENTED_EDGE('',*,*,#2490,.F.);
#3194=ORIENTED_EDGE('',*,*,#2491,.F.);
#3195=ORIENTED_EDGE('',*,*,#2442,.T.);
#3196=ORIENTED_EDGE('',*,*,#2443,.F.);
#3197=ORIENTED_EDGE('',*,*,#2491,.T.);
#3198=ORIENTED_EDGE('',*,*,#2492,.F.);
#3199=ORIENTED_EDGE('',*,*,#2493,.F.);
#3200=ORIENTED_EDGE('',*,*,#2494,.T.);
#3201=ORIENTED_EDGE('',*,*,#2495,.T.);
#3202=ORIENTED_EDGE('',*,*,#2496,.F.);
#3203=ORIENTED_EDGE('',*,*,#2492,.T.);
#3204=ORIENTED_EDGE('',*,*,#2490,.T.);
#3205=ORIENTED_EDGE('',*,*,#2497,.F.);
#3206=ORIENTED_EDGE('',*,*,#2497,.T.);
#3207=ORIENTED_EDGE('',*,*,#2489,.F.);
#3208=ORIENTED_EDGE('',*,*,#2498,.T.);
#3209=ORIENTED_EDGE('',*,*,#2499,.T.);
#3210=ORIENTED_EDGE('',*,*,#2500,.T.);
#3211=ORIENTED_EDGE('',*,*,#2493,.T.);
#3212=ORIENTED_EDGE('',*,*,#2496,.T.);
#3213=ORIENTED_EDGE('',*,*,#2501,.T.);
#3214=ORIENTED_EDGE('',*,*,#2502,.T.);
#3215=ORIENTED_EDGE('',*,*,#2503,.T.);
#3216=ORIENTED_EDGE('',*,*,#2504,.T.);
#3217=ORIENTED_EDGE('',*,*,#2505,.T.);
#3218=ORIENTED_EDGE('',*,*,#2506,.T.);
#3219=ORIENTED_EDGE('',*,*,#2507,.F.);
#3220=ORIENTED_EDGE('',*,*,#2508,.F.);
#3221=ORIENTED_EDGE('',*,*,#2509,.F.);
#3222=ORIENTED_EDGE('',*,*,#2510,.T.);
#3223=ORIENTED_EDGE('',*,*,#2511,.T.);
#3224=ORIENTED_EDGE('',*,*,#2512,.T.);
#3225=ORIENTED_EDGE('',*,*,#2513,.T.);
#3226=ORIENTED_EDGE('',*,*,#2514,.T.);
#3227=ORIENTED_EDGE('',*,*,#2515,.T.);
#3228=ORIENTED_EDGE('',*,*,#2516,.T.);
#3229=ORIENTED_EDGE('',*,*,#2517,.T.);
#3230=ORIENTED_EDGE('',*,*,#2518,.T.);
#3231=ORIENTED_EDGE('',*,*,#2519,.T.);
#3232=ORIENTED_EDGE('',*,*,#2520,.F.);
#3233=ORIENTED_EDGE('',*,*,#2521,.F.);
#3234=ORIENTED_EDGE('',*,*,#2522,.T.);
#3235=ORIENTED_EDGE('',*,*,#2523,.T.);
#3236=ORIENTED_EDGE('',*,*,#2524,.T.);
#3237=ORIENTED_EDGE('',*,*,#2525,.F.);
#3238=ORIENTED_EDGE('',*,*,#2526,.F.);
#3239=ORIENTED_EDGE('',*,*,#2527,.F.);
#3240=ORIENTED_EDGE('',*,*,#2528,.F.);
#3241=ORIENTED_EDGE('',*,*,#2403,.F.);
#3242=ORIENTED_EDGE('',*,*,#2529,.F.);
#3243=ORIENTED_EDGE('',*,*,#2530,.F.);
#3244=ORIENTED_EDGE('',*,*,#2440,.F.);
#3245=ORIENTED_EDGE('',*,*,#2444,.F.);
#3246=ORIENTED_EDGE('',*,*,#2531,.T.);
#3247=ORIENTED_EDGE('',*,*,#2532,.F.);
#3248=ORIENTED_EDGE('',*,*,#2533,.F.);
#3249=ORIENTED_EDGE('',*,*,#2534,.F.);
#3250=ORIENTED_EDGE('',*,*,#2516,.F.);
#3251=ORIENTED_EDGE('',*,*,#2535,.F.);
#3252=ORIENTED_EDGE('',*,*,#2536,.F.);
#3253=ORIENTED_EDGE('',*,*,#2537,.F.);
#3254=ORIENTED_EDGE('',*,*,#2538,.F.);
#3255=ORIENTED_EDGE('',*,*,#2539,.F.);
#3256=ORIENTED_EDGE('',*,*,#2540,.F.);
#3257=ORIENTED_EDGE('',*,*,#2541,.F.);
#3258=ORIENTED_EDGE('',*,*,#2542,.T.);
#3259=ORIENTED_EDGE('',*,*,#2543,.F.);
#3260=ORIENTED_EDGE('',*,*,#2544,.F.);
#3261=ORIENTED_EDGE('',*,*,#2545,.F.);
#3262=ORIENTED_EDGE('',*,*,#2534,.T.);
#3263=ORIENTED_EDGE('',*,*,#2546,.F.);
#3264=ORIENTED_EDGE('',*,*,#2547,.T.);
#3265=ORIENTED_EDGE('',*,*,#2517,.F.);
#3266=ORIENTED_EDGE('',*,*,#2548,.F.);
#3267=ORIENTED_EDGE('',*,*,#2501,.F.);
#3268=ORIENTED_EDGE('',*,*,#2495,.F.);
#3269=ORIENTED_EDGE('',*,*,#2549,.F.);
#3270=ORIENTED_EDGE('',*,*,#2550,.F.);
#3271=ORIENTED_EDGE('',*,*,#2551,.F.);
#3272=ORIENTED_EDGE('',*,*,#2552,.F.);
#3273=ORIENTED_EDGE('',*,*,#2553,.F.);
#3274=ORIENTED_EDGE('',*,*,#2554,.F.);
#3275=ORIENTED_EDGE('',*,*,#2505,.F.);
#3276=ORIENTED_EDGE('',*,*,#2511,.F.);
#3277=ORIENTED_EDGE('',*,*,#2555,.F.);
#3278=ORIENTED_EDGE('',*,*,#2556,.F.);
#3279=ORIENTED_EDGE('',*,*,#2557,.F.);
#3280=ORIENTED_EDGE('',*,*,#2510,.F.);
#3281=ORIENTED_EDGE('',*,*,#2558,.F.);
#3282=ORIENTED_EDGE('',*,*,#2544,.T.);
#3283=ORIENTED_EDGE('',*,*,#2559,.F.);
#3284=ORIENTED_EDGE('',*,*,#2560,.F.);
#3285=ORIENTED_EDGE('',*,*,#2555,.T.);
#3286=ORIENTED_EDGE('',*,*,#2506,.F.);
#3287=ORIENTED_EDGE('',*,*,#2554,.T.);
#3288=ORIENTED_EDGE('',*,*,#2561,.F.);
#3289=ORIENTED_EDGE('',*,*,#2562,.T.);
#3290=ORIENTED_EDGE('',*,*,#2563,.T.);
#3291=ORIENTED_EDGE('',*,*,#2564,.F.);
#3292=ORIENTED_EDGE('',*,*,#2565,.T.);
#3293=ORIENTED_EDGE('',*,*,#2499,.F.);
#3294=ORIENTED_EDGE('',*,*,#2566,.F.);
#3295=ORIENTED_EDGE('',*,*,#2563,.F.);
#3296=ORIENTED_EDGE('',*,*,#2567,.F.);
#3297=ORIENTED_EDGE('',*,*,#2568,.F.);
#3298=ORIENTED_EDGE('',*,*,#2550,.T.);
#3299=ORIENTED_EDGE('',*,*,#2569,.T.);
#3300=ORIENTED_EDGE('',*,*,#2570,.F.);
#3301=ORIENTED_EDGE('',*,*,#2571,.F.);
#3302=ORIENTED_EDGE('',*,*,#2572,.F.);
#3303=ORIENTED_EDGE('',*,*,#2573,.F.);
#3304=ORIENTED_EDGE('',*,*,#2569,.F.);
#3305=ORIENTED_EDGE('',*,*,#2549,.T.);
#3306=ORIENTED_EDGE('',*,*,#2494,.F.);
#3307=ORIENTED_EDGE('',*,*,#2574,.T.);
#3308=ORIENTED_EDGE('',*,*,#2575,.T.);
#3309=ORIENTED_EDGE('',*,*,#2557,.T.);
#3310=ORIENTED_EDGE('',*,*,#2576,.F.);
#3311=ORIENTED_EDGE('',*,*,#2577,.T.);
#3312=ORIENTED_EDGE('',*,*,#2512,.F.);
#3313=ORIENTED_EDGE('',*,*,#2578,.T.);
#3314=ORIENTED_EDGE('',*,*,#2542,.F.);
#3315=ORIENTED_EDGE('',*,*,#2579,.F.);
#3316=ORIENTED_EDGE('',*,*,#2580,.T.);
#3317=ORIENTED_EDGE('',*,*,#2581,.T.);
#3318=ORIENTED_EDGE('',*,*,#2537,.T.);
#3319=ORIENTED_EDGE('',*,*,#2582,.F.);
#3320=ORIENTED_EDGE('',*,*,#2483,.F.);
#3321=ORIENTED_EDGE('',*,*,#2583,.T.);
#3322=ORIENTED_EDGE('',*,*,#2520,.T.);
#3323=ORIENTED_EDGE('',*,*,#2552,.T.);
#3324=ORIENTED_EDGE('',*,*,#2504,.F.);
#3325=ORIENTED_EDGE('',*,*,#2584,.F.);
#3326=ORIENTED_EDGE('',*,*,#2585,.F.);
#3327=ORIENTED_EDGE('',*,*,#2586,.T.);
#3328=ORIENTED_EDGE('',*,*,#2587,.F.);
#3329=ORIENTED_EDGE('',*,*,#2588,.F.);
#3330=ORIENTED_EDGE('',*,*,#2589,.T.);
#3331=ORIENTED_EDGE('',*,*,#2590,.F.);
#3332=ORIENTED_EDGE('',*,*,#2591,.F.);
#3333=ORIENTED_EDGE('',*,*,#2587,.T.);
#3334=ORIENTED_EDGE('',*,*,#2572,.T.);
#3335=ORIENTED_EDGE('',*,*,#2571,.T.);
#3336=ORIENTED_EDGE('',*,*,#2575,.F.);
#3337=ORIENTED_EDGE('',*,*,#2574,.F.);
#3338=ORIENTED_EDGE('',*,*,#2500,.F.);
#3339=ORIENTED_EDGE('',*,*,#2565,.F.);
#3340=ORIENTED_EDGE('',*,*,#2564,.T.);
#3341=ORIENTED_EDGE('',*,*,#2566,.T.);
#3342=ORIENTED_EDGE('',*,*,#2498,.F.);
#3343=ORIENTED_EDGE('',*,*,#2488,.F.);
#3344=ORIENTED_EDGE('',*,*,#2592,.T.);
#3345=ORIENTED_EDGE('',*,*,#2507,.T.);
#3346=ORIENTED_EDGE('',*,*,#2593,.T.);
#3347=ORIENTED_EDGE('',*,*,#2594,.F.);
#3348=ORIENTED_EDGE('',*,*,#2595,.T.);
#3349=ORIENTED_EDGE('',*,*,#2404,.F.);
#3350=ORIENTED_EDGE('',*,*,#2596,.T.);
#3351=ORIENTED_EDGE('',*,*,#2597,.T.);
#3352=ORIENTED_EDGE('',*,*,#2598,.T.);
#3353=ORIENTED_EDGE('',*,*,#2594,.T.);
#3354=ORIENTED_EDGE('',*,*,#2599,.T.);
#3355=ORIENTED_EDGE('',*,*,#2600,.T.);
#3356=ORIENTED_EDGE('',*,*,#2601,.F.);
#3357=ORIENTED_EDGE('',*,*,#2602,.F.);
#3358=ORIENTED_EDGE('',*,*,#2603,.T.);
#3359=ORIENTED_EDGE('',*,*,#2604,.F.);
#3360=ORIENTED_EDGE('',*,*,#2605,.T.);
#3361=ORIENTED_EDGE('',*,*,#2548,.T.);
#3362=ORIENTED_EDGE('',*,*,#2606,.F.);
#3363=ORIENTED_EDGE('',*,*,#2607,.T.);
#3364=ORIENTED_EDGE('',*,*,#2502,.F.);
#3365=ORIENTED_EDGE('',*,*,#2518,.F.);
#3366=ORIENTED_EDGE('',*,*,#2547,.F.);
#3367=ORIENTED_EDGE('',*,*,#2608,.F.);
#3368=ORIENTED_EDGE('',*,*,#2609,.T.);
#3369=ORIENTED_EDGE('',*,*,#2519,.F.);
#3370=ORIENTED_EDGE('',*,*,#2609,.F.);
#3371=ORIENTED_EDGE('',*,*,#2610,.F.);
#3372=ORIENTED_EDGE('',*,*,#2611,.T.);
#3373=ORIENTED_EDGE('',*,*,#2538,.T.);
#3374=ORIENTED_EDGE('',*,*,#2581,.F.);
#3375=ORIENTED_EDGE('',*,*,#2513,.F.);
#3376=ORIENTED_EDGE('',*,*,#2577,.F.);
#3377=ORIENTED_EDGE('',*,*,#2612,.F.);
#3378=ORIENTED_EDGE('',*,*,#2613,.T.);
#3379=ORIENTED_EDGE('',*,*,#2514,.F.);
#3380=ORIENTED_EDGE('',*,*,#2613,.F.);
#3381=ORIENTED_EDGE('',*,*,#2614,.F.);
#3382=ORIENTED_EDGE('',*,*,#2615,.T.);
#3383=ORIENTED_EDGE('',*,*,#2532,.T.);
#3384=ORIENTED_EDGE('',*,*,#2515,.F.);
#3385=ORIENTED_EDGE('',*,*,#2615,.F.);
#3386=ORIENTED_EDGE('',*,*,#2616,.F.);
#3387=ORIENTED_EDGE('',*,*,#2503,.F.);
#3388=ORIENTED_EDGE('',*,*,#2607,.F.);
#3389=ORIENTED_EDGE('',*,*,#2617,.F.);
#3390=ORIENTED_EDGE('',*,*,#2584,.T.);
#3391=ORIENTED_EDGE('',*,*,#2536,.T.);
#3392=ORIENTED_EDGE('',*,*,#2618,.F.);
#3393=ORIENTED_EDGE('',*,*,#2484,.F.);
#3394=ORIENTED_EDGE('',*,*,#2582,.T.);
#3395=ORIENTED_EDGE('',*,*,#2535,.T.);
#3396=ORIENTED_EDGE('',*,*,#2619,.F.);
#3397=ORIENTED_EDGE('',*,*,#2485,.F.);
#3398=ORIENTED_EDGE('',*,*,#2618,.T.);
#3399=ORIENTED_EDGE('',*,*,#2558,.T.);
#3400=ORIENTED_EDGE('',*,*,#2509,.T.);
#3401=ORIENTED_EDGE('',*,*,#2620,.F.);
#3402=ORIENTED_EDGE('',*,*,#2486,.F.);
#3403=ORIENTED_EDGE('',*,*,#2619,.T.);
#3404=ORIENTED_EDGE('',*,*,#2545,.T.);
#3405=ORIENTED_EDGE('',*,*,#2524,.F.);
#3406=ORIENTED_EDGE('',*,*,#2621,.F.);
#3407=ORIENTED_EDGE('',*,*,#2622,.F.);
#3408=ORIENTED_EDGE('',*,*,#2623,.F.);
#3409=ORIENTED_EDGE('',*,*,#2624,.F.);
#3410=ORIENTED_EDGE('',*,*,#2625,.T.);
#3411=ORIENTED_EDGE('',*,*,#2626,.F.);
#3412=ORIENTED_EDGE('',*,*,#2627,.F.);
#3413=ORIENTED_EDGE('',*,*,#2628,.T.);
#3414=ORIENTED_EDGE('',*,*,#2629,.F.);
#3415=ORIENTED_EDGE('',*,*,#2630,.T.);
#3416=ORIENTED_EDGE('',*,*,#2631,.F.);
#3417=ORIENTED_EDGE('',*,*,#2632,.F.);
#3418=ORIENTED_EDGE('',*,*,#2633,.F.);
#3419=ORIENTED_EDGE('',*,*,#2634,.F.);
#3420=ORIENTED_EDGE('',*,*,#2635,.F.);
#3421=ORIENTED_EDGE('',*,*,#2636,.F.);
#3422=ORIENTED_EDGE('',*,*,#2637,.F.);
#3423=ORIENTED_EDGE('',*,*,#2638,.F.);
#3424=ORIENTED_EDGE('',*,*,#2639,.T.);
#3425=ORIENTED_EDGE('',*,*,#2640,.F.);
#3426=ORIENTED_EDGE('',*,*,#2641,.T.);
#3427=ORIENTED_EDGE('',*,*,#2642,.T.);
#3428=ORIENTED_EDGE('',*,*,#2643,.F.);
#3429=ORIENTED_EDGE('',*,*,#2598,.F.);
#3430=ORIENTED_EDGE('',*,*,#2644,.F.);
#3431=ORIENTED_EDGE('',*,*,#2645,.F.);
#3432=ORIENTED_EDGE('',*,*,#2646,.F.);
#3433=ORIENTED_EDGE('',*,*,#2645,.T.);
#3434=ORIENTED_EDGE('',*,*,#2647,.F.);
#3435=ORIENTED_EDGE('',*,*,#2648,.F.);
#3436=ORIENTED_EDGE('',*,*,#2649,.F.);
#3437=ORIENTED_EDGE('',*,*,#2528,.T.);
#3438=ORIENTED_EDGE('',*,*,#2648,.T.);
#3439=ORIENTED_EDGE('',*,*,#2650,.T.);
#3440=ORIENTED_EDGE('',*,*,#2596,.F.);
#3441=ORIENTED_EDGE('',*,*,#2644,.T.);
#3442=ORIENTED_EDGE('',*,*,#2597,.F.);
#3443=ORIENTED_EDGE('',*,*,#2650,.F.);
#3444=ORIENTED_EDGE('',*,*,#2647,.T.);
#3445=ORIENTED_EDGE('',*,*,#2651,.F.);
#3446=ORIENTED_EDGE('',*,*,#2652,.T.);
#3447=ORIENTED_EDGE('',*,*,#2653,.F.);
#3448=ORIENTED_EDGE('',*,*,#2654,.F.);
#3449=ORIENTED_EDGE('',*,*,#2623,.T.);
#3450=ORIENTED_EDGE('',*,*,#2655,.F.);
#3451=ORIENTED_EDGE('',*,*,#2656,.T.);
#3452=ORIENTED_EDGE('',*,*,#2657,.T.);
#3453=ORIENTED_EDGE('',*,*,#2658,.T.);
#3454=ORIENTED_EDGE('',*,*,#2525,.T.);
#3455=ORIENTED_EDGE('',*,*,#2659,.F.);
#3456=ORIENTED_EDGE('',*,*,#2660,.T.);
#3457=ORIENTED_EDGE('',*,*,#2631,.T.);
#3458=ORIENTED_EDGE('',*,*,#2661,.T.);
#3459=ORIENTED_EDGE('',*,*,#2662,.F.);
#3460=ORIENTED_EDGE('',*,*,#2605,.F.);
#3461=ORIENTED_EDGE('',*,*,#2663,.F.);
#3462=ORIENTED_EDGE('',*,*,#2664,.F.);
#3463=ORIENTED_EDGE('',*,*,#2665,.F.);
#3464=ORIENTED_EDGE('',*,*,#2666,.T.);
#3465=ORIENTED_EDGE('',*,*,#2667,.T.);
#3466=ORIENTED_EDGE('',*,*,#2668,.F.);
#3467=ORIENTED_EDGE('',*,*,#2669,.F.);
#3468=ORIENTED_EDGE('',*,*,#2670,.T.);
#3469=ORIENTED_EDGE('',*,*,#2671,.T.);
#3470=ORIENTED_EDGE('',*,*,#2672,.T.);
#3471=ORIENTED_EDGE('',*,*,#2673,.F.);
#3472=ORIENTED_EDGE('',*,*,#2674,.F.);
#3473=ORIENTED_EDGE('',*,*,#2599,.F.);
#3474=ORIENTED_EDGE('',*,*,#2593,.F.);
#3475=ORIENTED_EDGE('',*,*,#2643,.T.);
#3476=ORIENTED_EDGE('',*,*,#2646,.T.);
#3477=ORIENTED_EDGE('',*,*,#2675,.F.);
#3478=ORIENTED_EDGE('',*,*,#2676,.F.);
#3479=ORIENTED_EDGE('',*,*,#2657,.F.);
#3480=ORIENTED_EDGE('',*,*,#2677,.T.);
#3481=ORIENTED_EDGE('',*,*,#2659,.T.);
#3482=ORIENTED_EDGE('',*,*,#2678,.T.);
#3483=ORIENTED_EDGE('',*,*,#2602,.T.);
#3484=ORIENTED_EDGE('',*,*,#2662,.T.);
#3485=ORIENTED_EDGE('',*,*,#2679,.T.);
#3486=ORIENTED_EDGE('',*,*,#2680,.T.);
#3487=ORIENTED_EDGE('',*,*,#2681,.F.);
#3488=ORIENTED_EDGE('',*,*,#2682,.F.);
#3489=ORIENTED_EDGE('',*,*,#2632,.T.);
#3490=ORIENTED_EDGE('',*,*,#2660,.F.);
#3491=ORIENTED_EDGE('',*,*,#2677,.F.);
#3492=ORIENTED_EDGE('',*,*,#2656,.F.);
#3493=ORIENTED_EDGE('',*,*,#2683,.F.);
#3494=ORIENTED_EDGE('',*,*,#2654,.T.);
#3495=ORIENTED_EDGE('',*,*,#2679,.F.);
#3496=ORIENTED_EDGE('',*,*,#2678,.F.);
#3497=ORIENTED_EDGE('',*,*,#2661,.F.);
#3498=ORIENTED_EDGE('',*,*,#2630,.F.);
#3499=ORIENTED_EDGE('',*,*,#2684,.F.);
#3500=ORIENTED_EDGE('',*,*,#2685,.F.);
#3501=ORIENTED_EDGE('',*,*,#2652,.F.);
#3502=ORIENTED_EDGE('',*,*,#2686,.F.);
#3503=ORIENTED_EDGE('',*,*,#2682,.T.);
#3504=ORIENTED_EDGE('',*,*,#2687,.T.);
#3505=ORIENTED_EDGE('',*,*,#2688,.T.);
#3506=ORIENTED_EDGE('',*,*,#2689,.F.);
#3507=ORIENTED_EDGE('',*,*,#2690,.F.);
#3508=ORIENTED_EDGE('',*,*,#2633,.T.);
#3509=ORIENTED_EDGE('',*,*,#2691,.F.);
#3510=ORIENTED_EDGE('',*,*,#2692,.T.);
#3511=ORIENTED_EDGE('',*,*,#2693,.T.);
#3512=ORIENTED_EDGE('',*,*,#2694,.F.);
#3513=ORIENTED_EDGE('',*,*,#2695,.F.);
#3514=ORIENTED_EDGE('',*,*,#2696,.T.);
#3515=ORIENTED_EDGE('',*,*,#2697,.T.);
#3516=ORIENTED_EDGE('',*,*,#2692,.F.);
#3517=ORIENTED_EDGE('',*,*,#2698,.F.);
#3518=ORIENTED_EDGE('',*,*,#2699,.T.);
#3519=ORIENTED_EDGE('',*,*,#2700,.T.);
#3520=ORIENTED_EDGE('',*,*,#2696,.F.);
#3521=ORIENTED_EDGE('',*,*,#2701,.F.);
#3522=ORIENTED_EDGE('',*,*,#2694,.T.);
#3523=ORIENTED_EDGE('',*,*,#2702,.T.);
#3524=ORIENTED_EDGE('',*,*,#2699,.F.);
#3525=ORIENTED_EDGE('',*,*,#2702,.F.);
#3526=ORIENTED_EDGE('',*,*,#2693,.F.);
#3527=ORIENTED_EDGE('',*,*,#2697,.F.);
#3528=ORIENTED_EDGE('',*,*,#2700,.F.);
#3529=ORIENTED_EDGE('',*,*,#2428,.F.);
#3530=ORIENTED_EDGE('',*,*,#2412,.T.);
#3531=ORIENTED_EDGE('',*,*,#2703,.F.);
#3532=ORIENTED_EDGE('',*,*,#2704,.F.);
#3533=ORIENTED_EDGE('',*,*,#2705,.F.);
#3534=ORIENTED_EDGE('',*,*,#2706,.F.);
#3535=ORIENTED_EDGE('',*,*,#2707,.F.);
#3536=ORIENTED_EDGE('',*,*,#2708,.F.);
#3537=ORIENTED_EDGE('',*,*,#2709,.F.);
#3538=ORIENTED_EDGE('',*,*,#2710,.F.);
#3539=ORIENTED_EDGE('',*,*,#2711,.F.);
#3540=ORIENTED_EDGE('',*,*,#2712,.F.);
#3541=ORIENTED_EDGE('',*,*,#2713,.F.);
#3542=ORIENTED_EDGE('',*,*,#2714,.F.);
#3543=ORIENTED_EDGE('',*,*,#2715,.F.);
#3544=ORIENTED_EDGE('',*,*,#2691,.T.);
#3545=ORIENTED_EDGE('',*,*,#2701,.T.);
#3546=ORIENTED_EDGE('',*,*,#2698,.T.);
#3547=ORIENTED_EDGE('',*,*,#2695,.T.);
#3548=ORIENTED_EDGE('',*,*,#2464,.F.);
#3549=ORIENTED_EDGE('',*,*,#2716,.F.);
#3550=ORIENTED_EDGE('',*,*,#2429,.F.);
#3551=ORIENTED_EDGE('',*,*,#2711,.T.);
#3552=ORIENTED_EDGE('',*,*,#2717,.F.);
#3553=ORIENTED_EDGE('',*,*,#2639,.F.);
#3554=ORIENTED_EDGE('',*,*,#2718,.F.);
#3555=ORIENTED_EDGE('',*,*,#2719,.T.);
#3556=ORIENTED_EDGE('',*,*,#2720,.T.);
#3557=ORIENTED_EDGE('',*,*,#2641,.F.);
#3558=ORIENTED_EDGE('',*,*,#2721,.F.);
#3559=ORIENTED_EDGE('',*,*,#2722,.T.);
#3560=ORIENTED_EDGE('',*,*,#2436,.T.);
#3561=ORIENTED_EDGE('',*,*,#2425,.T.);
#3562=ORIENTED_EDGE('',*,*,#2723,.F.);
#3563=ORIENTED_EDGE('',*,*,#2724,.F.);
#3564=ORIENTED_EDGE('',*,*,#2719,.F.);
#3565=ORIENTED_EDGE('',*,*,#2725,.F.);
#3566=ORIENTED_EDGE('',*,*,#2726,.F.);
#3567=ORIENTED_EDGE('',*,*,#2727,.F.);
#3568=ORIENTED_EDGE('',*,*,#2728,.F.);
#3569=ORIENTED_EDGE('',*,*,#2729,.F.);
#3570=ORIENTED_EDGE('',*,*,#2730,.F.);
#3571=ORIENTED_EDGE('',*,*,#2731,.F.);
#3572=ORIENTED_EDGE('',*,*,#2732,.F.);
#3573=ORIENTED_EDGE('',*,*,#2437,.F.);
#3574=ORIENTED_EDGE('',*,*,#2722,.F.);
#3575=ORIENTED_EDGE('',*,*,#2733,.F.);
#3576=ORIENTED_EDGE('',*,*,#2734,.F.);
#3577=ORIENTED_EDGE('',*,*,#2713,.T.);
#3578=ORIENTED_EDGE('',*,*,#2735,.F.);
#3579=ORIENTED_EDGE('',*,*,#2736,.F.);
#3580=ORIENTED_EDGE('',*,*,#2737,.T.);
#3581=ORIENTED_EDGE('',*,*,#2712,.T.);
#3582=ORIENTED_EDGE('',*,*,#2738,.F.);
#3583=ORIENTED_EDGE('',*,*,#2739,.F.);
#3584=ORIENTED_EDGE('',*,*,#2735,.T.);
#3585=ORIENTED_EDGE('',*,*,#2716,.T.);
#3586=ORIENTED_EDGE('',*,*,#2463,.F.);
#3587=ORIENTED_EDGE('',*,*,#2407,.F.);
#3588=ORIENTED_EDGE('',*,*,#2740,.T.);
#3589=ORIENTED_EDGE('',*,*,#2741,.T.);
#3590=ORIENTED_EDGE('',*,*,#2421,.T.);
#3591=ORIENTED_EDGE('',*,*,#2724,.T.);
#3592=ORIENTED_EDGE('',*,*,#2742,.F.);
#3593=ORIENTED_EDGE('',*,*,#2743,.F.);
#3594=ORIENTED_EDGE('',*,*,#2744,.T.);
#3595=ORIENTED_EDGE('',*,*,#2734,.T.);
#3596=ORIENTED_EDGE('',*,*,#2745,.F.);
#3597=ORIENTED_EDGE('',*,*,#2746,.F.);
#3598=ORIENTED_EDGE('',*,*,#2742,.T.);
#3599=ORIENTED_EDGE('',*,*,#2638,.T.);
#3600=ORIENTED_EDGE('',*,*,#2747,.F.);
#3601=ORIENTED_EDGE('',*,*,#2473,.F.);
#3602=ORIENTED_EDGE('',*,*,#2748,.T.);
#3603=ORIENTED_EDGE('',*,*,#2725,.T.);
#3604=ORIENTED_EDGE('',*,*,#2718,.T.);
#3605=ORIENTED_EDGE('',*,*,#2749,.T.);
#3606=ORIENTED_EDGE('',*,*,#2733,.T.);
#3607=ORIENTED_EDGE('',*,*,#2750,.F.);
#3608=ORIENTED_EDGE('',*,*,#2751,.F.);
#3609=ORIENTED_EDGE('',*,*,#2745,.T.);
#3610=ORIENTED_EDGE('',*,*,#2752,.F.);
#3611=ORIENTED_EDGE('',*,*,#2478,.F.);
#3612=ORIENTED_EDGE('',*,*,#2753,.T.);
#3613=ORIENTED_EDGE('',*,*,#2754,.T.);
#3614=ORIENTED_EDGE('',*,*,#2755,.F.);
#3615=ORIENTED_EDGE('',*,*,#2474,.F.);
#3616=ORIENTED_EDGE('',*,*,#2747,.T.);
#3617=ORIENTED_EDGE('',*,*,#2637,.T.);
#3618=ORIENTED_EDGE('',*,*,#2756,.F.);
#3619=ORIENTED_EDGE('',*,*,#2757,.F.);
#3620=ORIENTED_EDGE('',*,*,#2475,.F.);
#3621=ORIENTED_EDGE('',*,*,#2755,.T.);
#3622=ORIENTED_EDGE('',*,*,#2758,.T.);
#3623=ORIENTED_EDGE('',*,*,#2759,.F.);
#3624=ORIENTED_EDGE('',*,*,#2760,.F.);
#3625=ORIENTED_EDGE('',*,*,#2761,.F.);
#3626=ORIENTED_EDGE('',*,*,#2762,.F.);
#3627=ORIENTED_EDGE('',*,*,#2763,.F.);
#3628=ORIENTED_EDGE('',*,*,#2476,.F.);
#3629=ORIENTED_EDGE('',*,*,#2757,.T.);
#3630=ORIENTED_EDGE('',*,*,#2764,.F.);
#3631=ORIENTED_EDGE('',*,*,#2765,.F.);
#3632=ORIENTED_EDGE('',*,*,#2766,.F.);
#3633=ORIENTED_EDGE('',*,*,#2759,.T.);
#3634=ORIENTED_EDGE('',*,*,#2767,.T.);
#3635=ORIENTED_EDGE('',*,*,#2768,.F.);
#3636=ORIENTED_EDGE('',*,*,#2769,.F.);
#3637=ORIENTED_EDGE('',*,*,#2770,.F.);
#3638=ORIENTED_EDGE('',*,*,#2771,.F.);
#3639=ORIENTED_EDGE('',*,*,#2772,.F.);
#3640=ORIENTED_EDGE('',*,*,#2773,.F.);
#3641=ORIENTED_EDGE('',*,*,#2768,.T.);
#3642=ORIENTED_EDGE('',*,*,#2774,.T.);
#3643=ORIENTED_EDGE('',*,*,#2753,.F.);
#3644=ORIENTED_EDGE('',*,*,#2477,.F.);
#3645=ORIENTED_EDGE('',*,*,#2763,.T.);
#3646=ORIENTED_EDGE('',*,*,#2758,.F.);
#3647=ORIENTED_EDGE('',*,*,#2754,.F.);
#3648=ORIENTED_EDGE('',*,*,#2774,.F.);
#3649=ORIENTED_EDGE('',*,*,#2767,.F.);
#3650=ORIENTED_EDGE('',*,*,#2772,.T.);
#3651=ORIENTED_EDGE('',*,*,#2775,.F.);
#3652=ORIENTED_EDGE('',*,*,#2776,.F.);
#3653=ORIENTED_EDGE('',*,*,#2777,.F.);
#3654=ORIENTED_EDGE('',*,*,#2770,.T.);
#3655=ORIENTED_EDGE('',*,*,#2778,.F.);
#3656=ORIENTED_EDGE('',*,*,#2779,.F.);
#3657=ORIENTED_EDGE('',*,*,#2780,.F.);
#3658=ORIENTED_EDGE('',*,*,#2769,.T.);
#3659=ORIENTED_EDGE('',*,*,#2773,.T.);
#3660=ORIENTED_EDGE('',*,*,#2777,.T.);
#3661=ORIENTED_EDGE('',*,*,#2781,.F.);
#3662=ORIENTED_EDGE('',*,*,#2782,.F.);
#3663=ORIENTED_EDGE('',*,*,#2783,.T.);
#3664=ORIENTED_EDGE('',*,*,#2778,.T.);
#3665=ORIENTED_EDGE('',*,*,#2761,.T.);
#3666=ORIENTED_EDGE('',*,*,#2784,.F.);
#3667=ORIENTED_EDGE('',*,*,#2785,.F.);
#3668=ORIENTED_EDGE('',*,*,#2786,.F.);
#3669=ORIENTED_EDGE('',*,*,#2760,.T.);
#3670=ORIENTED_EDGE('',*,*,#2766,.T.);
#3671=ORIENTED_EDGE('',*,*,#2787,.F.);
#3672=ORIENTED_EDGE('',*,*,#2788,.F.);
#3673=ORIENTED_EDGE('',*,*,#2789,.T.);
#3674=ORIENTED_EDGE('',*,*,#2784,.T.);
#3675=ORIENTED_EDGE('',*,*,#2455,.F.);
#3676=ORIENTED_EDGE('',*,*,#2400,.F.);
#3677=ORIENTED_EDGE('',*,*,#2790,.T.);
#3678=ORIENTED_EDGE('',*,*,#2791,.T.);
#3679=ORIENTED_EDGE('',*,*,#2792,.F.);
#3680=ORIENTED_EDGE('',*,*,#2793,.F.);
#3681=ORIENTED_EDGE('',*,*,#2794,.F.);
#3682=ORIENTED_EDGE('',*,*,#2790,.F.);
#3683=ORIENTED_EDGE('',*,*,#2399,.F.);
#3684=ORIENTED_EDGE('',*,*,#2395,.T.);
#3685=ORIENTED_EDGE('',*,*,#2649,.T.);
#3686=ORIENTED_EDGE('',*,*,#2527,.T.);
#3687=ORIENTED_EDGE('',*,*,#2795,.F.);
#3688=ORIENTED_EDGE('',*,*,#2675,.T.);
#3689=ORIENTED_EDGE('',*,*,#2793,.T.);
#3690=ORIENTED_EDGE('',*,*,#2796,.F.);
#3691=ORIENTED_EDGE('',*,*,#2797,.F.);
#3692=ORIENTED_EDGE('',*,*,#2798,.T.);
#3693=ORIENTED_EDGE('',*,*,#2799,.F.);
#3694=ORIENTED_EDGE('',*,*,#2800,.T.);
#3695=ORIENTED_EDGE('',*,*,#2531,.F.);
#3696=ORIENTED_EDGE('',*,*,#2800,.F.);
#3697=ORIENTED_EDGE('',*,*,#2799,.T.);
#3698=ORIENTED_EDGE('',*,*,#2801,.F.);
#3699=ORIENTED_EDGE('',*,*,#2802,.T.);
#3700=ORIENTED_EDGE('',*,*,#2642,.F.);
#3701=ORIENTED_EDGE('',*,*,#2802,.F.);
#3702=ORIENTED_EDGE('',*,*,#2801,.T.);
#3703=ORIENTED_EDGE('',*,*,#2803,.F.);
#3704=ORIENTED_EDGE('',*,*,#2804,.T.);
#3705=ORIENTED_EDGE('',*,*,#2805,.F.);
#3706=ORIENTED_EDGE('',*,*,#2804,.F.);
#3707=ORIENTED_EDGE('',*,*,#2803,.T.);
#3708=ORIENTED_EDGE('',*,*,#2806,.F.);
#3709=ORIENTED_EDGE('',*,*,#2467,.F.);
#3710=ORIENTED_EDGE('',*,*,#2807,.T.);
#3711=ORIENTED_EDGE('',*,*,#2708,.T.);
#3712=ORIENTED_EDGE('',*,*,#2402,.F.);
#3713=ORIENTED_EDGE('',*,*,#2454,.F.);
#3714=ORIENTED_EDGE('',*,*,#2808,.T.);
#3715=ORIENTED_EDGE('',*,*,#2529,.T.);
#3716=ORIENTED_EDGE('',*,*,#2466,.F.);
#3717=ORIENTED_EDGE('',*,*,#2809,.T.);
#3718=ORIENTED_EDGE('',*,*,#2709,.T.);
#3719=ORIENTED_EDGE('',*,*,#2807,.F.);
#3720=ORIENTED_EDGE('',*,*,#2465,.F.);
#3721=ORIENTED_EDGE('',*,*,#2717,.T.);
#3722=ORIENTED_EDGE('',*,*,#2710,.T.);
#3723=ORIENTED_EDGE('',*,*,#2809,.F.);
#3724=ORIENTED_EDGE('',*,*,#2810,.T.);
#3725=ORIENTED_EDGE('',*,*,#2441,.F.);
#3726=ORIENTED_EDGE('',*,*,#2530,.T.);
#3727=ORIENTED_EDGE('',*,*,#2808,.F.);
#3728=ORIENTED_EDGE('',*,*,#2453,.F.);
#3729=ORIENTED_EDGE('',*,*,#2487,.F.);
#3730=ORIENTED_EDGE('',*,*,#2620,.T.);
#3731=ORIENTED_EDGE('',*,*,#2508,.T.);
#3732=ORIENTED_EDGE('',*,*,#2592,.F.);
#3733=ORIENTED_EDGE('',*,*,#2482,.F.);
#3734=ORIENTED_EDGE('',*,*,#2811,.T.);
#3735=ORIENTED_EDGE('',*,*,#2626,.T.);
#3736=ORIENTED_EDGE('',*,*,#2521,.T.);
#3737=ORIENTED_EDGE('',*,*,#2583,.F.);
#3738=ORIENTED_EDGE('',*,*,#2481,.F.);
#3739=ORIENTED_EDGE('',*,*,#2812,.T.);
#3740=ORIENTED_EDGE('',*,*,#2627,.T.);
#3741=ORIENTED_EDGE('',*,*,#2811,.F.);
#3742=ORIENTED_EDGE('',*,*,#2480,.F.);
#3743=ORIENTED_EDGE('',*,*,#2813,.T.);
#3744=ORIENTED_EDGE('',*,*,#2635,.T.);
#3745=ORIENTED_EDGE('',*,*,#2624,.T.);
#3746=ORIENTED_EDGE('',*,*,#2812,.F.);
#3747=ORIENTED_EDGE('',*,*,#2479,.F.);
#3748=ORIENTED_EDGE('',*,*,#2752,.T.);
#3749=ORIENTED_EDGE('',*,*,#2636,.T.);
#3750=ORIENTED_EDGE('',*,*,#2813,.F.);
#3751=ORIENTED_EDGE('',*,*,#2472,.F.);
#3752=ORIENTED_EDGE('',*,*,#2814,.T.);
#3753=ORIENTED_EDGE('',*,*,#2726,.T.);
#3754=ORIENTED_EDGE('',*,*,#2748,.F.);
#3755=ORIENTED_EDGE('',*,*,#2815,.F.);
#3756=ORIENTED_EDGE('',*,*,#2727,.T.);
#3757=ORIENTED_EDGE('',*,*,#2814,.F.);
#3758=ORIENTED_EDGE('',*,*,#2471,.F.);
#3759=ORIENTED_EDGE('',*,*,#2816,.F.);
#3760=ORIENTED_EDGE('',*,*,#2740,.F.);
#3761=ORIENTED_EDGE('',*,*,#2406,.T.);
#3762=ORIENTED_EDGE('',*,*,#2817,.F.);
#3763=ORIENTED_EDGE('',*,*,#2818,.F.);
#3764=ORIENTED_EDGE('',*,*,#2805,.T.);
#3765=ORIENTED_EDGE('',*,*,#2744,.F.);
#3766=ORIENTED_EDGE('',*,*,#2819,.F.);
#3767=ORIENTED_EDGE('',*,*,#2750,.T.);
#3768=ORIENTED_EDGE('',*,*,#2721,.T.);
#3769=ORIENTED_EDGE('',*,*,#2640,.T.);
#3770=ORIENTED_EDGE('',*,*,#2720,.F.);
#3771=ORIENTED_EDGE('',*,*,#2707,.T.);
#3772=ORIENTED_EDGE('',*,*,#2820,.F.);
#3773=ORIENTED_EDGE('',*,*,#2821,.F.);
#3774=ORIENTED_EDGE('',*,*,#2822,.T.);
#3775=ORIENTED_EDGE('',*,*,#2468,.F.);
#3776=ORIENTED_EDGE('',*,*,#2806,.T.);
#3777=ORIENTED_EDGE('',*,*,#2706,.T.);
#3778=ORIENTED_EDGE('',*,*,#2823,.F.);
#3779=ORIENTED_EDGE('',*,*,#2824,.F.);
#3780=ORIENTED_EDGE('',*,*,#2820,.T.);
#3781=ORIENTED_EDGE('',*,*,#2705,.T.);
#3782=ORIENTED_EDGE('',*,*,#2825,.T.);
#3783=ORIENTED_EDGE('',*,*,#2826,.F.);
#3784=ORIENTED_EDGE('',*,*,#2823,.T.);
#3785=ORIENTED_EDGE('',*,*,#2704,.T.);
#3786=ORIENTED_EDGE('',*,*,#2827,.F.);
#3787=ORIENTED_EDGE('',*,*,#2828,.F.);
#3788=ORIENTED_EDGE('',*,*,#2825,.F.);
#3789=ORIENTED_EDGE('',*,*,#2420,.F.);
#3790=ORIENTED_EDGE('',*,*,#2829,.F.);
#3791=ORIENTED_EDGE('',*,*,#2827,.T.);
#3792=ORIENTED_EDGE('',*,*,#2703,.T.);
#3793=ORIENTED_EDGE('',*,*,#2816,.T.);
#3794=ORIENTED_EDGE('',*,*,#2830,.T.);
#3795=ORIENTED_EDGE('',*,*,#2831,.T.);
#3796=ORIENTED_EDGE('',*,*,#2415,.F.);
#3797=ORIENTED_EDGE('',*,*,#2422,.T.);
#3798=ORIENTED_EDGE('',*,*,#2741,.F.);
#3799=ORIENTED_EDGE('',*,*,#2469,.F.);
#3800=ORIENTED_EDGE('',*,*,#2822,.F.);
#3801=ORIENTED_EDGE('',*,*,#2832,.F.);
#3802=ORIENTED_EDGE('',*,*,#2833,.T.);
#3803=ORIENTED_EDGE('',*,*,#2834,.F.);
#3804=ORIENTED_EDGE('',*,*,#2835,.F.);
#3805=ORIENTED_EDGE('',*,*,#2836,.F.);
#3806=ORIENTED_EDGE('',*,*,#2837,.F.);
#3807=ORIENTED_EDGE('',*,*,#2838,.F.);
#3808=ORIENTED_EDGE('',*,*,#2839,.F.);
#3809=ORIENTED_EDGE('',*,*,#2840,.F.);
#3810=ORIENTED_EDGE('',*,*,#2841,.F.);
#3811=ORIENTED_EDGE('',*,*,#2818,.T.);
#3812=ORIENTED_EDGE('',*,*,#2842,.T.);
#3813=ORIENTED_EDGE('',*,*,#2843,.F.);
#3814=ORIENTED_EDGE('',*,*,#2830,.F.);
#3815=ORIENTED_EDGE('',*,*,#2684,.T.);
#3816=ORIENTED_EDGE('',*,*,#2629,.T.);
#3817=ORIENTED_EDGE('',*,*,#2844,.T.);
#3818=ORIENTED_EDGE('',*,*,#2845,.F.);
#3819=ORIENTED_EDGE('',*,*,#2411,.F.);
#3820=ORIENTED_EDGE('',*,*,#2846,.F.);
#3821=ORIENTED_EDGE('',*,*,#2847,.F.);
#3822=ORIENTED_EDGE('',*,*,#2673,.T.);
#3823=ORIENTED_EDGE('',*,*,#2848,.F.);
#3824=ORIENTED_EDGE('',*,*,#2849,.T.);
#3825=ORIENTED_EDGE('',*,*,#2842,.F.);
#3826=ORIENTED_EDGE('',*,*,#2817,.T.);
#3827=ORIENTED_EDGE('',*,*,#2843,.T.);
#3828=ORIENTED_EDGE('',*,*,#2849,.F.);
#3829=ORIENTED_EDGE('',*,*,#2850,.F.);
#3830=ORIENTED_EDGE('',*,*,#2851,.F.);
#3831=ORIENTED_EDGE('',*,*,#2831,.F.);
#3832=ORIENTED_EDGE('',*,*,#2416,.F.);
#3833=ORIENTED_EDGE('',*,*,#2851,.T.);
#3834=ORIENTED_EDGE('',*,*,#2852,.F.);
#3835=ORIENTED_EDGE('',*,*,#2853,.F.);
#3836=ORIENTED_EDGE('',*,*,#2854,.F.);
#3837=ORIENTED_EDGE('',*,*,#2688,.F.);
#3838=ORIENTED_EDGE('',*,*,#2855,.T.);
#3839=ORIENTED_EDGE('',*,*,#2856,.F.);
#3840=ORIENTED_EDGE('',*,*,#2653,.T.);
#3841=ORIENTED_EDGE('',*,*,#2685,.T.);
#3842=ORIENTED_EDGE('',*,*,#2845,.T.);
#3843=ORIENTED_EDGE('',*,*,#2857,.F.);
#3844=ORIENTED_EDGE('',*,*,#2855,.F.);
#3845=ORIENTED_EDGE('',*,*,#2687,.F.);
#3846=ORIENTED_EDGE('',*,*,#2681,.T.);
#3847=ORIENTED_EDGE('',*,*,#2858,.F.);
#3848=ORIENTED_EDGE('',*,*,#2859,.F.);
#3849=ORIENTED_EDGE('',*,*,#2860,.T.);
#3850=ORIENTED_EDGE('',*,*,#2670,.F.);
#3851=ORIENTED_EDGE('',*,*,#2671,.F.);
#3852=ORIENTED_EDGE('',*,*,#2860,.F.);
#3853=ORIENTED_EDGE('',*,*,#2861,.F.);
#3854=ORIENTED_EDGE('',*,*,#2862,.T.);
#3855=ORIENTED_EDGE('',*,*,#2672,.F.);
#3856=ORIENTED_EDGE('',*,*,#2862,.F.);
#3857=ORIENTED_EDGE('',*,*,#2863,.F.);
#3858=ORIENTED_EDGE('',*,*,#2852,.T.);
#3859=ORIENTED_EDGE('',*,*,#2850,.T.);
#3860=ORIENTED_EDGE('',*,*,#2848,.T.);
#3861=ORIENTED_EDGE('',*,*,#2666,.F.);
#3862=ORIENTED_EDGE('',*,*,#2864,.F.);
#3863=ORIENTED_EDGE('',*,*,#2865,.F.);
#3864=ORIENTED_EDGE('',*,*,#2866,.T.);
#3865=ORIENTED_EDGE('',*,*,#2867,.F.);
#3866=ORIENTED_EDGE('',*,*,#2667,.F.);
#3867=ORIENTED_EDGE('',*,*,#2866,.F.);
#3868=ORIENTED_EDGE('',*,*,#2868,.F.);
#3869=ORIENTED_EDGE('',*,*,#2858,.T.);
#3870=ORIENTED_EDGE('',*,*,#2669,.T.);
#3871=ORIENTED_EDGE('',*,*,#2869,.F.);
#3872=ORIENTED_EDGE('',*,*,#2870,.F.);
#3873=ORIENTED_EDGE('',*,*,#2867,.T.);
#3874=ORIENTED_EDGE('',*,*,#2871,.F.);
#3875=ORIENTED_EDGE('',*,*,#2869,.T.);
#3876=ORIENTED_EDGE('',*,*,#2668,.T.);
#3877=ORIENTED_EDGE('',*,*,#2686,.T.);
#3878=ORIENTED_EDGE('',*,*,#2651,.T.);
#3879=ORIENTED_EDGE('',*,*,#2683,.T.);
#3880=ORIENTED_EDGE('',*,*,#2655,.T.);
#3881=ORIENTED_EDGE('',*,*,#2622,.T.);
#3882=ORIENTED_EDGE('',*,*,#2872,.T.);
#3883=ORIENTED_EDGE('',*,*,#2873,.T.);
#3884=ORIENTED_EDGE('',*,*,#2689,.T.);
#3885=ORIENTED_EDGE('',*,*,#2854,.T.);
#3886=ORIENTED_EDGE('',*,*,#2874,.T.);
#3887=ORIENTED_EDGE('',*,*,#2434,.T.);
#3888=ORIENTED_EDGE('',*,*,#2875,.F.);
#3889=ORIENTED_EDGE('',*,*,#2876,.F.);
#3890=ORIENTED_EDGE('',*,*,#2877,.F.);
#3891=ORIENTED_EDGE('',*,*,#2610,.T.);
#3892=ORIENTED_EDGE('',*,*,#2608,.T.);
#3893=ORIENTED_EDGE('',*,*,#2546,.T.);
#3894=ORIENTED_EDGE('',*,*,#2533,.T.);
#3895=ORIENTED_EDGE('',*,*,#2616,.T.);
#3896=ORIENTED_EDGE('',*,*,#2614,.T.);
#3897=ORIENTED_EDGE('',*,*,#2612,.T.);
#3898=ORIENTED_EDGE('',*,*,#2576,.T.);
#3899=ORIENTED_EDGE('',*,*,#2556,.T.);
#3900=ORIENTED_EDGE('',*,*,#2560,.T.);
#3901=ORIENTED_EDGE('',*,*,#2878,.F.);
#3902=ORIENTED_EDGE('',*,*,#2561,.T.);
#3903=ORIENTED_EDGE('',*,*,#2553,.T.);
#3904=ORIENTED_EDGE('',*,*,#2585,.T.);
#3905=ORIENTED_EDGE('',*,*,#2617,.T.);
#3906=ORIENTED_EDGE('',*,*,#2606,.T.);
#3907=ORIENTED_EDGE('',*,*,#2551,.T.);
#3908=ORIENTED_EDGE('',*,*,#2568,.T.);
#3909=ORIENTED_EDGE('',*,*,#2879,.F.);
#3910=ORIENTED_EDGE('',*,*,#2880,.F.);
#3911=ORIENTED_EDGE('',*,*,#2881,.F.);
#3912=ORIENTED_EDGE('',*,*,#2882,.F.);
#3913=ORIENTED_EDGE('',*,*,#2883,.F.);
#3914=ORIENTED_EDGE('',*,*,#2884,.F.);
#3915=ORIENTED_EDGE('',*,*,#2885,.F.);
#3916=ORIENTED_EDGE('',*,*,#2417,.T.);
#3917=ORIENTED_EDGE('',*,*,#2853,.T.);
#3918=ORIENTED_EDGE('',*,*,#2863,.T.);
#3919=ORIENTED_EDGE('',*,*,#2861,.T.);
#3920=ORIENTED_EDGE('',*,*,#2859,.T.);
#3921=ORIENTED_EDGE('',*,*,#2870,.T.);
#3922=ORIENTED_EDGE('',*,*,#2871,.T.);
#3923=ORIENTED_EDGE('',*,*,#2868,.T.);
#3924=ORIENTED_EDGE('',*,*,#2865,.T.);
#3925=ORIENTED_EDGE('',*,*,#2886,.T.);
#3926=ORIENTED_EDGE('',*,*,#2887,.T.);
#3927=ORIENTED_EDGE('',*,*,#2888,.T.);
#3928=ORIENTED_EDGE('',*,*,#2603,.F.);
#3929=ORIENTED_EDGE('',*,*,#2680,.F.);
#3930=ORIENTED_EDGE('',*,*,#2595,.F.);
#3931=ORIENTED_EDGE('',*,*,#2601,.T.);
#3932=ORIENTED_EDGE('',*,*,#2889,.T.);
#3933=ORIENTED_EDGE('',*,*,#2846,.T.);
#3934=ORIENTED_EDGE('',*,*,#2410,.F.);
#3935=ORIENTED_EDGE('',*,*,#2890,.T.);
#3936=ORIENTED_EDGE('',*,*,#2397,.F.);
#3937=ORIENTED_EDGE('',*,*,#2405,.T.);
#3938=ORIENTED_EDGE('',*,*,#2891,.T.);
#3939=ORIENTED_EDGE('',*,*,#2797,.T.);
#3940=ORIENTED_EDGE('',*,*,#2892,.T.);
#3941=ORIENTED_EDGE('',*,*,#2893,.T.);
#3942=ORIENTED_EDGE('',*,*,#2894,.T.);
#3943=ORIENTED_EDGE('',*,*,#2895,.T.);
#3944=ORIENTED_EDGE('',*,*,#2896,.T.);
#3945=ORIENTED_EDGE('',*,*,#2897,.T.);
#3946=ORIENTED_EDGE('',*,*,#2526,.T.);
#3947=ORIENTED_EDGE('',*,*,#2658,.F.);
#3948=ORIENTED_EDGE('',*,*,#2676,.T.);
#3949=ORIENTED_EDGE('',*,*,#2795,.T.);
#3950=ORIENTED_EDGE('',*,*,#2523,.F.);
#3951=ORIENTED_EDGE('',*,*,#2898,.T.);
#3952=ORIENTED_EDGE('',*,*,#2872,.F.);
#3953=ORIENTED_EDGE('',*,*,#2621,.T.);
#3954=ORIENTED_EDGE('',*,*,#2628,.F.);
#3955=ORIENTED_EDGE('',*,*,#2723,.T.);
#3956=ORIENTED_EDGE('',*,*,#2424,.T.);
#3957=ORIENTED_EDGE('',*,*,#2435,.T.);
#3958=ORIENTED_EDGE('',*,*,#2874,.F.);
#3959=ORIENTED_EDGE('',*,*,#2856,.T.);
#3960=ORIENTED_EDGE('',*,*,#2857,.T.);
#3961=ORIENTED_EDGE('',*,*,#2844,.F.);
#3962=ORIENTED_EDGE('',*,*,#2634,.T.);
#3963=ORIENTED_EDGE('',*,*,#2690,.T.);
#3964=ORIENTED_EDGE('',*,*,#2873,.F.);
#3965=ORIENTED_EDGE('',*,*,#2898,.F.);
#3966=ORIENTED_EDGE('',*,*,#2522,.F.);
#3967=ORIENTED_EDGE('',*,*,#2625,.F.);
#3968=ORIENTED_EDGE('',*,*,#2899,.F.);
#3969=ORIENTED_EDGE('',*,*,#2900,.T.);
#3970=ORIENTED_EDGE('',*,*,#2901,.T.);
#3971=ORIENTED_EDGE('',*,*,#2902,.T.);
#3972=ORIENTED_EDGE('',*,*,#2903,.T.);
#3973=ORIENTED_EDGE('',*,*,#2663,.T.);
#3974=ORIENTED_EDGE('',*,*,#2604,.T.);
#3975=ORIENTED_EDGE('',*,*,#2888,.F.);
#3976=ORIENTED_EDGE('',*,*,#2904,.F.);
#3977=ORIENTED_EDGE('',*,*,#2664,.T.);
#3978=ORIENTED_EDGE('',*,*,#2904,.T.);
#3979=ORIENTED_EDGE('',*,*,#2887,.F.);
#3980=ORIENTED_EDGE('',*,*,#2905,.T.);
#3981=ORIENTED_EDGE('',*,*,#2864,.T.);
#3982=ORIENTED_EDGE('',*,*,#2665,.T.);
#3983=ORIENTED_EDGE('',*,*,#2905,.F.);
#3984=ORIENTED_EDGE('',*,*,#2886,.F.);
#3985=ORIENTED_EDGE('',*,*,#2398,.F.);
#3986=ORIENTED_EDGE('',*,*,#2890,.F.);
#3987=ORIENTED_EDGE('',*,*,#2409,.F.);
#3988=ORIENTED_EDGE('',*,*,#2462,.F.);
#3989=ORIENTED_EDGE('',*,*,#2906,.F.);
#3990=ORIENTED_EDGE('',*,*,#2892,.F.);
#3991=ORIENTED_EDGE('',*,*,#2796,.T.);
#3992=ORIENTED_EDGE('',*,*,#2792,.T.);
#3993=ORIENTED_EDGE('',*,*,#2674,.T.);
#3994=ORIENTED_EDGE('',*,*,#2847,.T.);
#3995=ORIENTED_EDGE('',*,*,#2889,.F.);
#3996=ORIENTED_EDGE('',*,*,#2600,.F.);
#3997=ORIENTED_EDGE('',*,*,#2418,.T.);
#3998=ORIENTED_EDGE('',*,*,#2885,.T.);
#3999=ORIENTED_EDGE('',*,*,#2907,.F.);
#4000=ORIENTED_EDGE('',*,*,#2908,.F.);
#4001=ORIENTED_EDGE('',*,*,#2433,.T.);
#4002=ORIENTED_EDGE('',*,*,#2909,.F.);
#4003=ORIENTED_EDGE('',*,*,#2910,.T.);
#4004=ORIENTED_EDGE('',*,*,#2875,.T.);
#4005=ORIENTED_EDGE('',*,*,#2460,.F.);
#4006=ORIENTED_EDGE('',*,*,#2911,.F.);
#4007=ORIENTED_EDGE('',*,*,#2894,.F.);
#4008=ORIENTED_EDGE('',*,*,#2912,.T.);
#4009=ORIENTED_EDGE('',*,*,#2461,.F.);
#4010=ORIENTED_EDGE('',*,*,#2912,.F.);
#4011=ORIENTED_EDGE('',*,*,#2893,.F.);
#4012=ORIENTED_EDGE('',*,*,#2906,.T.);
#4013=ORIENTED_EDGE('',*,*,#2794,.T.);
#4014=ORIENTED_EDGE('',*,*,#2798,.F.);
#4015=ORIENTED_EDGE('',*,*,#2891,.F.);
#4016=ORIENTED_EDGE('',*,*,#2913,.T.);
#4017=ORIENTED_EDGE('',*,*,#2456,.F.);
#4018=ORIENTED_EDGE('',*,*,#2791,.F.);
#4019=ORIENTED_EDGE('',*,*,#2457,.F.);
#4020=ORIENTED_EDGE('',*,*,#2913,.F.);
#4021=ORIENTED_EDGE('',*,*,#2897,.F.);
#4022=ORIENTED_EDGE('',*,*,#2914,.T.);
#4023=ORIENTED_EDGE('',*,*,#2458,.F.);
#4024=ORIENTED_EDGE('',*,*,#2914,.F.);
#4025=ORIENTED_EDGE('',*,*,#2896,.F.);
#4026=ORIENTED_EDGE('',*,*,#2915,.T.);
#4027=ORIENTED_EDGE('',*,*,#2459,.F.);
#4028=ORIENTED_EDGE('',*,*,#2915,.F.);
#4029=ORIENTED_EDGE('',*,*,#2895,.F.);
#4030=ORIENTED_EDGE('',*,*,#2911,.T.);
#4031=ORIENTED_EDGE('',*,*,#2732,.T.);
#4032=ORIENTED_EDGE('',*,*,#2916,.F.);
#4033=ORIENTED_EDGE('',*,*,#2917,.F.);
#4034=ORIENTED_EDGE('',*,*,#2431,.T.);
#4035=ORIENTED_EDGE('',*,*,#2815,.T.);
#4036=ORIENTED_EDGE('',*,*,#2470,.F.);
#4037=ORIENTED_EDGE('',*,*,#2833,.F.);
#4038=ORIENTED_EDGE('',*,*,#2918,.F.);
#4039=ORIENTED_EDGE('',*,*,#2919,.F.);
#4040=ORIENTED_EDGE('',*,*,#2728,.T.);
#4041=ORIENTED_EDGE('',*,*,#2731,.T.);
#4042=ORIENTED_EDGE('',*,*,#2920,.T.);
#4043=ORIENTED_EDGE('',*,*,#2921,.F.);
#4044=ORIENTED_EDGE('',*,*,#2916,.T.);
#4045=ORIENTED_EDGE('',*,*,#2922,.F.);
#4046=ORIENTED_EDGE('',*,*,#2923,.F.);
#4047=ORIENTED_EDGE('',*,*,#2924,.F.);
#4048=ORIENTED_EDGE('',*,*,#2925,.F.);
#4049=ORIENTED_EDGE('',*,*,#2926,.F.);
#4050=ORIENTED_EDGE('',*,*,#2927,.F.);
#4051=ORIENTED_EDGE('',*,*,#2928,.F.);
#4052=ORIENTED_EDGE('',*,*,#2929,.F.);
#4053=ORIENTED_EDGE('',*,*,#2419,.T.);
#4054=ORIENTED_EDGE('',*,*,#2908,.T.);
#4055=ORIENTED_EDGE('',*,*,#2930,.T.);
#4056=ORIENTED_EDGE('',*,*,#2931,.T.);
#4057=ORIENTED_EDGE('',*,*,#2932,.T.);
#4058=ORIENTED_EDGE('',*,*,#2933,.T.);
#4059=ORIENTED_EDGE('',*,*,#2934,.T.);
#4060=ORIENTED_EDGE('',*,*,#2935,.T.);
#4061=ORIENTED_EDGE('',*,*,#2936,.T.);
#4062=ORIENTED_EDGE('',*,*,#2909,.T.);
#4063=ORIENTED_EDGE('',*,*,#2432,.T.);
#4064=ORIENTED_EDGE('',*,*,#2917,.T.);
#4065=ORIENTED_EDGE('',*,*,#2921,.T.);
#4066=ORIENTED_EDGE('',*,*,#2937,.T.);
#4067=ORIENTED_EDGE('',*,*,#2938,.T.);
#4068=ORIENTED_EDGE('',*,*,#2918,.T.);
#4069=ORIENTED_EDGE('',*,*,#2832,.T.);
#4070=ORIENTED_EDGE('',*,*,#2821,.T.);
#4071=ORIENTED_EDGE('',*,*,#2824,.T.);
#4072=ORIENTED_EDGE('',*,*,#2826,.T.);
#4073=ORIENTED_EDGE('',*,*,#2828,.T.);
#4074=ORIENTED_EDGE('',*,*,#2829,.T.);
#4075=ORIENTED_EDGE('',*,*,#2746,.T.);
#4076=ORIENTED_EDGE('',*,*,#2751,.T.);
#4077=ORIENTED_EDGE('',*,*,#2819,.T.);
#4078=ORIENTED_EDGE('',*,*,#2743,.T.);
#4079=ORIENTED_EDGE('',*,*,#2736,.T.);
#4080=ORIENTED_EDGE('',*,*,#2739,.T.);
#4081=ORIENTED_EDGE('',*,*,#2939,.T.);
#4082=ORIENTED_EDGE('',*,*,#2940,.T.);
#4083=ORIENTED_EDGE('',*,*,#2729,.T.);
#4084=ORIENTED_EDGE('',*,*,#2919,.T.);
#4085=ORIENTED_EDGE('',*,*,#2938,.F.);
#4086=ORIENTED_EDGE('',*,*,#2941,.T.);
#4087=ORIENTED_EDGE('',*,*,#2838,.T.);
#4088=ORIENTED_EDGE('',*,*,#2942,.F.);
#4089=ORIENTED_EDGE('',*,*,#2943,.F.);
#4090=ORIENTED_EDGE('',*,*,#2944,.T.);
#4091=ORIENTED_EDGE('',*,*,#2837,.T.);
#4092=ORIENTED_EDGE('',*,*,#2945,.F.);
#4093=ORIENTED_EDGE('',*,*,#2946,.F.);
#4094=ORIENTED_EDGE('',*,*,#2942,.T.);
#4095=ORIENTED_EDGE('',*,*,#2836,.T.);
#4096=ORIENTED_EDGE('',*,*,#2947,.F.);
#4097=ORIENTED_EDGE('',*,*,#2948,.F.);
#4098=ORIENTED_EDGE('',*,*,#2945,.T.);
#4099=ORIENTED_EDGE('',*,*,#2835,.T.);
#4100=ORIENTED_EDGE('',*,*,#2949,.F.);
#4101=ORIENTED_EDGE('',*,*,#2950,.F.);
#4102=ORIENTED_EDGE('',*,*,#2947,.T.);
#4103=ORIENTED_EDGE('',*,*,#2715,.T.);
#4104=ORIENTED_EDGE('',*,*,#2951,.F.);
#4105=ORIENTED_EDGE('',*,*,#2939,.F.);
#4106=ORIENTED_EDGE('',*,*,#2738,.T.);
#4107=ORIENTED_EDGE('',*,*,#2714,.T.);
#4108=ORIENTED_EDGE('',*,*,#2737,.F.);
#4109=ORIENTED_EDGE('',*,*,#2940,.F.);
#4110=ORIENTED_EDGE('',*,*,#2951,.T.);
#4111=ORIENTED_EDGE('',*,*,#2730,.T.);
#4112=ORIENTED_EDGE('',*,*,#2941,.F.);
#4113=ORIENTED_EDGE('',*,*,#2937,.F.);
#4114=ORIENTED_EDGE('',*,*,#2920,.F.);
#4115=ORIENTED_EDGE('',*,*,#2952,.F.);
#4116=ORIENTED_EDGE('',*,*,#2953,.T.);
#4117=ORIENTED_EDGE('',*,*,#2900,.F.);
#4118=ORIENTED_EDGE('',*,*,#2954,.F.);
#4119=ORIENTED_EDGE('',*,*,#2955,.F.);
#4120=ORIENTED_EDGE('',*,*,#2956,.T.);
#4121=ORIENTED_EDGE('',*,*,#2901,.F.);
#4122=ORIENTED_EDGE('',*,*,#2953,.F.);
#4123=ORIENTED_EDGE('',*,*,#2957,.F.);
#4124=ORIENTED_EDGE('',*,*,#2958,.T.);
#4125=ORIENTED_EDGE('',*,*,#2902,.F.);
#4126=ORIENTED_EDGE('',*,*,#2956,.F.);
#4127=ORIENTED_EDGE('',*,*,#2959,.F.);
#4128=ORIENTED_EDGE('',*,*,#2954,.T.);
#4129=ORIENTED_EDGE('',*,*,#2903,.F.);
#4130=ORIENTED_EDGE('',*,*,#2958,.F.);
#4131=ORIENTED_EDGE('',*,*,#2960,.F.);
#4132=ORIENTED_EDGE('',*,*,#2961,.T.);
#4133=ORIENTED_EDGE('',*,*,#2899,.T.);
#4134=ORIENTED_EDGE('',*,*,#2961,.F.);
#4135=ORIENTED_EDGE('',*,*,#2962,.F.);
#4136=ORIENTED_EDGE('',*,*,#2963,.T.);
#4137=ORIENTED_EDGE('',*,*,#2779,.T.);
#4138=ORIENTED_EDGE('',*,*,#2783,.F.);
#4139=ORIENTED_EDGE('',*,*,#2762,.T.);
#4140=ORIENTED_EDGE('',*,*,#2780,.T.);
#4141=ORIENTED_EDGE('',*,*,#2963,.F.);
#4142=ORIENTED_EDGE('',*,*,#2964,.F.);
#4143=ORIENTED_EDGE('',*,*,#2965,.T.);
#4144=ORIENTED_EDGE('',*,*,#2775,.T.);
#4145=ORIENTED_EDGE('',*,*,#2771,.T.);
#4146=ORIENTED_EDGE('',*,*,#2966,.F.);
#4147=ORIENTED_EDGE('',*,*,#2781,.T.);
#4148=ORIENTED_EDGE('',*,*,#2776,.T.);
#4149=ORIENTED_EDGE('',*,*,#2965,.F.);
#4150=ORIENTED_EDGE('',*,*,#2967,.F.);
#4151=ORIENTED_EDGE('',*,*,#2968,.T.);
#4152=ORIENTED_EDGE('',*,*,#2749,.F.);
#4153=ORIENTED_EDGE('',*,*,#2968,.F.);
#4154=ORIENTED_EDGE('',*,*,#2969,.F.);
#4155=ORIENTED_EDGE('',*,*,#2787,.T.);
#4156=ORIENTED_EDGE('',*,*,#2765,.T.);
#4157=ORIENTED_EDGE('',*,*,#2970,.F.);
#4158=ORIENTED_EDGE('',*,*,#2971,.F.);
#4159=ORIENTED_EDGE('',*,*,#2972,.T.);
#4160=ORIENTED_EDGE('',*,*,#2785,.T.);
#4161=ORIENTED_EDGE('',*,*,#2789,.F.);
#4162=ORIENTED_EDGE('',*,*,#2756,.T.);
#4163=ORIENTED_EDGE('',*,*,#2786,.T.);
#4164=ORIENTED_EDGE('',*,*,#2972,.F.);
#4165=ORIENTED_EDGE('',*,*,#2973,.F.);
#4166=ORIENTED_EDGE('',*,*,#2970,.T.);
#4167=ORIENTED_EDGE('',*,*,#2764,.T.);
#4168=ORIENTED_EDGE('',*,*,#2974,.F.);
#4169=ORIENTED_EDGE('',*,*,#2975,.T.);
#4170=ORIENTED_EDGE('',*,*,#2810,.F.);
#4171=ORIENTED_EDGE('',*,*,#2975,.F.);
#4172=ORIENTED_EDGE('',*,*,#2834,.T.);
#4173=ORIENTED_EDGE('',*,*,#2976,.F.);
#4174=ORIENTED_EDGE('',*,*,#2977,.F.);
#4175=ORIENTED_EDGE('',*,*,#2949,.T.);
#4176=ORIENTED_EDGE('',*,*,#2839,.T.);
#4177=ORIENTED_EDGE('',*,*,#2944,.F.);
#4178=ORIENTED_EDGE('',*,*,#2978,.F.);
#4179=ORIENTED_EDGE('',*,*,#2979,.T.);
#4180=ORIENTED_EDGE('',*,*,#2840,.T.);
#4181=ORIENTED_EDGE('',*,*,#2979,.F.);
#4182=ORIENTED_EDGE('',*,*,#2980,.F.);
#4183=ORIENTED_EDGE('',*,*,#2981,.T.);
#4184=ORIENTED_EDGE('',*,*,#2841,.T.);
#4185=ORIENTED_EDGE('',*,*,#2981,.F.);
#4186=ORIENTED_EDGE('',*,*,#2982,.F.);
#4187=ORIENTED_EDGE('',*,*,#2976,.T.);
#4188=ORIENTED_EDGE('',*,*,#2983,.F.);
#4189=ORIENTED_EDGE('',*,*,#2589,.F.);
#4190=ORIENTED_EDGE('',*,*,#2984,.F.);
#4191=ORIENTED_EDGE('',*,*,#2985,.T.);
#4192=ORIENTED_EDGE('',*,*,#2986,.T.);
#4193=ORIENTED_EDGE('',*,*,#2985,.F.);
#4194=ORIENTED_EDGE('',*,*,#2987,.F.);
#4195=ORIENTED_EDGE('',*,*,#2590,.T.);
#4196=ORIENTED_EDGE('',*,*,#2988,.F.);
#4197=ORIENTED_EDGE('',*,*,#2580,.F.);
#4198=ORIENTED_EDGE('',*,*,#2989,.F.);
#4199=ORIENTED_EDGE('',*,*,#2990,.T.);
#4200=ORIENTED_EDGE('',*,*,#2991,.T.);
#4201=ORIENTED_EDGE('',*,*,#2990,.F.);
#4202=ORIENTED_EDGE('',*,*,#2992,.F.);
#4203=ORIENTED_EDGE('',*,*,#2540,.T.);
#4204=ORIENTED_EDGE('',*,*,#2993,.T.);
#4205=ORIENTED_EDGE('',*,*,#2994,.T.);
#4206=ORIENTED_EDGE('',*,*,#2995,.T.);
#4207=ORIENTED_EDGE('',*,*,#2996,.T.);
#4208=ORIENTED_EDGE('',*,*,#2993,.F.);
#4209=ORIENTED_EDGE('',*,*,#2997,.T.);
#4210=ORIENTED_EDGE('',*,*,#2998,.T.);
#4211=ORIENTED_EDGE('',*,*,#2999,.T.);
#4212=ORIENTED_EDGE('',*,*,#3000,.T.);
#4213=ORIENTED_EDGE('',*,*,#3001,.T.);
#4214=ORIENTED_EDGE('',*,*,#2998,.F.);
#4215=ORIENTED_EDGE('',*,*,#3002,.T.);
#4216=ORIENTED_EDGE('',*,*,#3000,.F.);
#4217=ORIENTED_EDGE('',*,*,#3003,.T.);
#4218=ORIENTED_EDGE('',*,*,#3004,.T.);
#4219=ORIENTED_EDGE('',*,*,#3005,.T.);
#4220=ORIENTED_EDGE('',*,*,#3006,.T.);
#4221=ORIENTED_EDGE('',*,*,#3007,.T.);
#4222=ORIENTED_EDGE('',*,*,#3004,.F.);
#4223=ORIENTED_EDGE('',*,*,#3008,.T.);
#4224=ORIENTED_EDGE('',*,*,#3006,.F.);
#4225=ORIENTED_EDGE('',*,*,#3009,.T.);
#4226=ORIENTED_EDGE('',*,*,#3010,.T.);
#4227=ORIENTED_EDGE('',*,*,#3011,.T.);
#4228=ORIENTED_EDGE('',*,*,#3012,.T.);
#4229=ORIENTED_EDGE('',*,*,#3013,.T.);
#4230=ORIENTED_EDGE('',*,*,#3010,.F.);
#4231=ORIENTED_EDGE('',*,*,#3014,.T.);
#4232=ORIENTED_EDGE('',*,*,#3012,.F.);
#4233=ORIENTED_EDGE('',*,*,#3015,.T.);
#4234=ORIENTED_EDGE('',*,*,#2995,.F.);
#4235=ORIENTED_EDGE('',*,*,#3016,.T.);
#4236=ORIENTED_EDGE('',*,*,#3003,.F.);
#4237=ORIENTED_EDGE('',*,*,#3017,.T.);
#4238=ORIENTED_EDGE('',*,*,#3018,.F.);
#4239=ORIENTED_EDGE('',*,*,#3019,.F.);
#4240=ORIENTED_EDGE('',*,*,#3002,.F.);
#4241=ORIENTED_EDGE('',*,*,#3020,.T.);
#4242=ORIENTED_EDGE('',*,*,#3021,.F.);
#4243=ORIENTED_EDGE('',*,*,#3017,.F.);
#4244=ORIENTED_EDGE('',*,*,#2967,.T.);
#4245=ORIENTED_EDGE('',*,*,#2969,.T.);
#4246=ORIENTED_EDGE('',*,*,#2973,.T.);
#4247=ORIENTED_EDGE('',*,*,#2971,.T.);
#4248=ORIENTED_EDGE('',*,*,#2788,.T.);
#4249=ORIENTED_EDGE('',*,*,#2974,.T.);
#4250=ORIENTED_EDGE('',*,*,#2977,.T.);
#4251=ORIENTED_EDGE('',*,*,#2982,.T.);
#4252=ORIENTED_EDGE('',*,*,#2980,.T.);
#4253=ORIENTED_EDGE('',*,*,#2978,.T.);
#4254=ORIENTED_EDGE('',*,*,#2943,.T.);
#4255=ORIENTED_EDGE('',*,*,#2946,.T.);
#4256=ORIENTED_EDGE('',*,*,#2948,.T.);
#4257=ORIENTED_EDGE('',*,*,#2950,.T.);
#4258=ORIENTED_EDGE('',*,*,#2997,.F.);
#4259=ORIENTED_EDGE('',*,*,#3022,.T.);
#4260=ORIENTED_EDGE('',*,*,#3023,.F.);
#4261=ORIENTED_EDGE('',*,*,#3020,.F.);
#4262=ORIENTED_EDGE('',*,*,#2996,.F.);
#4263=ORIENTED_EDGE('',*,*,#3024,.T.);
#4264=ORIENTED_EDGE('',*,*,#3025,.F.);
#4265=ORIENTED_EDGE('',*,*,#3022,.F.);
#4266=ORIENTED_EDGE('',*,*,#2952,.T.);
#4267=ORIENTED_EDGE('',*,*,#2959,.T.);
#4268=ORIENTED_EDGE('',*,*,#2957,.T.);
#4269=ORIENTED_EDGE('',*,*,#2955,.T.);
#4270=ORIENTED_EDGE('',*,*,#2960,.T.);
#4271=ORIENTED_EDGE('',*,*,#2962,.T.);
#4272=ORIENTED_EDGE('',*,*,#2782,.T.);
#4273=ORIENTED_EDGE('',*,*,#2966,.T.);
#4274=ORIENTED_EDGE('',*,*,#2964,.T.);
#4275=ORIENTED_EDGE('',*,*,#2591,.T.);
#4276=ORIENTED_EDGE('',*,*,#2987,.T.);
#4277=ORIENTED_EDGE('',*,*,#2984,.T.);
#4278=ORIENTED_EDGE('',*,*,#2588,.T.);
#4279=ORIENTED_EDGE('',*,*,#2541,.T.);
#4280=ORIENTED_EDGE('',*,*,#2992,.T.);
#4281=ORIENTED_EDGE('',*,*,#2989,.T.);
#4282=ORIENTED_EDGE('',*,*,#2579,.T.);
#4283=ORIENTED_EDGE('',*,*,#2994,.F.);
#4284=ORIENTED_EDGE('',*,*,#2999,.F.);
#4285=ORIENTED_EDGE('',*,*,#3001,.F.);
#4286=ORIENTED_EDGE('',*,*,#3005,.F.);
#4287=ORIENTED_EDGE('',*,*,#3007,.F.);
#4288=ORIENTED_EDGE('',*,*,#3011,.F.);
#4289=ORIENTED_EDGE('',*,*,#3013,.F.);
#4290=ORIENTED_EDGE('',*,*,#3016,.F.);
#4291=ORIENTED_EDGE('',*,*,#3026,.T.);
#4292=ORIENTED_EDGE('',*,*,#3027,.T.);
#4293=ORIENTED_EDGE('',*,*,#3028,.T.);
#4294=ORIENTED_EDGE('',*,*,#3029,.T.);
#4295=ORIENTED_EDGE('',*,*,#3030,.T.);
#4296=ORIENTED_EDGE('',*,*,#3031,.T.);
#4297=ORIENTED_EDGE('',*,*,#3032,.T.);
#4298=ORIENTED_EDGE('',*,*,#3033,.T.);
#4299=ORIENTED_EDGE('',*,*,#3034,.T.);
#4300=ORIENTED_EDGE('',*,*,#3035,.T.);
#4301=ORIENTED_EDGE('',*,*,#3036,.T.);
#4302=ORIENTED_EDGE('',*,*,#3025,.T.);
#4303=ORIENTED_EDGE('',*,*,#3037,.T.);
#4304=ORIENTED_EDGE('',*,*,#3038,.T.);
#4305=ORIENTED_EDGE('',*,*,#3034,.F.);
#4306=ORIENTED_EDGE('',*,*,#3039,.T.);
#4307=ORIENTED_EDGE('',*,*,#3040,.T.);
#4308=ORIENTED_EDGE('',*,*,#3041,.T.);
#4309=ORIENTED_EDGE('',*,*,#3037,.F.);
#4310=ORIENTED_EDGE('',*,*,#3042,.T.);
#4311=ORIENTED_EDGE('',*,*,#3043,.T.);
#4312=ORIENTED_EDGE('',*,*,#3044,.T.);
#4313=ORIENTED_EDGE('',*,*,#3040,.F.);
#4314=ORIENTED_EDGE('',*,*,#3045,.T.);
#4315=ORIENTED_EDGE('',*,*,#3046,.T.);
#4316=ORIENTED_EDGE('',*,*,#3047,.T.);
#4317=ORIENTED_EDGE('',*,*,#3043,.F.);
#4318=ORIENTED_EDGE('',*,*,#3048,.T.);
#4319=ORIENTED_EDGE('',*,*,#3049,.T.);
#4320=ORIENTED_EDGE('',*,*,#3050,.T.);
#4321=ORIENTED_EDGE('',*,*,#3046,.F.);
#4322=ORIENTED_EDGE('',*,*,#3018,.T.);
#4323=ORIENTED_EDGE('',*,*,#3051,.T.);
#4324=ORIENTED_EDGE('',*,*,#3052,.T.);
#4325=ORIENTED_EDGE('',*,*,#3049,.F.);
#4326=ORIENTED_EDGE('',*,*,#3021,.T.);
#4327=ORIENTED_EDGE('',*,*,#3036,.F.);
#4328=ORIENTED_EDGE('',*,*,#3053,.T.);
#4329=ORIENTED_EDGE('',*,*,#3051,.F.);
#4330=ORIENTED_EDGE('',*,*,#3023,.T.);
#4331=ORIENTED_EDGE('',*,*,#3009,.F.);
#4332=ORIENTED_EDGE('',*,*,#3054,.T.);
#4333=ORIENTED_EDGE('',*,*,#3045,.F.);
#4334=ORIENTED_EDGE('',*,*,#3055,.F.);
#4335=ORIENTED_EDGE('',*,*,#3014,.F.);
#4336=ORIENTED_EDGE('',*,*,#3055,.T.);
#4337=ORIENTED_EDGE('',*,*,#3042,.F.);
#4338=ORIENTED_EDGE('',*,*,#3056,.F.);
#4339=ORIENTED_EDGE('',*,*,#3015,.F.);
#4340=ORIENTED_EDGE('',*,*,#3056,.T.);
#4341=ORIENTED_EDGE('',*,*,#3039,.F.);
#4342=ORIENTED_EDGE('',*,*,#3024,.F.);
#4343=ORIENTED_EDGE('',*,*,#3035,.F.);
#4344=ORIENTED_EDGE('',*,*,#3038,.F.);
#4345=ORIENTED_EDGE('',*,*,#3041,.F.);
#4346=ORIENTED_EDGE('',*,*,#3044,.F.);
#4347=ORIENTED_EDGE('',*,*,#3047,.F.);
#4348=ORIENTED_EDGE('',*,*,#3050,.F.);
#4349=ORIENTED_EDGE('',*,*,#3052,.F.);
#4350=ORIENTED_EDGE('',*,*,#3053,.F.);
#4351=ORIENTED_EDGE('',*,*,#3057,.T.);
#4352=ORIENTED_EDGE('',*,*,#3058,.T.);
#4353=ORIENTED_EDGE('',*,*,#3059,.T.);
#4354=ORIENTED_EDGE('',*,*,#3060,.T.);
#4355=ORIENTED_EDGE('',*,*,#3061,.T.);
#4356=ORIENTED_EDGE('',*,*,#3062,.T.);
#4357=ORIENTED_EDGE('',*,*,#3063,.T.);
#4358=ORIENTED_EDGE('',*,*,#3064,.T.);
#4359=ORIENTED_EDGE('',*,*,#2931,.F.);
#4360=ORIENTED_EDGE('',*,*,#3065,.T.);
#4361=ORIENTED_EDGE('',*,*,#2883,.T.);
#4362=ORIENTED_EDGE('',*,*,#3066,.F.);
#4363=ORIENTED_EDGE('',*,*,#2930,.F.);
#4364=ORIENTED_EDGE('',*,*,#2907,.T.);
#4365=ORIENTED_EDGE('',*,*,#2884,.T.);
#4366=ORIENTED_EDGE('',*,*,#3065,.F.);
#4367=ORIENTED_EDGE('',*,*,#2936,.F.);
#4368=ORIENTED_EDGE('',*,*,#3067,.T.);
#4369=ORIENTED_EDGE('',*,*,#2876,.T.);
#4370=ORIENTED_EDGE('',*,*,#2910,.F.);
#4371=ORIENTED_EDGE('',*,*,#2935,.F.);
#4372=ORIENTED_EDGE('',*,*,#3068,.T.);
#4373=ORIENTED_EDGE('',*,*,#2879,.T.);
#4374=ORIENTED_EDGE('',*,*,#2570,.T.);
#4375=ORIENTED_EDGE('',*,*,#2573,.T.);
#4376=ORIENTED_EDGE('',*,*,#2586,.F.);
#4377=ORIENTED_EDGE('',*,*,#2983,.T.);
#4378=ORIENTED_EDGE('',*,*,#2986,.F.);
#4379=ORIENTED_EDGE('',*,*,#2567,.T.);
#4380=ORIENTED_EDGE('',*,*,#2562,.F.);
#4381=ORIENTED_EDGE('',*,*,#2878,.T.);
#4382=ORIENTED_EDGE('',*,*,#2559,.T.);
#4383=ORIENTED_EDGE('',*,*,#2543,.T.);
#4384=ORIENTED_EDGE('',*,*,#2578,.F.);
#4385=ORIENTED_EDGE('',*,*,#2988,.T.);
#4386=ORIENTED_EDGE('',*,*,#2991,.F.);
#4387=ORIENTED_EDGE('',*,*,#2539,.T.);
#4388=ORIENTED_EDGE('',*,*,#2611,.F.);
#4389=ORIENTED_EDGE('',*,*,#2877,.T.);
#4390=ORIENTED_EDGE('',*,*,#3067,.F.);
#4391=ORIENTED_EDGE('',*,*,#2934,.F.);
#4392=ORIENTED_EDGE('',*,*,#3069,.T.);
#4393=ORIENTED_EDGE('',*,*,#2880,.T.);
#4394=ORIENTED_EDGE('',*,*,#3068,.F.);
#4395=ORIENTED_EDGE('',*,*,#2933,.F.);
#4396=ORIENTED_EDGE('',*,*,#3070,.T.);
#4397=ORIENTED_EDGE('',*,*,#2881,.T.);
#4398=ORIENTED_EDGE('',*,*,#3069,.F.);
#4399=ORIENTED_EDGE('',*,*,#2932,.F.);
#4400=ORIENTED_EDGE('',*,*,#3066,.T.);
#4401=ORIENTED_EDGE('',*,*,#2882,.T.);
#4402=ORIENTED_EDGE('',*,*,#3070,.F.);
#4403=ORIENTED_EDGE('',*,*,#3026,.F.);
#4404=ORIENTED_EDGE('',*,*,#3071,.T.);
#4405=ORIENTED_EDGE('',*,*,#2446,.T.);
#4406=ORIENTED_EDGE('',*,*,#3072,.F.);
#4407=ORIENTED_EDGE('',*,*,#3033,.F.);
#4408=ORIENTED_EDGE('',*,*,#3073,.T.);
#4409=ORIENTED_EDGE('',*,*,#2447,.T.);
#4410=ORIENTED_EDGE('',*,*,#3071,.F.);
#4411=ORIENTED_EDGE('',*,*,#3032,.F.);
#4412=ORIENTED_EDGE('',*,*,#3074,.T.);
#4413=ORIENTED_EDGE('',*,*,#2448,.T.);
#4414=ORIENTED_EDGE('',*,*,#3073,.F.);
#4415=ORIENTED_EDGE('',*,*,#3031,.F.);
#4416=ORIENTED_EDGE('',*,*,#3075,.T.);
#4417=ORIENTED_EDGE('',*,*,#2449,.T.);
#4418=ORIENTED_EDGE('',*,*,#3074,.F.);
#4419=ORIENTED_EDGE('',*,*,#3030,.F.);
#4420=ORIENTED_EDGE('',*,*,#3076,.T.);
#4421=ORIENTED_EDGE('',*,*,#2450,.T.);
#4422=ORIENTED_EDGE('',*,*,#3075,.F.);
#4423=ORIENTED_EDGE('',*,*,#3029,.F.);
#4424=ORIENTED_EDGE('',*,*,#3077,.T.);
#4425=ORIENTED_EDGE('',*,*,#2451,.T.);
#4426=ORIENTED_EDGE('',*,*,#3076,.F.);
#4427=ORIENTED_EDGE('',*,*,#3028,.F.);
#4428=ORIENTED_EDGE('',*,*,#3078,.T.);
#4429=ORIENTED_EDGE('',*,*,#2452,.T.);
#4430=ORIENTED_EDGE('',*,*,#3077,.F.);
#4431=ORIENTED_EDGE('',*,*,#3027,.F.);
#4432=ORIENTED_EDGE('',*,*,#3072,.T.);
#4433=ORIENTED_EDGE('',*,*,#2445,.T.);
#4434=ORIENTED_EDGE('',*,*,#3078,.F.);
#4435=ORIENTED_EDGE('',*,*,#3057,.F.);
#4436=ORIENTED_EDGE('',*,*,#3079,.T.);
#4437=ORIENTED_EDGE('',*,*,#2923,.T.);
#4438=ORIENTED_EDGE('',*,*,#3080,.F.);
#4439=ORIENTED_EDGE('',*,*,#3064,.F.);
#4440=ORIENTED_EDGE('',*,*,#3081,.T.);
#4441=ORIENTED_EDGE('',*,*,#2924,.T.);
#4442=ORIENTED_EDGE('',*,*,#3079,.F.);
#4443=ORIENTED_EDGE('',*,*,#3063,.F.);
#4444=ORIENTED_EDGE('',*,*,#3082,.T.);
#4445=ORIENTED_EDGE('',*,*,#2925,.T.);
#4446=ORIENTED_EDGE('',*,*,#3081,.F.);
#4447=ORIENTED_EDGE('',*,*,#3062,.F.);
#4448=ORIENTED_EDGE('',*,*,#3083,.T.);
#4449=ORIENTED_EDGE('',*,*,#2926,.T.);
#4450=ORIENTED_EDGE('',*,*,#3082,.F.);
#4451=ORIENTED_EDGE('',*,*,#3061,.F.);
#4452=ORIENTED_EDGE('',*,*,#3084,.T.);
#4453=ORIENTED_EDGE('',*,*,#2927,.T.);
#4454=ORIENTED_EDGE('',*,*,#3083,.F.);
#4455=ORIENTED_EDGE('',*,*,#3060,.F.);
#4456=ORIENTED_EDGE('',*,*,#3085,.T.);
#4457=ORIENTED_EDGE('',*,*,#2928,.T.);
#4458=ORIENTED_EDGE('',*,*,#3084,.F.);
#4459=ORIENTED_EDGE('',*,*,#3059,.F.);
#4460=ORIENTED_EDGE('',*,*,#3086,.T.);
#4461=ORIENTED_EDGE('',*,*,#2929,.T.);
#4462=ORIENTED_EDGE('',*,*,#3085,.F.);
#4463=ORIENTED_EDGE('',*,*,#3058,.F.);
#4464=ORIENTED_EDGE('',*,*,#3080,.T.);
#4465=ORIENTED_EDGE('',*,*,#2922,.T.);
#4466=ORIENTED_EDGE('',*,*,#3086,.F.);
#4467=ORIENTED_EDGE('',*,*,#3008,.F.);
#4468=ORIENTED_EDGE('',*,*,#3019,.T.);
#4469=ORIENTED_EDGE('',*,*,#3048,.F.);
#4470=ORIENTED_EDGE('',*,*,#3054,.F.);
#4471=CYLINDRICAL_SURFACE('',#4782,10.);
#4472=CYLINDRICAL_SURFACE('',#4786,10.);
#4473=CYLINDRICAL_SURFACE('',#4790,0.789946005482811);
#4474=CYLINDRICAL_SURFACE('',#4799,0.789946005482802);
#4475=CYLINDRICAL_SURFACE('',#4803,1.);
#4476=CYLINDRICAL_SURFACE('',#4839,1.00000000000011);
#4477=CYLINDRICAL_SURFACE('',#4844,0.999999999999996);
#4478=CYLINDRICAL_SURFACE('',#4884,0.649999999999999);
#4479=CYLINDRICAL_SURFACE('',#4888,0.649999999999999);
#4480=CYLINDRICAL_SURFACE('',#4897,2.38781249990748);
#4481=CYLINDRICAL_SURFACE('',#4903,1.5000000000709);
#4482=CYLINDRICAL_SURFACE('',#4908,1.50000000006022);
#4483=CYLINDRICAL_SURFACE('',#4913,7.76208734813045);
#4484=CYLINDRICAL_SURFACE('',#4915,0.718766013896572);
#4485=CYLINDRICAL_SURFACE('',#4917,6.32455532033729);
#4486=CYLINDRICAL_SURFACE('',#4919,0.718766013896572);
#4487=CYLINDRICAL_SURFACE('',#4928,0.758252187057984);
#4488=CYLINDRICAL_SURFACE('',#4933,0.749999999999997);
#4489=CYLINDRICAL_SURFACE('',#4935,1.77499999999998);
#4490=CYLINDRICAL_SURFACE('',#4940,0.600000000000005);
#4491=CYLINDRICAL_SURFACE('',#4942,0.962702565405005);
#4492=CYLINDRICAL_SURFACE('',#4945,0.962702565405005);
#4493=CYLINDRICAL_SURFACE('',#4948,0.962702565405005);
#4494=CYLINDRICAL_SURFACE('',#4967,1.50000000008157);
#4495=CYLINDRICAL_SURFACE('',#4971,1.50000000000213);
#4496=CYLINDRICAL_SURFACE('',#4981,1.49999999999999);
#4497=CYLINDRICAL_SURFACE('',#4983,1.49999999999999);
#4498=CYLINDRICAL_SURFACE('',#4991,2.50000000000001);
#4499=CYLINDRICAL_SURFACE('',#4995,1.50000000000001);
#4500=CYLINDRICAL_SURFACE('',#5022,0.599999999999996);
#4501=CYLINDRICAL_SURFACE('',#5024,0.600000000000005);
#4502=CYLINDRICAL_SURFACE('',#5026,0.599999999999987);
#4503=CYLINDRICAL_SURFACE('',#5042,1.3);
#4504=CYLINDRICAL_SURFACE('',#5045,1.3);
#4505=CYLINDRICAL_SURFACE('',#5048,1.50000000005914);
#4506=CYLINDRICAL_SURFACE('',#5050,1.50000000000048);
#4507=CYLINDRICAL_SURFACE('',#5052,0.649999976149995);
#4508=CYLINDRICAL_SURFACE('',#5055,0.649999976149997);
#4509=CYLINDRICAL_SURFACE('',#5057,0.649999999999999);
#4510=CYLINDRICAL_SURFACE('',#5060,0.758252187057984);
#4511=CYLINDRICAL_SURFACE('',#5063,0.649999999999999);
#4512=CYLINDRICAL_SURFACE('',#5067,0.749999999999997);
#4513=CYLINDRICAL_SURFACE('',#5069,0.649999999999999);
#4514=CYLINDRICAL_SURFACE('',#5071,1.3);
#4515=CYLINDRICAL_SURFACE('',#5074,1.3);
#4516=CYLINDRICAL_SURFACE('',#5078,0.999999999999979);
#4517=CYLINDRICAL_SURFACE('',#5082,1.00000000000004);
#4518=CYLINDRICAL_SURFACE('',#5101,5.);
#4519=CYLINDRICAL_SURFACE('',#5104,5.);
#4520=CYLINDRICAL_SURFACE('',#5126,5.);
#4521=CYLINDRICAL_SURFACE('',#5128,5.);
#4522=CYLINDRICAL_SURFACE('',#5135,0.650000000000001);
#4523=CYLINDRICAL_SURFACE('',#5136,0.650000000000001);
#4524=CYLINDRICAL_SURFACE('',#5138,0.650000000000001);
#4525=CYLINDRICAL_SURFACE('',#5140,0.650000000000001);
#4526=CYLINDRICAL_SURFACE('',#5142,4.);
#4527=CYLINDRICAL_SURFACE('',#5144,4.);
#4528=CYLINDRICAL_SURFACE('',#5146,4.00000000000004);
#4529=CYLINDRICAL_SURFACE('',#5148,4.);
#4530=CYLINDRICAL_SURFACE('',#5150,4.00000000000004);
#4531=CYLINDRICAL_SURFACE('',#5152,4.);
#4532=CYLINDRICAL_SURFACE('',#5154,4.);
#4533=CYLINDRICAL_SURFACE('',#5156,4.);
#4534=ADVANCED_FACE('',(#221),#4471,.F.);
#4535=ADVANCED_FACE('',(#222),#58,.F.);
#4536=ADVANCED_FACE('',(#223),#4472,.F.);
#4537=ADVANCED_FACE('',(#224),#4473,.F.);
#4538=ADVANCED_FACE('',(#225),#59,.T.);
#4539=ADVANCED_FACE('',(#226),#60,.T.);
#4540=ADVANCED_FACE('',(#227),#61,.F.);
#4541=ADVANCED_FACE('',(#228),#4474,.F.);
#4542=ADVANCED_FACE('',(#229),#62,.F.);
#4543=ADVANCED_FACE('',(#230),#4475,.T.);
#4544=ADVANCED_FACE('',(#231),#63,.F.);
#4545=ADVANCED_FACE('',(#232,#31),#64,.F.);
#4546=ADVANCED_FACE('',(#233),#65,.T.);
#4547=ADVANCED_FACE('',(#234),#66,.T.);
#4548=ADVANCED_FACE('',(#235),#67,.F.);
#4549=ADVANCED_FACE('',(#236,#32),#68,.T.);
#4550=ADVANCED_FACE('',(#237),#69,.F.);
#4551=ADVANCED_FACE('',(#238),#70,.F.);
#4552=ADVANCED_FACE('',(#239),#71,.F.);
#4553=ADVANCED_FACE('',(#240),#72,.F.);
#4554=ADVANCED_FACE('',(#241),#73,.F.);
#4555=ADVANCED_FACE('',(#242),#74,.F.);
#4556=ADVANCED_FACE('',(#243),#75,.F.);
#4557=ADVANCED_FACE('',(#244),#76,.F.);
#4558=ADVANCED_FACE('',(#245),#77,.F.);
#4559=ADVANCED_FACE('',(#246),#78,.F.);
#4560=ADVANCED_FACE('',(#247),#79,.F.);
#4561=ADVANCED_FACE('',(#248),#80,.F.);
#4562=ADVANCED_FACE('',(#249),#4476,.F.);
#4563=ADVANCED_FACE('',(#250),#81,.F.);
#4564=ADVANCED_FACE('',(#251),#82,.F.);
#4565=ADVANCED_FACE('',(#252),#4477,.F.);
#4566=ADVANCED_FACE('',(#253),#83,.F.);
#4567=ADVANCED_FACE('',(#254),#84,.F.);
#4568=ADVANCED_FACE('',(#255),#85,.T.);
#4569=ADVANCED_FACE('',(#256),#86,.F.);
#4570=ADVANCED_FACE('',(#257),#87,.T.);
#4571=ADVANCED_FACE('',(#258),#88,.F.);
#4572=ADVANCED_FACE('',(#259),#89,.F.);
#4573=ADVANCED_FACE('',(#260),#90,.F.);
#4574=ADVANCED_FACE('',(#261),#91,.F.);
#4575=ADVANCED_FACE('',(#262),#92,.F.);
#4576=ADVANCED_FACE('',(#263),#93,.F.);
#4577=ADVANCED_FACE('',(#264),#94,.F.);
#4578=ADVANCED_FACE('',(#265),#95,.F.);
#4579=ADVANCED_FACE('',(#266),#96,.F.);
#4580=ADVANCED_FACE('',(#267),#97,.F.);
#4581=ADVANCED_FACE('',(#268),#98,.F.);
#4582=ADVANCED_FACE('',(#269),#99,.F.);
#4583=ADVANCED_FACE('',(#270,#33),#100,.T.);
#4584=ADVANCED_FACE('',(#271),#101,.T.);
#4585=ADVANCED_FACE('',(#272),#102,.T.);
#4586=ADVANCED_FACE('',(#273),#103,.T.);
#4587=ADVANCED_FACE('',(#274),#104,.T.);
#4588=ADVANCED_FACE('',(#275),#105,.T.);
#4589=ADVANCED_FACE('',(#276),#106,.F.);
#4590=ADVANCED_FACE('',(#277),#107,.T.);
#4591=ADVANCED_FACE('',(#278),#108,.F.);
#4592=ADVANCED_FACE('',(#279),#109,.T.);
#4593=ADVANCED_FACE('',(#280),#110,.T.);
#4594=ADVANCED_FACE('',(#281),#111,.T.);
#4595=ADVANCED_FACE('',(#282),#112,.F.);
#4596=ADVANCED_FACE('',(#283),#113,.F.);
#4597=ADVANCED_FACE('',(#284),#4478,.F.);
#4598=ADVANCED_FACE('',(#285),#114,.F.);
#4599=ADVANCED_FACE('',(#286),#4479,.F.);
#4600=ADVANCED_FACE('',(#287),#115,.T.);
#4601=ADVANCED_FACE('',(#288,#34,#35),#116,.T.);
#4602=ADVANCED_FACE('',(#289),#4480,.F.);
#4603=ADVANCED_FACE('',(#290),#117,.F.);
#4604=ADVANCED_FACE('',(#291),#118,.F.);
#4605=ADVANCED_FACE('',(#292),#119,.T.);
#4606=ADVANCED_FACE('',(#293),#4481,.F.);
#4607=ADVANCED_FACE('',(#294),#120,.F.);
#4608=ADVANCED_FACE('',(#295),#121,.F.);
#4609=ADVANCED_FACE('',(#296),#122,.F.);
#4610=ADVANCED_FACE('',(#297),#4482,.F.);
#4611=ADVANCED_FACE('',(#298,#36),#123,.F.);
#4612=ADVANCED_FACE('',(#299),#124,.F.);
#4613=ADVANCED_FACE('',(#300),#4483,.F.);
#4614=ADVANCED_FACE('',(#301),#4484,.F.);
#4615=ADVANCED_FACE('',(#302),#4485,.T.);
#4616=ADVANCED_FACE('',(#303),#4486,.F.);
#4617=ADVANCED_FACE('',(#304),#125,.T.);
#4618=ADVANCED_FACE('',(#305),#126,.T.);
#4619=ADVANCED_FACE('',(#306),#127,.T.);
#4620=ADVANCED_FACE('',(#307),#4487,.F.);
#4621=ADVANCED_FACE('',(#308),#128,.T.);
#4622=ADVANCED_FACE('',(#309),#4488,.F.);
#4623=ADVANCED_FACE('',(#310),#4489,.T.);
#4624=ADVANCED_FACE('',(#311),#129,.F.);
#4625=ADVANCED_FACE('',(#312),#130,.F.);
#4626=ADVANCED_FACE('',(#313),#4490,.F.);
#4627=ADVANCED_FACE('',(#314),#4491,.T.);
#4628=ADVANCED_FACE('',(#315),#131,.F.);
#4629=ADVANCED_FACE('',(#316),#4492,.T.);
#4630=ADVANCED_FACE('',(#317),#132,.F.);
#4631=ADVANCED_FACE('',(#318),#4493,.T.);
#4632=ADVANCED_FACE('',(#319),#133,.F.);
#4633=ADVANCED_FACE('',(#320),#134,.F.);
#4634=ADVANCED_FACE('',(#321),#135,.F.);
#4635=ADVANCED_FACE('',(#322),#136,.F.);
#4636=ADVANCED_FACE('',(#323,#37),#137,.F.);
#4637=ADVANCED_FACE('',(#324),#138,.F.);
#4638=ADVANCED_FACE('',(#325),#139,.F.);
#4639=ADVANCED_FACE('',(#326),#140,.F.);
#4640=ADVANCED_FACE('',(#327),#141,.F.);
#4641=ADVANCED_FACE('',(#328),#142,.F.);
#4642=ADVANCED_FACE('',(#329),#143,.F.);
#4643=ADVANCED_FACE('',(#330),#144,.F.);
#4644=ADVANCED_FACE('',(#331),#145,.F.);
#4645=ADVANCED_FACE('',(#332,#38),#146,.T.);
#4646=ADVANCED_FACE('',(#333),#4494,.F.);
#4647=ADVANCED_FACE('',(#334),#147,.F.);
#4648=ADVANCED_FACE('',(#335),#148,.F.);
#4649=ADVANCED_FACE('',(#336),#4495,.F.);
#4650=ADVANCED_FACE('',(#337),#149,.F.);
#4651=ADVANCED_FACE('',(#338),#150,.F.);
#4652=ADVANCED_FACE('',(#339),#151,.F.);
#4653=ADVANCED_FACE('',(#340,#39),#152,.F.);
#4654=ADVANCED_FACE('',(#341),#4496,.T.);
#4655=ADVANCED_FACE('',(#342),#4497,.T.);
#4656=ADVANCED_FACE('',(#343),#153,.F.);
#4657=ADVANCED_FACE('',(#344),#154,.F.);
#4658=ADVANCED_FACE('',(#345),#155,.F.);
#4659=ADVANCED_FACE('',(#346),#156,.F.);
#4660=ADVANCED_FACE('',(#347),#157,.F.);
#4661=ADVANCED_FACE('',(#348),#158,.F.);
#4662=ADVANCED_FACE('',(#349),#4498,.F.);
#4663=ADVANCED_FACE('',(#350),#159,.F.);
#4664=ADVANCED_FACE('',(#351),#160,.F.);
#4665=ADVANCED_FACE('',(#352),#4499,.T.);
#4666=ADVANCED_FACE('',(#353),#161,.F.);
#4667=ADVANCED_FACE('',(#354),#162,.F.);
#4668=ADVANCED_FACE('',(#355,#40,#41),#163,.T.);
#4669=ADVANCED_FACE('',(#356),#164,.F.);
#4670=ADVANCED_FACE('',(#357),#165,.F.);
#4671=ADVANCED_FACE('',(#358),#166,.F.);
#4672=ADVANCED_FACE('',(#359,#42,#43),#167,.F.);
#4673=ADVANCED_FACE('',(#360),#168,.F.);
#4674=ADVANCED_FACE('',(#361),#169,.F.);
#4675=ADVANCED_FACE('',(#362),#170,.F.);
#4676=ADVANCED_FACE('',(#363),#171,.F.);
#4677=ADVANCED_FACE('',(#364),#172,.F.);
#4678=ADVANCED_FACE('',(#365),#173,.F.);
#4679=ADVANCED_FACE('',(#366),#174,.F.);
#4680=ADVANCED_FACE('',(#367),#175,.F.);
#4681=ADVANCED_FACE('',(#368),#4500,.F.);
#4682=ADVANCED_FACE('',(#369),#176,.F.);
#4683=ADVANCED_FACE('',(#370),#4501,.F.);
#4684=ADVANCED_FACE('',(#371),#177,.F.);
#4685=ADVANCED_FACE('',(#372),#4502,.F.);
#4686=ADVANCED_FACE('',(#373),#178,.F.);
#4687=ADVANCED_FACE('',(#374),#179,.F.);
#4688=ADVANCED_FACE('',(#375),#180,.F.);
#4689=ADVANCED_FACE('',(#376,#44,#45,#46),#181,.T.);
#4690=ADVANCED_FACE('',(#377),#182,.F.);
#4691=ADVANCED_FACE('',(#378),#4503,.F.);
#4692=ADVANCED_FACE('',(#379),#183,.F.);
#4693=ADVANCED_FACE('',(#380),#4504,.F.);
#4694=ADVANCED_FACE('',(#381),#184,.F.);
#4695=ADVANCED_FACE('',(#382),#4505,.F.);
#4696=ADVANCED_FACE('',(#383),#185,.F.);
#4697=ADVANCED_FACE('',(#384),#4506,.F.);
#4698=ADVANCED_FACE('',(#385),#186,.F.);
#4699=ADVANCED_FACE('',(#386),#4507,.F.);
#4700=ADVANCED_FACE('',(#387),#187,.F.);
#4701=ADVANCED_FACE('',(#388),#4508,.F.);
#4702=ADVANCED_FACE('',(#389),#4509,.F.);
#4703=ADVANCED_FACE('',(#390),#188,.F.);
#4704=ADVANCED_FACE('',(#391),#4510,.F.);
#4705=ADVANCED_FACE('',(#392),#189,.F.);
#4706=ADVANCED_FACE('',(#393),#4511,.F.);
#4707=ADVANCED_FACE('',(#394),#190,.F.);
#4708=ADVANCED_FACE('',(#395),#191,.F.);
#4709=ADVANCED_FACE('',(#396),#4512,.F.);
#4710=ADVANCED_FACE('',(#397),#4513,.F.);
#4711=ADVANCED_FACE('',(#398),#4514,.F.);
#4712=ADVANCED_FACE('',(#399),#192,.F.);
#4713=ADVANCED_FACE('',(#400),#4515,.F.);
#4714=ADVANCED_FACE('',(#401),#193,.F.);
#4715=ADVANCED_FACE('',(#402),#194,.F.);
#4716=ADVANCED_FACE('',(#403),#4516,.F.);
#4717=ADVANCED_FACE('',(#404),#195,.F.);
#4718=ADVANCED_FACE('',(#405),#4517,.F.);
#4719=ADVANCED_FACE('',(#406),#196,.T.);
#4720=ADVANCED_FACE('',(#407),#15,.T.);
#4721=ADVANCED_FACE('',(#408),#197,.T.);
#4722=ADVANCED_FACE('',(#409),#16,.T.);
#4723=ADVANCED_FACE('',(#410),#198,.T.);
#4724=ADVANCED_FACE('',(#411),#17,.T.);
#4725=ADVANCED_FACE('',(#412),#199,.T.);
#4726=ADVANCED_FACE('',(#413),#18,.T.);
#4727=ADVANCED_FACE('',(#414),#4518,.T.);
#4728=ADVANCED_FACE('',(#415,#47,#48,#49,#50),#200,.T.);
#4729=ADVANCED_FACE('',(#416),#4519,.T.);
#4730=ADVANCED_FACE('',(#417,#51,#52,#53,#54,#55),#201,.T.);
#4731=ADVANCED_FACE('',(#418,#56),#202,.F.);
#4732=ADVANCED_FACE('',(#419),#203,.T.);
#4733=ADVANCED_FACE('',(#420),#19,.T.);
#4734=ADVANCED_FACE('',(#421),#204,.T.);
#4735=ADVANCED_FACE('',(#422),#20,.T.);
#4736=ADVANCED_FACE('',(#423),#205,.T.);
#4737=ADVANCED_FACE('',(#424),#21,.T.);
#4738=ADVANCED_FACE('',(#425),#206,.T.);
#4739=ADVANCED_FACE('',(#426),#22,.T.);
#4740=ADVANCED_FACE('',(#427),#4520,.T.);
#4741=ADVANCED_FACE('',(#428),#207,.T.);
#4742=ADVANCED_FACE('',(#429),#4521,.T.);
#4743=ADVANCED_FACE('',(#430,#57),#208,.T.);
#4744=ADVANCED_FACE('',(#431),#209,.F.);
#4745=ADVANCED_FACE('',(#432),#4522,.F.);
#4746=ADVANCED_FACE('',(#433),#4523,.F.);
#4747=ADVANCED_FACE('',(#434),#210,.F.);
#4748=ADVANCED_FACE('',(#435),#4524,.F.);
#4749=ADVANCED_FACE('',(#436),#211,.F.);
#4750=ADVANCED_FACE('',(#437),#4525,.F.);
#4751=ADVANCED_FACE('',(#438),#212,.F.);
#4752=ADVANCED_FACE('',(#439),#4526,.F.);
#4753=ADVANCED_FACE('',(#440),#213,.F.);
#4754=ADVANCED_FACE('',(#441),#4527,.F.);
#4755=ADVANCED_FACE('',(#442),#214,.F.);
#4756=ADVANCED_FACE('',(#443),#4528,.F.);
#4757=ADVANCED_FACE('',(#444),#215,.F.);
#4758=ADVANCED_FACE('',(#445),#4529,.F.);
#4759=ADVANCED_FACE('',(#446),#216,.F.);
#4760=ADVANCED_FACE('',(#447),#4530,.F.);
#4761=ADVANCED_FACE('',(#448),#217,.F.);
#4762=ADVANCED_FACE('',(#449),#4531,.F.);
#4763=ADVANCED_FACE('',(#450),#218,.F.);
#4764=ADVANCED_FACE('',(#451),#4532,.F.);
#4765=ADVANCED_FACE('',(#452),#219,.F.);
#4766=ADVANCED_FACE('',(#453),#4533,.F.);
#4767=ADVANCED_FACE('',(#454),#220,.T.);
#4768=CLOSED_SHELL('',(#4534,#4535,#4536,#4537,#4538,#4539,#4540,#4541,
#4542,#4543,#4544,#4545,#4546,#4547,#4548,#4549,#4550,#4551,#4552,#4553,
#4554,#4555,#4556,#4557,#4558,#4559,#4560,#4561,#4562,#4563,#4564,#4565,
#4566,#4567,#4568,#4569,#4570,#4571,#4572,#4573,#4574,#4575,#4576,#4577,
#4578,#4579,#4580,#4581,#4582,#4583,#4584,#4585,#4586,#4587,#4588,#4589,
#4590,#4591,#4592,#4593,#4594,#4595,#4596,#4597,#4598,#4599,#4600,#4601,
#4602,#4603,#4604,#4605,#4606,#4607,#4608,#4609,#4610,#4611,#4612,#4613,
#4614,#4615,#4616,#4617,#4618,#4619,#4620,#4621,#4622,#4623,#4624,#4625,
#4626,#4627,#4628,#4629,#4630,#4631,#4632,#4633,#4634,#4635,#4636,#4637,
#4638,#4639,#4640,#4641,#4642,#4643,#4644,#4645,#4646,#4647,#4648,#4649,
#4650,#4651,#4652,#4653,#4654,#4655,#4656,#4657,#4658,#4659,#4660,#4661,
#4662,#4663,#4664,#4665,#4666,#4667,#4668,#4669,#4670,#4671,#4672,#4673,
#4674,#4675,#4676,#4677,#4678,#4679,#4680,#4681,#4682,#4683,#4684,#4685,
#4686,#4687,#4688,#4689,#4690,#4691,#4692,#4693,#4694,#4695,#4696,#4697,
#4698,#4699,#4700,#4701,#4702,#4703,#4704,#4705,#4706,#4707,#4708,#4709,
#4710,#4711,#4712,#4713,#4714,#4715,#4716,#4717,#4718,#4719,#4720,#4721,
#4722,#4723,#4724,#4725,#4726,#4727,#4728,#4729,#4730,#4731,#4732,#4733,
#4734,#4735,#4736,#4737,#4738,#4739,#4740,#4741,#4742,#4743,#4744,#4745,
#4746,#4747,#4748,#4749,#4750,#4751,#4752,#4753,#4754,#4755,#4756,#4757,
#4758,#4759,#4760,#4761,#4762,#4763,#4764,#4765,#4766,#4767));
#4769=DERIVED_UNIT_ELEMENT(#4771,1.);
#4770=DERIVED_UNIT_ELEMENT(#7971,-3.);
#4771=(
MASS_UNIT()
NAMED_UNIT(*)
SI_UNIT(.KILO.,.GRAM.)
);
#4772=DERIVED_UNIT((#4769,#4770));
#4773=MEASURE_REPRESENTATION_ITEM('density measure',
POSITIVE_RATIO_MEASURE(7850.),#4772);
#4774=PROPERTY_DEFINITION_REPRESENTATION(#4779,#4776);
#4775=PROPERTY_DEFINITION_REPRESENTATION(#4780,#4777);
#4776=REPRESENTATION('material name',(#4778),#7968);
#4777=REPRESENTATION('density',(#4773),#7968);
#4778=DESCRIPTIVE_REPRESENTATION_ITEM('\X2\94A2\X0\','\X2\94A2\X0\');
#4779=PROPERTY_DEFINITION('material property','material name',#7978);
#4780=PROPERTY_DEFINITION('material property','density of part',#7978);
#4781=AXIS2_PLACEMENT_3D('',#6454,#5158,#5159);
#4782=AXIS2_PLACEMENT_3D('',#6455,#5160,#5161);
#4783=AXIS2_PLACEMENT_3D('',#6458,#5162,#5163);
#4784=AXIS2_PLACEMENT_3D('',#6462,#5165,#5166);
#4785=AXIS2_PLACEMENT_3D('',#6464,#5168,#5169);
#4786=AXIS2_PLACEMENT_3D('',#6478,#5177,#5178);
#4787=AXIS2_PLACEMENT_3D('',#6481,#5179,#5180);
#4788=AXIS2_PLACEMENT_3D('',#6485,#5182,#5183);
#4789=AXIS2_PLACEMENT_3D('',#6489,#5185,#5186);
#4790=AXIS2_PLACEMENT_3D('',#6491,#5188,#5189);
#4791=AXIS2_PLACEMENT_3D('',#6494,#5190,#5191);
#4792=AXIS2_PLACEMENT_3D('',#6498,#5193,#5194);
#4793=AXIS2_PLACEMENT_3D('',#6504,#5197,#5198);
#4794=AXIS2_PLACEMENT_3D('',#6508,#5200,#5201);
#4795=AXIS2_PLACEMENT_3D('',#6510,#5203,#5204);
#4796=AXIS2_PLACEMENT_3D('',#6516,#5208,#5209);
#4797=AXIS2_PLACEMENT_3D('',#6524,#5213,#5214);
#4798=AXIS2_PLACEMENT_3D('',#6525,#5215,#5216);
#4799=AXIS2_PLACEMENT_3D('',#6529,#5219,#5220);
#4800=AXIS2_PLACEMENT_3D('',#6535,#5223,#5224);
#4801=AXIS2_PLACEMENT_3D('',#6539,#5226,#5227);
#4802=AXIS2_PLACEMENT_3D('',#6541,#5229,#5230);
#4803=AXIS2_PLACEMENT_3D('',#6545,#5233,#5234);
#4804=AXIS2_PLACEMENT_3D('',#6548,#5235,#5236);
#4805=AXIS2_PLACEMENT_3D('',#6552,#5238,#5239);
#4806=AXIS2_PLACEMENT_3D('',#6554,#5241,#5242);
#4807=AXIS2_PLACEMENT_3D('',#6560,#5246,#5247);
#4808=AXIS2_PLACEMENT_3D('',#6563,#5248,#5249);
#4809=AXIS2_PLACEMENT_3D('',#6567,#5251,#5252);
#4810=AXIS2_PLACEMENT_3D('',#6571,#5254,#5255);
#4811=AXIS2_PLACEMENT_3D('',#6575,#5257,#5258);
#4812=AXIS2_PLACEMENT_3D('',#6581,#5262,#5263);
#4813=AXIS2_PLACEMENT_3D('',#6585,#5265,#5266);
#4814=AXIS2_PLACEMENT_3D('',#6589,#5268,#5269);
#4815=AXIS2_PLACEMENT_3D('',#6593,#5271,#5272);
#4816=AXIS2_PLACEMENT_3D('',#6598,#5275,#5276);
#4817=AXIS2_PLACEMENT_3D('',#6618,#5286,#5287);
#4818=AXIS2_PLACEMENT_3D('',#6620,#5288,#5289);
#4819=AXIS2_PLACEMENT_3D('',#6622,#5290,#5291);
#4820=AXIS2_PLACEMENT_3D('',#6624,#5292,#5293);
#4821=AXIS2_PLACEMENT_3D('',#6626,#5294,#5295);
#4822=AXIS2_PLACEMENT_3D('',#6652,#5309,#5310);
#4823=AXIS2_PLACEMENT_3D('',#6656,#5313,#5314);
#4824=AXIS2_PLACEMENT_3D('',#6664,#5319,#5320);
#4825=AXIS2_PLACEMENT_3D('',#6670,#5324,#5325);
#4826=AXIS2_PLACEMENT_3D('',#6730,#5356,#5357);
#4827=AXIS2_PLACEMENT_3D('',#6731,#5358,#5359);
#4828=AXIS2_PLACEMENT_3D('',#6737,#5363,#5364);
#4829=AXIS2_PLACEMENT_3D('',#6760,#5376,#5377);
#4830=AXIS2_PLACEMENT_3D('',#6764,#5380,#5381);
#4831=AXIS2_PLACEMENT_3D('',#6772,#5386,#5387);
#4832=AXIS2_PLACEMENT_3D('',#6778,#5391,#5392);
#4833=AXIS2_PLACEMENT_3D('',#6784,#5396,#5397);
#4834=AXIS2_PLACEMENT_3D('',#6789,#5401,#5402);
#4835=AXIS2_PLACEMENT_3D('',#6797,#5407,#5408);
#4836=AXIS2_PLACEMENT_3D('',#6802,#5412,#5413);
#4837=AXIS2_PLACEMENT_3D('',#6808,#5417,#5418);
#4838=AXIS2_PLACEMENT_3D('',#6818,#5424,#5425);
#4839=AXIS2_PLACEMENT_3D('',#6822,#5428,#5429);
#4840=AXIS2_PLACEMENT_3D('',#6824,#5430,#5431);
#4841=AXIS2_PLACEMENT_3D('',#6826,#5432,#5433);
#4842=AXIS2_PLACEMENT_3D('',#6828,#5435,#5436);
#4843=AXIS2_PLACEMENT_3D('',#6832,#5440,#5441);
#4844=AXIS2_PLACEMENT_3D('',#6836,#5444,#5445);
#4845=AXIS2_PLACEMENT_3D('',#6838,#5446,#5447);
#4846=AXIS2_PLACEMENT_3D('',#6842,#5449,#5450);
#4847=AXIS2_PLACEMENT_3D('',#6844,#5452,#5453);
#4848=AXIS2_PLACEMENT_3D('',#6848,#5456,#5457);
#4849=AXIS2_PLACEMENT_3D('',#6850,#5459,#5460);
#4850=AXIS2_PLACEMENT_3D('',#6862,#5467,#5468);
#4851=AXIS2_PLACEMENT_3D('',#6868,#5472,#5473);
#4852=AXIS2_PLACEMENT_3D('',#6877,#5478,#5479);
#4853=AXIS2_PLACEMENT_3D('',#6881,#5482,#5483);
#4854=AXIS2_PLACEMENT_3D('',#6885,#5486,#5487);
#4855=AXIS2_PLACEMENT_3D('',#6889,#5490,#5491);
#4856=AXIS2_PLACEMENT_3D('',#6893,#5494,#5495);
#4857=AXIS2_PLACEMENT_3D('',#6897,#5498,#5499);
#4858=AXIS2_PLACEMENT_3D('',#6899,#5501,#5502);
#4859=AXIS2_PLACEMENT_3D('',#6901,#5504,#5505);
#4860=AXIS2_PLACEMENT_3D('',#6903,#5507,#5508);
#4861=AXIS2_PLACEMENT_3D('',#6905,#5510,#5511);
#4862=AXIS2_PLACEMENT_3D('',#6907,#5513,#5514);
#4863=AXIS2_PLACEMENT_3D('',#6913,#5518,#5519);
#4864=AXIS2_PLACEMENT_3D('',#6921,#5524,#5525);
#4865=AXIS2_PLACEMENT_3D('',#6926,#5527,#5528);
#4866=AXIS2_PLACEMENT_3D('',#6941,#5536,#5537);
#4867=AXIS2_PLACEMENT_3D('',#6947,#5540,#5541);
#4868=AXIS2_PLACEMENT_3D('',#6950,#5543,#5544);
#4869=AXIS2_PLACEMENT_3D('',#6951,#5545,#5546);
#4870=AXIS2_PLACEMENT_3D('',#6957,#5550,#5551);
#4871=AXIS2_PLACEMENT_3D('',#6964,#5556,#5557);
#4872=AXIS2_PLACEMENT_3D('',#6966,#5559,#5560);
#4873=AXIS2_PLACEMENT_3D('',#6967,#5561,#5562);
#4874=AXIS2_PLACEMENT_3D('',#6976,#5567,#5568);
#4875=AXIS2_PLACEMENT_3D('',#6984,#5573,#5574);
#4876=AXIS2_PLACEMENT_3D('',#6990,#5578,#5579);
#4877=AXIS2_PLACEMENT_3D('',#7002,#5585,#5586);
#4878=AXIS2_PLACEMENT_3D('',#7010,#5590,#5591);
#4879=AXIS2_PLACEMENT_3D('',#7021,#5599,#5600);
#4880=AXIS2_PLACEMENT_3D('',#7025,#5603,#5604);
#4881=AXIS2_PLACEMENT_3D('',#7030,#5608,#5609);
#4882=AXIS2_PLACEMENT_3D('',#7035,#5613,#5614);
#4883=AXIS2_PLACEMENT_3D('',#7043,#5619,#5620);
#4884=AXIS2_PLACEMENT_3D('',#7052,#5625,#5626);
#4885=AXIS2_PLACEMENT_3D('',#7054,#5627,#5628);
#4886=AXIS2_PLACEMENT_3D('',#7057,#5630,#5631);
#4887=AXIS2_PLACEMENT_3D('',#7058,#5632,#5633);
#4888=AXIS2_PLACEMENT_3D('',#7064,#5637,#5638);
#4889=AXIS2_PLACEMENT_3D('',#7065,#5639,#5640);
#4890=AXIS2_PLACEMENT_3D('',#7066,#5641,#5642);
#4891=AXIS2_PLACEMENT_3D('',#7067,#5643,#5644);
#4892=AXIS2_PLACEMENT_3D('',#7068,#5645,#5646);
#4893=AXIS2_PLACEMENT_3D('',#7074,#5649,#5650);
#4894=AXIS2_PLACEMENT_3D('',#7085,#5656,#5657);
#4895=AXIS2_PLACEMENT_3D('',#7090,#5659,#5660);
#4896=AXIS2_PLACEMENT_3D('',#7093,#5662,#5663);
#4897=AXIS2_PLACEMENT_3D('',#7094,#5664,#5665);
#4898=AXIS2_PLACEMENT_3D('',#7097,#5668,#5669);
#4899=AXIS2_PLACEMENT_3D('',#7103,#5673,#5674);
#4900=AXIS2_PLACEMENT_3D('',#7108,#5678,#5679);
#4901=AXIS2_PLACEMENT_3D('',#7122,#5686,#5687);
#4902=AXIS2_PLACEMENT_3D('',#7128,#5691,#5692);
#4903=AXIS2_PLACEMENT_3D('',#7129,#5693,#5694);
#4904=AXIS2_PLACEMENT_3D('',#7133,#5696,#5697);
#4905=AXIS2_PLACEMENT_3D('',#7135,#5699,#5700);
#4906=AXIS2_PLACEMENT_3D('',#7139,#5703,#5704);
#4907=AXIS2_PLACEMENT_3D('',#7143,#5707,#5708);
#4908=AXIS2_PLACEMENT_3D('',#7149,#5712,#5713);
#4909=AXIS2_PLACEMENT_3D('',#7152,#5715,#5716);
#4910=AXIS2_PLACEMENT_3D('',#7153,#5717,#5718);
#4911=AXIS2_PLACEMENT_3D('',#7157,#5721,#5722);
#4912=AXIS2_PLACEMENT_3D('',#7158,#5723,#5724);
#4913=AXIS2_PLACEMENT_3D('',#7162,#5727,#5728);
#4914=AXIS2_PLACEMENT_3D('',#7167,#5731,#5732);
#4915=AXIS2_PLACEMENT_3D('',#7169,#5734,#5735);
#4916=AXIS2_PLACEMENT_3D('',#7200,#5737,#5738);
#4917=AXIS2_PLACEMENT_3D('',#7231,#5741,#5742);
#4918=AXIS2_PLACEMENT_3D('',#7267,#5745,#5746);
#4919=AXIS2_PLACEMENT_3D('',#7280,#5749,#5750);
#4920=AXIS2_PLACEMENT_3D('',#7336,#5752,#5753);
#4921=AXIS2_PLACEMENT_3D('',#7337,#5754,#5755);
#4922=AXIS2_PLACEMENT_3D('',#7338,#5756,#5757);
#4923=AXIS2_PLACEMENT_3D('',#7340,#5758,#5759);
#4924=AXIS2_PLACEMENT_3D('',#7343,#5761,#5762);
#4925=AXIS2_PLACEMENT_3D('',#7344,#5763,#5764);
#4926=AXIS2_PLACEMENT_3D('',#7346,#5765,#5766);
#4927=AXIS2_PLACEMENT_3D('',#7349,#5768,#5769);
#4928=AXIS2_PLACEMENT_3D('',#7350,#5770,#5771);
#4929=AXIS2_PLACEMENT_3D('',#7354,#5773,#5774);
#4930=AXIS2_PLACEMENT_3D('',#7356,#5776,#5777);
#4931=AXIS2_PLACEMENT_3D('',#7358,#5778,#5779);
#4932=AXIS2_PLACEMENT_3D('',#7361,#5781,#5782);
#4933=AXIS2_PLACEMENT_3D('',#7362,#5783,#5784);
#4934=AXIS2_PLACEMENT_3D('',#7366,#5786,#5787);
#4935=AXIS2_PLACEMENT_3D('',#7368,#5789,#5790);
#4936=AXIS2_PLACEMENT_3D('',#7370,#5791,#5792);
#4937=AXIS2_PLACEMENT_3D('',#7372,#5794,#5795);
#4938=AXIS2_PLACEMENT_3D('',#7376,#5797,#5798);
#4939=AXIS2_PLACEMENT_3D('',#7378,#5800,#5801);
#4940=AXIS2_PLACEMENT_3D('',#7380,#5803,#5804);
#4941=AXIS2_PLACEMENT_3D('',#7384,#5806,#5807);
#4942=AXIS2_PLACEMENT_3D('',#7386,#5809,#5810);
#4943=AXIS2_PLACEMENT_3D('',#7388,#5811,#5812);
#4944=AXIS2_PLACEMENT_3D('',#7390,#5814,#5815);
#4945=AXIS2_PLACEMENT_3D('',#7391,#5816,#5817);
#4946=AXIS2_PLACEMENT_3D('',#7393,#5818,#5819);
#4947=AXIS2_PLACEMENT_3D('',#7395,#5821,#5822);
#4948=AXIS2_PLACEMENT_3D('',#7396,#5823,#5824);
#4949=AXIS2_PLACEMENT_3D('',#7398,#5825,#5826);
#4950=AXIS2_PLACEMENT_3D('',#7401,#5828,#5829);
#4951=AXIS2_PLACEMENT_3D('',#7402,#5830,#5831);
#4952=AXIS2_PLACEMENT_3D('',#7403,#5832,#5833);
#4953=AXIS2_PLACEMENT_3D('',#7406,#5836,#5837);
#4954=AXIS2_PLACEMENT_3D('',#7408,#5839,#5840);
#4955=AXIS2_PLACEMENT_3D('',#7410,#5842,#5843);
#4956=AXIS2_PLACEMENT_3D('',#7412,#5844,#5845);
#4957=AXIS2_PLACEMENT_3D('',#7413,#5846,#5847);
#4958=AXIS2_PLACEMENT_3D('',#7414,#5848,#5849);
#4959=AXIS2_PLACEMENT_3D('',#7415,#5850,#5851);
#4960=AXIS2_PLACEMENT_3D('',#7417,#5853,#5854);
#4961=AXIS2_PLACEMENT_3D('',#7419,#5856,#5857);
#4962=AXIS2_PLACEMENT_3D('',#7421,#5859,#5860);
#4963=AXIS2_PLACEMENT_3D('',#7422,#5861,#5862);
#4964=AXIS2_PLACEMENT_3D('',#7424,#5864,#5865);
#4965=AXIS2_PLACEMENT_3D('',#7426,#5867,#5868);
#4966=AXIS2_PLACEMENT_3D('',#7431,#5871,#5872);
#4967=AXIS2_PLACEMENT_3D('',#7432,#5873,#5874);
#4968=AXIS2_PLACEMENT_3D('',#7433,#5875,#5876);
#4969=AXIS2_PLACEMENT_3D('',#7434,#5877,#5878);
#4970=AXIS2_PLACEMENT_3D('',#7440,#5882,#5883);
#4971=AXIS2_PLACEMENT_3D('',#7444,#5886,#5887);
#4972=AXIS2_PLACEMENT_3D('',#7447,#5889,#5890);
#4973=AXIS2_PLACEMENT_3D('',#7448,#5891,#5892);
#4974=AXIS2_PLACEMENT_3D('',#7452,#5895,#5896);
#4975=AXIS2_PLACEMENT_3D('',#7454,#5898,#5899);
#4976=AXIS2_PLACEMENT_3D('',#7458,#5902,#5903);
#4977=AXIS2_PLACEMENT_3D('',#7464,#5906,#5907);
#4978=AXIS2_PLACEMENT_3D('',#7468,#5909,#5910);
#4979=AXIS2_PLACEMENT_3D('',#7472,#5912,#5913);
#4980=AXIS2_PLACEMENT_3D('',#7476,#5915,#5916);
#4981=AXIS2_PLACEMENT_3D('',#7478,#5918,#5919);
#4982=AXIS2_PLACEMENT_3D('',#7481,#5921,#5922);
#4983=AXIS2_PLACEMENT_3D('',#7482,#5923,#5924);
#4984=AXIS2_PLACEMENT_3D('',#7485,#5926,#5927);
#4985=AXIS2_PLACEMENT_3D('',#7486,#5928,#5929);
#4986=AXIS2_PLACEMENT_3D('',#7493,#5934,#5935);
#4987=AXIS2_PLACEMENT_3D('',#7497,#5938,#5939);
#4988=AXIS2_PLACEMENT_3D('',#7501,#5942,#5943);
#4989=AXIS2_PLACEMENT_3D('',#7507,#5947,#5948);
#4990=AXIS2_PLACEMENT_3D('',#7509,#5950,#5951);
#4991=AXIS2_PLACEMENT_3D('',#7515,#5955,#5956);
#4992=AXIS2_PLACEMENT_3D('',#7517,#5957,#5958);
#4993=AXIS2_PLACEMENT_3D('',#7519,#5960,#5961);
#4994=AXIS2_PLACEMENT_3D('',#7521,#5963,#5964);
#4995=AXIS2_PLACEMENT_3D('',#7527,#5968,#5969);
#4996=AXIS2_PLACEMENT_3D('',#7530,#5971,#5972);
#4997=AXIS2_PLACEMENT_3D('',#7531,#5973,#5974);
#4998=AXIS2_PLACEMENT_3D('',#7535,#5977,#5978);
#4999=AXIS2_PLACEMENT_3D('',#7537,#5980,#5981);
#5000=AXIS2_PLACEMENT_3D('',#7545,#5986,#5987);
#5001=AXIS2_PLACEMENT_3D('',#7551,#5991,#5992);
#5002=AXIS2_PLACEMENT_3D('',#7555,#5994,#5995);
#5003=AXIS2_PLACEMENT_3D('',#7559,#5997,#5998);
#5004=AXIS2_PLACEMENT_3D('',#7573,#6007,#6008);
#5005=AXIS2_PLACEMENT_3D('',#7577,#6010,#6011);
#5006=AXIS2_PLACEMENT_3D('',#7580,#6013,#6014);
#5007=AXIS2_PLACEMENT_3D('',#7581,#6015,#6016);
#5008=AXIS2_PLACEMENT_3D('',#7582,#6017,#6018);
#5009=AXIS2_PLACEMENT_3D('',#7584,#6020,#6021);
#5010=AXIS2_PLACEMENT_3D('',#7585,#6022,#6023);
#5011=AXIS2_PLACEMENT_3D('',#7587,#6024,#6025);
#5012=AXIS2_PLACEMENT_3D('',#7592,#6027,#6028);
#5013=AXIS2_PLACEMENT_3D('',#7595,#6030,#6031);
#5014=AXIS2_PLACEMENT_3D('',#7596,#6032,#6033);
#5015=AXIS2_PLACEMENT_3D('',#7598,#6035,#6036);
#5016=AXIS2_PLACEMENT_3D('',#7600,#6038,#6039);
#5017=AXIS2_PLACEMENT_3D('',#7601,#6040,#6041);
#5018=AXIS2_PLACEMENT_3D('',#7603,#6043,#6044);
#5019=AXIS2_PLACEMENT_3D('',#7604,#6045,#6046);
#5020=AXIS2_PLACEMENT_3D('',#7608,#6049,#6050);
#5021=AXIS2_PLACEMENT_3D('',#7612,#6053,#6054);
#5022=AXIS2_PLACEMENT_3D('',#7615,#6057,#6058);
#5023=AXIS2_PLACEMENT_3D('',#7616,#6059,#6060);
#5024=AXIS2_PLACEMENT_3D('',#7618,#6062,#6063);
#5025=AXIS2_PLACEMENT_3D('',#7620,#6065,#6066);
#5026=AXIS2_PLACEMENT_3D('',#7622,#6068,#6069);
#5027=AXIS2_PLACEMENT_3D('',#7623,#6070,#6071);
#5028=AXIS2_PLACEMENT_3D('',#7627,#6074,#6075);
#5029=AXIS2_PLACEMENT_3D('',#7631,#6078,#6079);
#5030=AXIS2_PLACEMENT_3D('',#7635,#6082,#6083);
#5031=AXIS2_PLACEMENT_3D('',#7638,#6084,#6085);
#5032=AXIS2_PLACEMENT_3D('',#7642,#6087,#6088);
#5033=AXIS2_PLACEMENT_3D('',#7646,#6090,#6091);
#5034=AXIS2_PLACEMENT_3D('',#7650,#6093,#6094);
#5035=AXIS2_PLACEMENT_3D('',#7653,#6096,#6097);
#5036=AXIS2_PLACEMENT_3D('',#7657,#6099,#6100);
#5037=AXIS2_PLACEMENT_3D('',#7661,#6102,#6103);
#5038=AXIS2_PLACEMENT_3D('',#7664,#6105,#6106);
#5039=AXIS2_PLACEMENT_3D('',#7666,#6107,#6108);
#5040=AXIS2_PLACEMENT_3D('',#7669,#6110,#6111);
#5041=AXIS2_PLACEMENT_3D('',#7671,#6113,#6114);
#5042=AXIS2_PLACEMENT_3D('',#7673,#6116,#6117);
#5043=AXIS2_PLACEMENT_3D('',#7677,#6119,#6120);
#5044=AXIS2_PLACEMENT_3D('',#7679,#6122,#6123);
#5045=AXIS2_PLACEMENT_3D('',#7683,#6126,#6127);
#5046=AXIS2_PLACEMENT_3D('',#7686,#6129,#6130);
#5047=AXIS2_PLACEMENT_3D('',#7687,#6131,#6132);
#5048=AXIS2_PLACEMENT_3D('',#7691,#6135,#6136);
#5049=AXIS2_PLACEMENT_3D('',#7693,#6138,#6139);
#5050=AXIS2_PLACEMENT_3D('',#7694,#6140,#6141);
#5051=AXIS2_PLACEMENT_3D('',#7695,#6142,#6143);
#5052=AXIS2_PLACEMENT_3D('',#7701,#6147,#6148);
#5053=AXIS2_PLACEMENT_3D('',#7703,#6149,#6150);
#5054=AXIS2_PLACEMENT_3D('',#7705,#6152,#6153);
#5055=AXIS2_PLACEMENT_3D('',#7709,#6156,#6157);
#5056=AXIS2_PLACEMENT_3D('',#7710,#6158,#6159);
#5057=AXIS2_PLACEMENT_3D('',#7711,#6160,#6161);
#5058=AXIS2_PLACEMENT_3D('',#7713,#6162,#6163);
#5059=AXIS2_PLACEMENT_3D('',#7715,#6165,#6166);
#5060=AXIS2_PLACEMENT_3D('',#7719,#6169,#6170);
#5061=AXIS2_PLACEMENT_3D('',#7721,#6171,#6172);
#5062=AXIS2_PLACEMENT_3D('',#7723,#6174,#6175);
#5063=AXIS2_PLACEMENT_3D('',#7725,#6177,#6178);
#5064=AXIS2_PLACEMENT_3D('',#7727,#6179,#6180);
#5065=AXIS2_PLACEMENT_3D('',#7729,#6182,#6183);
#5066=AXIS2_PLACEMENT_3D('',#7733,#6186,#6187);
#5067=AXIS2_PLACEMENT_3D('',#7737,#6190,#6191);
#5068=AXIS2_PLACEMENT_3D('',#7738,#6192,#6193);
#5069=AXIS2_PLACEMENT_3D('',#7739,#6194,#6195);
#5070=AXIS2_PLACEMENT_3D('',#7741,#6196,#6197);
#5071=AXIS2_PLACEMENT_3D('',#7743,#6199,#6200);
#5072=AXIS2_PLACEMENT_3D('',#7746,#6202,#6203);
#5073=AXIS2_PLACEMENT_3D('',#7747,#6204,#6205);
#5074=AXIS2_PLACEMENT_3D('',#7751,#6208,#6209);
#5075=AXIS2_PLACEMENT_3D('',#7753,#6210,#6211);
#5076=AXIS2_PLACEMENT_3D('',#7755,#6213,#6214);
#5077=AXIS2_PLACEMENT_3D('',#7757,#6216,#6217);
#5078=AXIS2_PLACEMENT_3D('',#7763,#6221,#6222);
#5079=AXIS2_PLACEMENT_3D('',#7764,#6223,#6224);
#5080=AXIS2_PLACEMENT_3D('',#7765,#6225,#6226);
#5081=AXIS2_PLACEMENT_3D('',#7766,#6227,#6228);
#5082=AXIS2_PLACEMENT_3D('',#7772,#6232,#6233);
#5083=AXIS2_PLACEMENT_3D('',#7773,#6234,#6235);
#5084=AXIS2_PLACEMENT_3D('',#7774,#6236,#6237);
#5085=AXIS2_PLACEMENT_3D('',#7775,#6238,#6239);
#5086=AXIS2_PLACEMENT_3D('',#7784,#6244,#6245);
#5087=AXIS2_PLACEMENT_3D('',#7786,#6246,#6247);
#5088=AXIS2_PLACEMENT_3D('',#7789,#6249,#6250);
#5089=AXIS2_PLACEMENT_3D('',#7790,#6251,#6252);
#5090=AXIS2_PLACEMENT_3D('',#7796,#6256,#6257);
#5091=AXIS2_PLACEMENT_3D('',#7798,#6258,#6259);
#5092=AXIS2_PLACEMENT_3D('',#7801,#6261,#6262);
#5093=AXIS2_PLACEMENT_3D('',#7802,#6263,#6264);
#5094=AXIS2_PLACEMENT_3D('',#7808,#6268,#6269);
#5095=AXIS2_PLACEMENT_3D('',#7810,#6270,#6271);
#5096=AXIS2_PLACEMENT_3D('',#7813,#6273,#6274);
#5097=AXIS2_PLACEMENT_3D('',#7814,#6275,#6276);
#5098=AXIS2_PLACEMENT_3D('',#7820,#6280,#6281);
#5099=AXIS2_PLACEMENT_3D('',#7821,#6282,#6283);
#5100=AXIS2_PLACEMENT_3D('',#7822,#6284,#6285);
#5101=AXIS2_PLACEMENT_3D('',#7823,#6286,#6287);
#5102=AXIS2_PLACEMENT_3D('',#7827,#6289,#6290);
#5103=AXIS2_PLACEMENT_3D('',#7829,#6292,#6293);
#5104=AXIS2_PLACEMENT_3D('',#7833,#6296,#6297);
#5105=AXIS2_PLACEMENT_3D('',#7836,#6299,#6300);
#5106=AXIS2_PLACEMENT_3D('',#7837,#6301,#6302);
#5107=AXIS2_PLACEMENT_3D('',#7841,#6305,#6306);
#5108=AXIS2_PLACEMENT_3D('',#7846,#6308,#6309);
#5109=AXIS2_PLACEMENT_3D('',#7850,#6311,#6312);
#5110=AXIS2_PLACEMENT_3D('',#7854,#6314,#6315);
#5111=AXIS2_PLACEMENT_3D('',#7857,#6317,#6318);
#5112=AXIS2_PLACEMENT_3D('',#7858,#6319,#6320);
#5113=AXIS2_PLACEMENT_3D('',#7864,#6324,#6325);
#5114=AXIS2_PLACEMENT_3D('',#7868,#6327,#6328);
#5115=AXIS2_PLACEMENT_3D('',#7869,#6329,#6330);
#5116=AXIS2_PLACEMENT_3D('',#7870,#6331,#6332);
#5117=AXIS2_PLACEMENT_3D('',#7876,#6336,#6337);
#5118=AXIS2_PLACEMENT_3D('',#7880,#6339,#6340);
#5119=AXIS2_PLACEMENT_3D('',#7881,#6341,#6342);
#5120=AXIS2_PLACEMENT_3D('',#7882,#6343,#6344);
#5121=AXIS2_PLACEMENT_3D('',#7887,#6348,#6349);
#5122=AXIS2_PLACEMENT_3D('',#7890,#6351,#6352);
#5123=AXIS2_PLACEMENT_3D('',#7891,#6353,#6354);
#5124=AXIS2_PLACEMENT_3D('',#7895,#6357,#6358);
#5125=AXIS2_PLACEMENT_3D('',#7896,#6359,#6360);
#5126=AXIS2_PLACEMENT_3D('',#7897,#6361,#6362);
#5127=AXIS2_PLACEMENT_3D('',#7900,#6365,#6366);
#5128=AXIS2_PLACEMENT_3D('',#7902,#6368,#6369);
#5129=AXIS2_PLACEMENT_3D('',#7903,#6370,#6371);
#5130=AXIS2_PLACEMENT_3D('',#7908,#6373,#6374);
#5131=AXIS2_PLACEMENT_3D('',#7912,#6376,#6377);
#5132=AXIS2_PLACEMENT_3D('',#7916,#6379,#6380);
#5133=AXIS2_PLACEMENT_3D('',#7919,#6382,#6383);
#5134=AXIS2_PLACEMENT_3D('',#7920,#6384,#6385);
#5135=AXIS2_PLACEMENT_3D('',#7923,#6388,#6389);
#5136=AXIS2_PLACEMENT_3D('',#7924,#6390,#6391);
#5137=AXIS2_PLACEMENT_3D('',#7926,#6393,#6394);
#5138=AXIS2_PLACEMENT_3D('',#7928,#6396,#6397);
#5139=AXIS2_PLACEMENT_3D('',#7930,#6399,#6400);
#5140=AXIS2_PLACEMENT_3D('',#7932,#6402,#6403);
#5141=AXIS2_PLACEMENT_3D('',#7933,#6404,#6405);
#5142=AXIS2_PLACEMENT_3D('',#7936,#6408,#6409);
#5143=AXIS2_PLACEMENT_3D('',#7938,#6411,#6412);
#5144=AXIS2_PLACEMENT_3D('',#7940,#6414,#6415);
#5145=AXIS2_PLACEMENT_3D('',#7942,#6417,#6418);
#5146=AXIS2_PLACEMENT_3D('',#7944,#6420,#6421);
#5147=AXIS2_PLACEMENT_3D('',#7946,#6423,#6424);
#5148=AXIS2_PLACEMENT_3D('',#7948,#6426,#6427);
#5149=AXIS2_PLACEMENT_3D('',#7949,#6428,#6429);
#5150=AXIS2_PLACEMENT_3D('',#7952,#6432,#6433);
#5151=AXIS2_PLACEMENT_3D('',#7954,#6435,#6436);
#5152=AXIS2_PLACEMENT_3D('',#7956,#6438,#6439);
#5153=AXIS2_PLACEMENT_3D('',#7958,#6441,#6442);
#5154=AXIS2_PLACEMENT_3D('',#7960,#6444,#6445);
#5155=AXIS2_PLACEMENT_3D('',#7962,#6447,#6448);
#5156=AXIS2_PLACEMENT_3D('',#7964,#6450,#6451);
#5157=AXIS2_PLACEMENT_3D('',#7965,#6452,#6453);
#5158=DIRECTION('axis',(0.,0.,1.));
#5159=DIRECTION('refdir',(1.,0.,0.));
#5160=DIRECTION('center_axis',(0.,1.,0.));
#5161=DIRECTION('ref_axis',(-0.707106781186547,0.,-0.707106781186547));
#5162=DIRECTION('center_axis',(0.,-1.,0.));
#5163=DIRECTION('ref_axis',(-0.707106781186547,0.,-0.707106781186547));
#5164=DIRECTION('',(0.,1.,0.));
#5165=DIRECTION('center_axis',(0.,1.,0.));
#5166=DIRECTION('ref_axis',(-0.707106781186547,0.,-0.707106781186547));
#5167=DIRECTION('',(0.,-1.,0.));
#5168=DIRECTION('center_axis',(0.,0.,-1.));
#5169=DIRECTION('ref_axis',(1.,0.,0.));
#5170=DIRECTION('',(-1.,0.,0.));
#5171=DIRECTION('',(0.,-1.,0.));
#5172=DIRECTION('',(-1.,0.,0.));
#5173=DIRECTION('',(0.,1.,0.));
#5174=DIRECTION('',(1.,0.,0.));
#5175=DIRECTION('',(0.,1.,0.));
#5176=DIRECTION('',(1.,0.,0.));
#5177=DIRECTION('center_axis',(0.,1.,0.));
#5178=DIRECTION('ref_axis',(-0.707106781186547,0.,0.707106781186547));
#5179=DIRECTION('center_axis',(0.,-1.,0.));
#5180=DIRECTION('ref_axis',(-0.707106781186547,0.,0.707106781186547));
#5181=DIRECTION('',(0.,-1.,0.));
#5182=DIRECTION('center_axis',(0.,-1.,0.));
#5183=DIRECTION('ref_axis',(-0.707106781186547,0.,0.707106781186547));
#5184=DIRECTION('',(0.,1.,0.));
#5185=DIRECTION('center_axis',(0.,1.,0.));
#5186=DIRECTION('ref_axis',(-0.707106781186547,0.,0.707106781186547));
#5187=DIRECTION('',(0.,-1.,0.));
#5188=DIRECTION('center_axis',(0.,-1.,0.));
#5189=DIRECTION('ref_axis',(0.,0.,-1.));
#5190=DIRECTION('center_axis',(0.,1.,0.));
#5191=DIRECTION('ref_axis',(0.,0.,-1.));
#5192=DIRECTION('',(0.,1.,0.));
#5193=DIRECTION('center_axis',(0.,-1.,0.));
#5194=DIRECTION('ref_axis',(0.,0.,-1.));
#5195=DIRECTION('',(0.,1.,0.));
#5196=DIRECTION('',(0.,1.,0.));
#5197=DIRECTION('center_axis',(0.,-1.,0.));
#5198=DIRECTION('ref_axis',(0.,0.,-1.));
#5199=DIRECTION('',(0.,-1.,0.));
#5200=DIRECTION('center_axis',(0.,-1.,0.));
#5201=DIRECTION('ref_axis',(0.,0.,-1.));
#5202=DIRECTION('',(0.,-1.,0.));
#5203=DIRECTION('center_axis',(0.,-1.,0.));
#5204=DIRECTION('ref_axis',(1.,0.,0.));
#5205=DIRECTION('',(0.,0.,1.));
#5206=DIRECTION('',(-1.,0.,0.));
#5207=DIRECTION('',(-1.,0.,0.));
#5208=DIRECTION('center_axis',(0.,-1.,0.));
#5209=DIRECTION('ref_axis',(1.,0.,0.));
#5210=DIRECTION('',(-1.,0.,0.));
#5211=DIRECTION('',(0.,0.,-1.));
#5212=DIRECTION('',(1.,0.,0.));
#5213=DIRECTION('center_axis',(0.,-1.,0.));
#5214=DIRECTION('ref_axis',(0.,0.,1.));
#5215=DIRECTION('center_axis',(0.,0.,-1.));
#5216=DIRECTION('ref_axis',(-1.,0.,0.));
#5217=DIRECTION('',(-1.,0.,0.));
#5218=DIRECTION('',(0.,-1.,0.));
#5219=DIRECTION('center_axis',(0.,-1.,0.));
#5220=DIRECTION('ref_axis',(0.,0.,1.));
#5221=DIRECTION('',(0.,-1.,0.));
#5222=DIRECTION('',(0.,-1.,0.));
#5223=DIRECTION('center_axis',(0.,-1.,0.));
#5224=DIRECTION('ref_axis',(0.,0.,1.));
#5225=DIRECTION('',(0.,1.,0.));
#5226=DIRECTION('center_axis',(0.,-1.,0.));
#5227=DIRECTION('ref_axis',(0.,0.,1.));
#5228=DIRECTION('',(0.,1.,0.));
#5229=DIRECTION('center_axis',(0.,0.,-1.));
#5230=DIRECTION('ref_axis',(-1.,0.,0.));
#5231=DIRECTION('',(0.,-1.,0.));
#5232=DIRECTION('',(-1.,0.,0.));
#5233=DIRECTION('center_axis',(0.,1.,0.));
#5234=DIRECTION('ref_axis',(0.707033168699454,0.,0.707180386011101));
#5235=DIRECTION('center_axis',(0.,1.,0.));
#5236=DIRECTION('ref_axis',(0.707033168699454,0.,0.707180386011101));
#5237=DIRECTION('',(0.,1.,0.));
#5238=DIRECTION('center_axis',(0.,1.,0.));
#5239=DIRECTION('ref_axis',(0.707033168699454,0.,0.707180386011101));
#5240=DIRECTION('',(0.,-1.,0.));
#5241=DIRECTION('center_axis',(-0.999999978327063,0.,-0.000208196717618381));
#5242=DIRECTION('ref_axis',(-0.000208196717618381,0.,0.999999978327063));
#5243=DIRECTION('',(-0.000208196717618381,0.,0.999999978327063));
#5244=DIRECTION('',(0.,1.,0.));
#5245=DIRECTION('',(-0.000208196717618381,0.,0.999999978327063));
#5246=DIRECTION('center_axis',(0.,1.,0.));
#5247=DIRECTION('ref_axis',(-1.,0.,0.));
#5248=DIRECTION('center_axis',(0.,1.,0.));
#5249=DIRECTION('ref_axis',(-1.,0.,0.));
#5250=DIRECTION('',(0.,0.,1.));
#5251=DIRECTION('center_axis',(0.,1.,0.));
#5252=DIRECTION('ref_axis',(0.,0.,-1.));
#5253=DIRECTION('',(-1.,0.,0.));
#5254=DIRECTION('center_axis',(0.,1.,0.));
#5255=DIRECTION('ref_axis',(1.,0.,0.));
#5256=DIRECTION('',(4.18952084764204E-17,0.,-1.));
#5257=DIRECTION('center_axis',(0.,1.,0.));
#5258=DIRECTION('ref_axis',(0.,0.,1.));
#5259=DIRECTION('',(1.,0.,-7.85998601504536E-16));
#5260=DIRECTION('',(-1.,0.,0.));
#5261=DIRECTION('',(-0.00141110974068001,0.,0.999999004384154));
#5262=DIRECTION('center_axis',(0.,-1.,0.));
#5263=DIRECTION('ref_axis',(0.,0.,-1.));
#5264=DIRECTION('',(1.,0.,8.25444627974094E-17));
#5265=DIRECTION('center_axis',(0.,1.,0.));
#5266=DIRECTION('ref_axis',(0.,0.,1.));
#5267=DIRECTION('',(0.,0.,-1.));
#5268=DIRECTION('center_axis',(0.,1.,0.));
#5269=DIRECTION('ref_axis',(1.,0.,0.));
#5270=DIRECTION('',(-1.,0.,0.));
#5271=DIRECTION('center_axis',(0.,1.,0.));
#5272=DIRECTION('ref_axis',(-1.48029736616688E-14,0.,-1.));
#5273=DIRECTION('',(0.,0.,1.));
#5274=DIRECTION('',(0.,0.,1.));
#5275=DIRECTION('center_axis',(0.,1.,0.));
#5276=DIRECTION('ref_axis',(1.,0.,0.));
#5277=DIRECTION('',(0.999999975033071,0.,0.000223458847569491));
#5278=DIRECTION('',(0.70710678118655,0.,0.707106781186545));
#5279=DIRECTION('',(1.,0.,0.));
#5280=DIRECTION('',(0.,0.,1.));
#5281=DIRECTION('',(1.,0.,0.));
#5282=DIRECTION('',(0.,0.,-1.));
#5283=DIRECTION('',(1.,0.,1.71597578702348E-12));
#5284=DIRECTION('',(0.708343440612648,0.,-0.705867955173654));
#5285=DIRECTION('',(1.,0.,0.));
#5286=DIRECTION('center_axis',(0.,1.,0.));
#5287=DIRECTION('ref_axis',(1.,0.,0.));
#5288=DIRECTION('center_axis',(0.,1.,0.));
#5289=DIRECTION('ref_axis',(1.,0.,0.));
#5290=DIRECTION('center_axis',(0.,-1.,0.));
#5291=DIRECTION('ref_axis',(1.,0.,0.));
#5292=DIRECTION('center_axis',(0.,1.,0.));
#5293=DIRECTION('ref_axis',(1.,0.,0.));
#5294=DIRECTION('center_axis',(0.,1.,0.));
#5295=DIRECTION('ref_axis',(1.,0.,0.));
#5296=DIRECTION('',(-2.06457990570309E-13,0.,-1.));
#5297=DIRECTION('',(-0.704786587228307,0.,-0.709419386867229));
#5298=DIRECTION('',(0.00135578679058211,0.,-0.999999080920667));
#5299=DIRECTION('',(0.707106781186548,0.,-0.707106781186548));
#5300=DIRECTION('',(3.59173085552325E-14,0.,-1.));
#5301=DIRECTION('',(-0.704785778244499,0.,-0.709420190567125));
#5302=DIRECTION('',(0.000185902767674475,0.,-0.99999998272008));
#5303=DIRECTION('',(0.707106781186551,0.,-0.707106781186544));
#5304=DIRECTION('',(-2.25755978017828E-14,0.,-1.));
#5305=DIRECTION('',(-0.704785778244522,0.,-0.709420190567102));
#5306=DIRECTION('',(0.,0.,-1.));
#5307=DIRECTION('',(1.,0.,1.10347073915184E-15));
#5308=DIRECTION('',(0.,0.,1.));
#5309=DIRECTION('center_axis',(-1.,0.,0.));
#5310=DIRECTION('ref_axis',(0.,-1.,0.));
#5311=DIRECTION('',(0.,-1.,0.));
#5312=DIRECTION('',(0.,0.,1.));
#5313=DIRECTION('center_axis',(0.,0.,1.));
#5314=DIRECTION('ref_axis',(1.,0.,0.));
#5315=DIRECTION('',(-1.,0.,-1.10347073915184E-15));
#5316=DIRECTION('',(0.,1.,0.));
#5317=DIRECTION('',(1.,0.,0.));
#5318=DIRECTION('',(0.,-1.,0.));
#5319=DIRECTION('center_axis',(1.,0.,0.));
#5320=DIRECTION('ref_axis',(0.,0.,-1.));
#5321=DIRECTION('',(0.,1.,0.));
#5322=DIRECTION('',(0.,0.,-1.));
#5323=DIRECTION('',(0.,-7.76587544271124E-10,-1.));
#5324=DIRECTION('center_axis',(0.,-1.,0.));
#5325=DIRECTION('ref_axis',(1.,0.,0.));
#5326=DIRECTION('',(0.,0.,1.));
#5327=DIRECTION('',(-1.,0.,0.));
#5328=DIRECTION('',(-0.000208196717617579,0.,0.999999978327063));
#5329=DIRECTION('',(1.,0.,0.));
#5330=DIRECTION('',(0.,0.,1.));
#5331=DIRECTION('',(1.,0.,0.));
#5332=DIRECTION('',(-0.704785778244522,0.,-0.709420190567102));
#5333=DIRECTION('',(-2.25755978017828E-14,0.,-1.));
#5334=DIRECTION('',(0.707106781186551,0.,-0.707106781186544));
#5335=DIRECTION('',(-1.,0.,0.));
#5336=DIRECTION('',(-0.707106781186545,0.,0.70710678118655));
#5337=DIRECTION('',(0.,0.,-1.));
#5338=DIRECTION('',(-1.,0.,0.));
#5339=DIRECTION('',(-0.000208196717617579,0.,0.999999978327063));
#5340=DIRECTION('',(1.,0.,1.425938189428E-16));
#5341=DIRECTION('',(9.32589448247009E-11,0.,1.));
#5342=DIRECTION('',(-1.,0.,0.));
#5343=DIRECTION('',(-0.000208196717617579,0.,0.999999978327063));
#5344=DIRECTION('',(1.,0.,0.));
#5345=DIRECTION('',(3.59173085552325E-14,0.,-1.));
#5346=DIRECTION('',(0.707106781186548,0.,-0.707106781186548));
#5347=DIRECTION('',(0.,0.,-1.));
#5348=DIRECTION('',(-1.,0.,0.));
#5349=DIRECTION('',(0.,0.,1.));
#5350=DIRECTION('',(1.,0.,0.));
#5351=DIRECTION('',(0.,0.,1.));
#5352=DIRECTION('',(1.,0.,0.));
#5353=DIRECTION('',(1.,0.,0.));
#5354=DIRECTION('',(-0.00141110974068001,0.,0.999999004384154));
#5355=DIRECTION('',(-1.,0.,0.));
#5356=DIRECTION('center_axis',(0.,1.,0.));
#5357=DIRECTION('ref_axis',(-1.,0.,0.));
#5358=DIRECTION('center_axis',(-1.,0.,9.32589448247009E-11));
#5359=DIRECTION('ref_axis',(0.,-1.,0.));
#5360=DIRECTION('',(0.,-1.,0.));
#5361=DIRECTION('',(-9.32589448247009E-11,0.,-1.));
#5362=DIRECTION('',(0.,1.,0.));
#5363=DIRECTION('center_axis',(0.,-1.,1.7728873924483E-14));
#5364=DIRECTION('ref_axis',(0.,1.7728873924483E-14,1.));
#5365=DIRECTION('',(0.000185902767674475,-1.77288736181294E-14,-0.99999998272008));
#5366=DIRECTION('',(-0.704785778244499,0.,-0.709420190567125));
#5367=DIRECTION('',(3.59173085552325E-14,0.,-1.));
#5368=DIRECTION('',(-1.,0.,2.04652722511286E-15));
#5369=DIRECTION('',(9.34093183178927E-11,0.,1.));
#5370=DIRECTION('',(-1.,0.,0.));
#5371=DIRECTION('',(0.,1.7728873924483E-14,1.));
#5372=DIRECTION('',(-1.,0.,0.));
#5373=DIRECTION('',(9.34093183178927E-11,0.,1.));
#5374=DIRECTION('',(1.,0.,0.));
#5375=DIRECTION('',(0.707106781186551,0.,-0.707106781186544));
#5376=DIRECTION('center_axis',(0.,0.,-1.));
#5377=DIRECTION('ref_axis',(1.,0.,0.));
#5378=DIRECTION('',(1.,0.,0.));
#5379=DIRECTION('',(0.,-1.,0.));
#5380=DIRECTION('center_axis',(-1.,0.,0.));
#5381=DIRECTION('ref_axis',(0.,0.,1.));
#5382=DIRECTION('',(0.,1.,0.));
#5383=DIRECTION('',(0.,0.,1.));
#5384=DIRECTION('',(0.,-1.,0.));
#5385=DIRECTION('',(0.,0.,-1.));
#5386=DIRECTION('center_axis',(-1.,0.,0.));
#5387=DIRECTION('ref_axis',(0.,0.,1.));
#5388=DIRECTION('',(0.,-1.,0.));
#5389=DIRECTION('',(0.,0.,-1.));
#5390=DIRECTION('',(0.,1.,0.));
#5391=DIRECTION('center_axis',(-0.707106781186551,0.,-0.707106781186545));
#5392=DIRECTION('ref_axis',(0.707106781186545,0.,-0.70710678118655));
#5393=DIRECTION('',(0.,-1.,0.));
#5394=DIRECTION('',(0.707106781186545,0.,-0.70710678118655));
#5395=DIRECTION('',(0.,1.,0.));
#5396=DIRECTION('center_axis',(0.,0.,-1.));
#5397=DIRECTION('ref_axis',(1.,0.,0.));
#5398=DIRECTION('',(0.,1.,0.));
#5399=DIRECTION('',(0.,-1.,0.));
#5400=DIRECTION('',(1.,0.,0.));
#5401=DIRECTION('center_axis',(1.2688263138416E-13,0.,1.));
#5402=DIRECTION('ref_axis',(-1.,0.,1.2688263138416E-13));
#5403=DIRECTION('',(-1.,0.,0.));
#5404=DIRECTION('',(0.,-1.,0.));
#5405=DIRECTION('',(-1.,0.,1.2688263138416E-13));
#5406=DIRECTION('',(0.,-1.,0.));
#5407=DIRECTION('center_axis',(0.,-1.,0.));
#5408=DIRECTION('ref_axis',(0.,0.,-1.));
#5409=DIRECTION('',(-1.,0.,0.));
#5410=DIRECTION('',(-0.704785778244522,0.,-0.709420190567102));
#5411=DIRECTION('',(9.34093183178927E-11,0.,1.));
#5412=DIRECTION('center_axis',(-9.32587305002907E-11,0.,-1.));
#5413=DIRECTION('ref_axis',(1.,0.,-9.32587305002907E-11));
#5414=DIRECTION('',(1.,0.,-9.32587305002907E-11));
#5415=DIRECTION('',(1.,0.,-9.32587305002907E-11));
#5416=DIRECTION('',(0.,-1.,0.));
#5417=DIRECTION('center_axis',(0.,-1.,0.));
#5418=DIRECTION('ref_axis',(0.,0.,-1.));
#5419=DIRECTION('',(0.,7.76587544271124E-10,1.));
#5420=DIRECTION('',(-1.,0.,0.));
#5421=DIRECTION('',(9.34093183178927E-11,0.,1.));
#5422=DIRECTION('',(0.,-7.76587544271124E-10,-1.));
#5423=DIRECTION('',(-1.,-8.5694163149297E-25,-1.10347073915184E-15));
#5424=DIRECTION('center_axis',(1.,0.,0.));
#5425=DIRECTION('ref_axis',(0.,0.,1.));
#5426=DIRECTION('',(0.,0.,1.));
#5427=DIRECTION('',(0.,-1.,0.));
#5428=DIRECTION('center_axis',(-1.,0.,0.));
#5429=DIRECTION('ref_axis',(0.,-1.,0.));
#5430=DIRECTION('center_axis',(-1.,0.,9.34093183178927E-11));
#5431=DIRECTION('ref_axis',(0.,-1.,0.));
#5432=DIRECTION('center_axis',(-1.,0.,0.));
#5433=DIRECTION('ref_axis',(0.,-1.,0.));
#5434=DIRECTION('',(-1.,0.,0.));
#5435=DIRECTION('center_axis',(1.,0.,3.59173085552325E-14));
#5436=DIRECTION('ref_axis',(3.59173085552325E-14,0.,-1.));
#5437=DIRECTION('',(0.,-1.,0.));
#5438=DIRECTION('',(0.,1.,0.));
#5439=DIRECTION('',(0.,1.,0.));
#5440=DIRECTION('center_axis',(0.,0.,1.));
#5441=DIRECTION('ref_axis',(-1.,0.,0.));
#5442=DIRECTION('',(0.,-1.,0.));
#5443=DIRECTION('',(-1.,0.,0.));
#5444=DIRECTION('center_axis',(-1.,0.,0.));
#5445=DIRECTION('ref_axis',(0.,-1.,7.76587683049005E-10));
#5446=DIRECTION('center_axis',(-1.,0.,9.34093183178927E-11));
#5447=DIRECTION('ref_axis',(0.,-1.,7.76587683049005E-10));
#5448=DIRECTION('',(-1.,0.,0.));
#5449=DIRECTION('center_axis',(-1.,0.,0.));
#5450=DIRECTION('ref_axis',(0.,-1.,7.76587683049005E-10));
#5451=DIRECTION('',(-1.,0.,0.));
#5452=DIRECTION('center_axis',(0.,-1.,7.76587544271124E-10));
#5453=DIRECTION('ref_axis',(0.,7.76587544271124E-10,1.));
#5454=DIRECTION('',(-1.,0.,0.));
#5455=DIRECTION('',(0.,7.76587544271124E-10,1.));
#5456=DIRECTION('center_axis',(0.709420190567102,0.,-0.704785778244522));
#5457=DIRECTION('ref_axis',(-0.704785778244522,0.,-0.709420190567102));
#5458=DIRECTION('',(0.,1.,0.));
#5459=DIRECTION('center_axis',(-1.,0.,0.));
#5460=DIRECTION('ref_axis',(0.,0.,1.));
#5461=DIRECTION('',(0.,0.,1.));
#5462=DIRECTION('',(0.,-1.,0.));
#5463=DIRECTION('',(0.,0.,-1.));
#5464=DIRECTION('',(0.,-1.,0.));
#5465=DIRECTION('',(0.,0.,1.));
#5466=DIRECTION('',(0.,1.,0.));
#5467=DIRECTION('center_axis',(0.,0.,1.));
#5468=DIRECTION('ref_axis',(-1.,0.,0.));
#5469=DIRECTION('',(-1.,0.,0.));
#5470=DIRECTION('',(0.,1.,0.));
#5471=DIRECTION('',(-1.,0.,0.));
#5472=DIRECTION('center_axis',(0.,0.,1.));
#5473=DIRECTION('ref_axis',(1.,0.,0.));
#5474=DIRECTION('',(0.,-1.,0.));
#5475=DIRECTION('',(-1.,0.,0.));
#5476=DIRECTION('',(0.,1.,0.));
#5477=DIRECTION('',(1.,0.,0.));
#5478=DIRECTION('center_axis',(0.,0.,-1.));
#5479=DIRECTION('ref_axis',(1.,0.,0.));
#5480=DIRECTION('',(1.,0.,0.));
#5481=DIRECTION('',(0.,-1.,0.));
#5482=DIRECTION('center_axis',(-0.999999978327063,0.,-0.000208196717617579));
#5483=DIRECTION('ref_axis',(0.000208196717617579,0.,-0.999999978327063));
#5484=DIRECTION('',(0.000208196717617579,0.,-0.999999978327063));
#5485=DIRECTION('',(0.,-1.,0.));
#5486=DIRECTION('center_axis',(0.,0.,1.));
#5487=DIRECTION('ref_axis',(-1.,0.,0.));
#5488=DIRECTION('',(-1.,0.,0.));
#5489=DIRECTION('',(0.,-1.,0.));
#5490=DIRECTION('center_axis',(0.,0.,-1.));
#5491=DIRECTION('ref_axis',(1.,0.,0.));
#5492=DIRECTION('',(1.,0.,0.));
#5493=DIRECTION('',(0.,-1.,0.));
#5494=DIRECTION('center_axis',(-0.999999978327063,0.,-0.000208196717617579));
#5495=DIRECTION('ref_axis',(0.000208196717617579,0.,-0.999999978327063));
#5496=DIRECTION('',(0.000208196717617579,0.,-0.999999978327063));
#5497=DIRECTION('',(0.,-1.,0.));
#5498=DIRECTION('center_axis',(-1.425938189428E-16,0.,1.));
#5499=DIRECTION('ref_axis',(-1.,0.,-1.425938189428E-16));
#5500=DIRECTION('',(-1.,0.,-1.425938189428E-16));
#5501=DIRECTION('center_axis',(-0.999999978327063,0.,-0.000208196717617579));
#5502=DIRECTION('ref_axis',(0.000208196717617579,0.,-0.999999978327063));
#5503=DIRECTION('',(0.000208196717617579,0.,-0.999999978327063));
#5504=DIRECTION('center_axis',(0.709420190567125,0.,-0.704785778244499));
#5505=DIRECTION('ref_axis',(-0.704785778244499,0.,-0.709420190567125));
#5506=DIRECTION('',(0.,1.,0.));
#5507=DIRECTION('center_axis',(0.99999998272008,0.,0.000185902767674475));
#5508=DIRECTION('ref_axis',(0.000185902767674475,0.,-0.99999998272008));
#5509=DIRECTION('',(0.,1.,0.));
#5510=DIRECTION('center_axis',(0.707106781186544,0.,0.707106781186551));
#5511=DIRECTION('ref_axis',(0.707106781186551,0.,-0.707106781186544));
#5512=DIRECTION('',(0.,1.,0.));
#5513=DIRECTION('center_axis',(-1.,0.,0.));
#5514=DIRECTION('ref_axis',(0.,0.,1.));
#5515=DIRECTION('',(0.,-1.,0.));
#5516=DIRECTION('',(0.,0.,-1.));
#5517=DIRECTION('',(0.,1.,0.));
#5518=DIRECTION('center_axis',(0.,-1.,0.));
#5519=DIRECTION('ref_axis',(0.,0.,-1.));
#5520=DIRECTION('',(-0.704786587228307,0.,-0.709419386867229));
#5521=DIRECTION('',(0.,0.,-1.));
#5522=DIRECTION('',(0.707106781186548,0.,-0.707106781186548));
#5523=DIRECTION('',(0.00135578679058211,0.,-0.999999080920667));
#5524=DIRECTION('center_axis',(0.,-1.,0.));
#5525=DIRECTION('ref_axis',(1.,0.,0.));
#5526=DIRECTION('',(-1.,0.,0.));
#5527=DIRECTION('center_axis',(0.,1.,0.));
#5528=DIRECTION('ref_axis',(-1.,0.,0.));
#5529=DIRECTION('',(0.,0.,-1.));
#5530=DIRECTION('',(-1.,0.,0.));
#5531=DIRECTION('',(0.,0.,-1.));
#5532=DIRECTION('',(-1.,0.,0.));
#5533=DIRECTION('',(0.,0.,1.));
#5534=DIRECTION('',(-0.704786587228307,0.,-0.709419386867229));
#5535=DIRECTION('',(-2.06457990570309E-13,0.,-1.));
#5536=DIRECTION('center_axis',(0.,-1.,0.));
#5537=DIRECTION('ref_axis',(1.,0.,0.));
#5538=DIRECTION('',(1.,0.,0.));
#5539=DIRECTION('',(-2.90381835883852E-15,0.,-1.));
#5540=DIRECTION('center_axis',(0.,-1.,0.));
#5541=DIRECTION('ref_axis',(-3.19448171601439E-12,0.,1.));
#5542=DIRECTION('',(0.,0.,-1.));
#5543=DIRECTION('center_axis',(0.,1.,0.));
#5544=DIRECTION('ref_axis',(-1.,0.,0.));
#5545=DIRECTION('center_axis',(0.,0.,1.));
#5546=DIRECTION('ref_axis',(-1.,0.,0.));
#5547=DIRECTION('',(1.,0.,0.));
#5548=DIRECTION('',(-1.,0.,0.));
#5549=DIRECTION('',(0.,-1.,0.));
#5550=DIRECTION('center_axis',(1.,0.,0.));
#5551=DIRECTION('ref_axis',(0.,0.,1.));
#5552=DIRECTION('',(0.,0.,-1.));
#5553=DIRECTION('',(0.,0.,1.));
#5554=DIRECTION('',(0.,-1.,0.));
#5555=DIRECTION('',(0.,-1.,0.));
#5556=DIRECTION('center_axis',(0.,0.,-1.));
#5557=DIRECTION('ref_axis',(1.,0.,0.));
#5558=DIRECTION('',(-1.,0.,0.));
#5559=DIRECTION('center_axis',(0.,-1.,0.));
#5560=DIRECTION('ref_axis',(0.,0.,-1.));
#5561=DIRECTION('center_axis',(0.,0.,1.));
#5562=DIRECTION('ref_axis',(-1.,0.,0.));
#5563=DIRECTION('',(1.,0.,0.));
#5564=DIRECTION('',(0.,-1.,0.));
#5565=DIRECTION('',(-1.,0.,0.));
#5566=DIRECTION('',(0.,-1.,0.));
#5567=DIRECTION('center_axis',(0.,0.,-1.));
#5568=DIRECTION('ref_axis',(1.,0.,0.));
#5569=DIRECTION('',(1.,0.,0.));
#5570=DIRECTION('',(0.,-1.,0.));
#5571=DIRECTION('',(1.,0.,0.));
#5572=DIRECTION('',(0.,-1.,0.));
#5573=DIRECTION('center_axis',(0.,0.,-1.));
#5574=DIRECTION('ref_axis',(-1.,0.,0.));
#5575=DIRECTION('',(-1.,0.,0.));
#5576=DIRECTION('',(0.,-1.,0.));
#5577=DIRECTION('',(0.,1.,0.));
#5578=DIRECTION('center_axis',(0.,1.,0.));
#5579=DIRECTION('ref_axis',(-1.,0.,0.));
#5580=DIRECTION('',(0.,0.,1.));
#5581=DIRECTION('',(1.,0.,0.));
#5582=DIRECTION('',(0.,0.,-1.));
#5583=DIRECTION('',(-1.,0.,0.));
#5584=DIRECTION('',(-7.83309278521388E-16,0.,1.));
#5585=DIRECTION('center_axis',(0.,-1.,0.));
#5586=DIRECTION('ref_axis',(0.342599490961252,0.,0.939481553194681));
#5587=DIRECTION('',(1.,0.,0.));
#5588=DIRECTION('',(0.,0.,-1.));
#5589=DIRECTION('',(-0.939481553194683,0.,0.342599490961249));
#5590=DIRECTION('center_axis',(0.,1.,0.));
#5591=DIRECTION('ref_axis',(-0.342599490961255,0.,-0.93948155319468));
#5592=DIRECTION('',(-1.24935435064475E-15,0.,1.));
#5593=DIRECTION('',(1.,0.,0.));
#5594=DIRECTION('',(0.,0.,1.));
#5595=DIRECTION('',(-1.,0.,0.));
#5596=DIRECTION('',(0.,0.,-1.));
#5597=DIRECTION('',(0.,0.,-1.));
#5598=DIRECTION('',(0.,0.,1.));
#5599=DIRECTION('center_axis',(-1.,0.,0.));
#5600=DIRECTION('ref_axis',(0.,0.,1.));
#5601=DIRECTION('',(0.,1.,0.));
#5602=DIRECTION('',(0.,0.,-1.));
#5603=DIRECTION('center_axis',(1.,0.,0.));
#5604=DIRECTION('ref_axis',(0.,0.,1.));
#5605=DIRECTION('',(0.,0.,-1.));
#5606=DIRECTION('',(0.,1.,0.));
#5607=DIRECTION('',(0.,0.,-1.));
#5608=DIRECTION('center_axis',(-1.,0.,0.));
#5609=DIRECTION('ref_axis',(0.,0.,-1.));
#5610=DIRECTION('',(0.,-1.,0.));
#5611=DIRECTION('',(0.,0.,1.));
#5612=DIRECTION('',(0.,0.,1.));
#5613=DIRECTION('center_axis',(0.,0.,1.));
#5614=DIRECTION('ref_axis',(-1.,0.,0.));
#5615=DIRECTION('',(1.,0.,0.));
#5616=DIRECTION('',(0.,1.,0.));
#5617=DIRECTION('',(-1.,0.,0.));
#5618=DIRECTION('',(0.,1.,0.));
#5619=DIRECTION('center_axis',(-1.,0.,0.));
#5620=DIRECTION('ref_axis',(0.,0.,1.));
#5621=DIRECTION('',(0.,0.,1.));
#5622=DIRECTION('',(0.,1.,0.));
#5623=DIRECTION('',(0.,0.,1.));
#5624=DIRECTION('',(0.,1.,0.));
#5625=DIRECTION('center_axis',(0.,1.,0.));
#5626=DIRECTION('ref_axis',(-1.,0.,0.));
#5627=DIRECTION('center_axis',(0.,1.,0.));
#5628=DIRECTION('ref_axis',(-1.,0.,0.));
#5629=DIRECTION('',(0.,1.,0.));
#5630=DIRECTION('center_axis',(0.,1.,0.));
#5631=DIRECTION('ref_axis',(-1.,0.,0.));
#5632=DIRECTION('center_axis',(1.,0.,0.));
#5633=DIRECTION('ref_axis',(0.,0.,-1.));
#5634=DIRECTION('',(0.,0.,-1.));
#5635=DIRECTION('',(0.,1.,0.));
#5636=DIRECTION('',(0.,0.,-1.));
#5637=DIRECTION('center_axis',(0.,1.,0.));
#5638=DIRECTION('ref_axis',(1.,0.,0.));
#5639=DIRECTION('center_axis',(0.,1.,0.));
#5640=DIRECTION('ref_axis',(1.,0.,0.));
#5641=DIRECTION('center_axis',(0.,1.,0.));
#5642=DIRECTION('ref_axis',(1.,0.,0.));
#5643=DIRECTION('center_axis',(0.,-1.,0.));
#5644=DIRECTION('ref_axis',(1.,0.,0.));
#5645=DIRECTION('center_axis',(0.,-1.,0.));
#5646=DIRECTION('ref_axis',(1.,0.,0.));
#5647=DIRECTION('',(-1.,0.,0.));
#5648=DIRECTION('',(0.,0.,-1.));
#5649=DIRECTION('center_axis',(0.,-1.,0.));
#5650=DIRECTION('ref_axis',(7.0269715971842E-12,0.,-1.));
#5651=DIRECTION('',(-1.,0.,-5.91773543747795E-12));
#5652=DIRECTION('',(0.,0.,-1.));
#5653=DIRECTION('',(1.,0.,0.));
#5654=DIRECTION('',(0.70710678118655,0.,0.707106781186545));
#5655=DIRECTION('',(0.999999975033071,0.,0.000223458847569491));
#5656=DIRECTION('center_axis',(0.,1.,0.));
#5657=DIRECTION('ref_axis',(1.,0.,0.));
#5658=DIRECTION('',(1.,0.,2.63986363633101E-12));
#5659=DIRECTION('center_axis',(0.,-1.,0.));
#5660=DIRECTION('ref_axis',(1.09097915881342E-11,0.,-1.));
#5661=DIRECTION('',(-1.,0.,1.15857940525092E-12));
#5662=DIRECTION('center_axis',(0.,-1.,0.));
#5663=DIRECTION('ref_axis',(1.25529216646002E-12,0.,1.));
#5664=DIRECTION('center_axis',(0.,1.,0.));
#5665=DIRECTION('ref_axis',(-1.,0.,-1.22464679914735E-16));
#5666=DIRECTION('',(0.,-1.,0.));
#5667=DIRECTION('',(0.,1.,0.));
#5668=DIRECTION('center_axis',(1.,0.,-2.90381835883852E-15));
#5669=DIRECTION('ref_axis',(-2.90381835883852E-15,0.,-1.));
#5670=DIRECTION('',(0.,-1.,0.));
#5671=DIRECTION('',(-2.90381835883852E-15,0.,-1.));
#5672=DIRECTION('',(0.,-1.,0.));
#5673=DIRECTION('center_axis',(1.,0.,-2.90381835883852E-15));
#5674=DIRECTION('ref_axis',(-2.90381835883852E-15,0.,-1.));
#5675=DIRECTION('',(0.,-1.,0.));
#5676=DIRECTION('',(-2.90381835883852E-15,0.,-1.));
#5677=DIRECTION('',(0.,1.,0.));
#5678=DIRECTION('center_axis',(0.,-1.,0.));
#5679=DIRECTION('ref_axis',(1.,0.,0.));
#5680=DIRECTION('',(-1.,0.,-3.20435036528948E-12));
#5681=DIRECTION('',(1.,0.,-2.77117667832625E-14));
#5682=DIRECTION('',(0.70834344061265,0.,-0.705867955173652));
#5683=DIRECTION('',(1.,0.,1.71811972638406E-12));
#5684=DIRECTION('',(0.,0.,1.));
#5685=DIRECTION('',(-1.,0.,-5.91773543747795E-12));
#5686=DIRECTION('center_axis',(0.,-1.,0.));
#5687=DIRECTION('ref_axis',(-6.03961325395891E-12,0.,1.));
#5688=DIRECTION('',(-6.03961328517358E-12,0.,1.));
#5689=DIRECTION('',(-1.,0.,0.));
#5690=DIRECTION('',(1.,0.,-1.54049612572126E-12));
#5691=DIRECTION('center_axis',(0.,-1.,0.));
#5692=DIRECTION('ref_axis',(3.23000885284644E-12,0.,-1.));
#5693=DIRECTION('center_axis',(0.,-1.,0.));
#5694=DIRECTION('ref_axis',(-1.,0.,-4.9410489107295E-12));
#5695=DIRECTION('',(0.,-1.,0.));
#5696=DIRECTION('center_axis',(0.,-1.,0.));
#5697=DIRECTION('ref_axis',(1.09097915881342E-11,0.,-1.));
#5698=DIRECTION('',(0.,-1.,0.));
#5699=DIRECTION('center_axis',(2.63986363633101E-12,0.,-1.));
#5700=DIRECTION('ref_axis',(1.,0.,2.63986363633101E-12));
#5701=DIRECTION('',(0.,-1.,0.));
#5702=DIRECTION('',(1.,0.,2.63986363633101E-12));
#5703=DIRECTION('center_axis',(-1.,0.,0.));
#5704=DIRECTION('ref_axis',(0.,0.,1.));
#5705=DIRECTION('',(0.,0.,1.));
#5706=DIRECTION('',(0.,1.,0.));
#5707=DIRECTION('center_axis',(-3.20435036528948E-12,0.,1.));
#5708=DIRECTION('ref_axis',(-1.,0.,-3.20435036528948E-12));
#5709=DIRECTION('',(0.,-1.,0.));
#5710=DIRECTION('',(-1.,0.,-3.20435036528948E-12));
#5711=DIRECTION('',(0.,-1.,0.));
#5712=DIRECTION('center_axis',(0.,-1.,0.));
#5713=DIRECTION('ref_axis',(3.23000885284644E-12,0.,-1.));
#5714=DIRECTION('',(0.,-1.,0.));
#5715=DIRECTION('center_axis',(0.,-1.,0.));
#5716=DIRECTION('ref_axis',(3.23000885284644E-12,0.,-1.));
#5717=DIRECTION('center_axis',(0.,0.,1.));
#5718=DIRECTION('ref_axis',(1.,0.,0.));
#5719=DIRECTION('',(0.,1.,0.));
#5720=DIRECTION('',(0.,1.,0.));
#5721=DIRECTION('center_axis',(0.,0.,1.));
#5722=DIRECTION('ref_axis',(1.,0.,0.));
#5723=DIRECTION('center_axis',(-1.54049612572126E-12,0.,-1.));
#5724=DIRECTION('ref_axis',(1.,0.,-1.54049612572126E-12));
#5725=DIRECTION('',(0.,-1.,0.));
#5726=DIRECTION('',(1.,0.,-1.54049612572126E-12));
#5727=DIRECTION('center_axis',(0.,1.,0.));
#5728=DIRECTION('ref_axis',(1.,0.,0.));
#5729=DIRECTION('',(0.,1.,0.));
#5730=DIRECTION('',(0.,1.,0.));
#5731=DIRECTION('center_axis',(0.,1.,0.));
#5732=DIRECTION('ref_axis',(1.,0.,0.));
#5733=DIRECTION('',(0.,1.,0.));
#5734=DIRECTION('center_axis',(0.,1.,0.));
#5735=DIRECTION('ref_axis',(-0.284087993666011,0.,0.958798212271394));
#5736=DIRECTION('',(0.,1.,0.));
#5737=DIRECTION('center_axis',(0.,1.,0.));
#5738=DIRECTION('ref_axis',(1.,0.,0.));
#5739=DIRECTION('',(0.,1.,0.));
#5740=DIRECTION('',(0.,1.,0.));
#5741=DIRECTION('center_axis',(0.,1.,0.));
#5742=DIRECTION('ref_axis',(1.,0.,0.));
#5743=DIRECTION('',(0.,1.,0.));
#5744=DIRECTION('',(0.,-1.,0.));
#5745=DIRECTION('center_axis',(0.,-1.,0.));
#5746=DIRECTION('ref_axis',(1.,0.,0.));
#5747=DIRECTION('',(0.,1.,0.));
#5748=DIRECTION('',(0.,1.,0.));
#5749=DIRECTION('center_axis',(0.,1.,0.));
#5750=DIRECTION('ref_axis',(1.,0.,0.));
#5751=DIRECTION('',(0.,-1.,0.));
#5752=DIRECTION('center_axis',(0.,1.,0.));
#5753=DIRECTION('ref_axis',(1.,0.,0.));
#5754=DIRECTION('center_axis',(0.,-1.,0.));
#5755=DIRECTION('ref_axis',(1.,0.,0.));
#5756=DIRECTION('center_axis',(1.,0.,0.));
#5757=DIRECTION('ref_axis',(0.,0.,-1.));
#5758=DIRECTION('center_axis',(-1.,0.,0.));
#5759=DIRECTION('ref_axis',(0.,0.,1.));
#5760=DIRECTION('',(0.,-1.,0.));
#5761=DIRECTION('center_axis',(-1.,0.,0.));
#5762=DIRECTION('ref_axis',(0.,0.,-1.));
#5763=DIRECTION('center_axis',(1.,0.,0.));
#5764=DIRECTION('ref_axis',(0.,0.,-1.));
#5765=DIRECTION('center_axis',(-1.,0.,0.));
#5766=DIRECTION('ref_axis',(0.,0.,-1.));
#5767=DIRECTION('',(0.,1.,0.));
#5768=DIRECTION('center_axis',(-1.,0.,0.));
#5769=DIRECTION('ref_axis',(0.,0.,1.));
#5770=DIRECTION('center_axis',(-1.,0.,0.));
#5771=DIRECTION('ref_axis',(0.,0.,-1.));
#5772=DIRECTION('',(-1.,0.,0.));
#5773=DIRECTION('center_axis',(-1.,0.,0.));
#5774=DIRECTION('ref_axis',(0.,0.,-1.));
#5775=DIRECTION('',(-1.,0.,0.));
#5776=DIRECTION('center_axis',(0.,0.,1.));
#5777=DIRECTION('ref_axis',(1.,0.,0.));
#5778=DIRECTION('center_axis',(0.,0.,-1.));
#5779=DIRECTION('ref_axis',(1.,0.,0.));
#5780=DIRECTION('',(0.,1.,0.));
#5781=DIRECTION('center_axis',(0.,0.,-1.));
#5782=DIRECTION('ref_axis',(-1.,0.,0.));
#5783=DIRECTION('center_axis',(0.,0.,-1.));
#5784=DIRECTION('ref_axis',(1.,0.,0.));
#5785=DIRECTION('',(0.,0.,-1.));
#5786=DIRECTION('center_axis',(-1.41479748270816E-15,0.,-1.));
#5787=DIRECTION('ref_axis',(1.,0.,0.));
#5788=DIRECTION('',(0.,0.,-1.));
#5789=DIRECTION('center_axis',(0.,1.,0.));
#5790=DIRECTION('ref_axis',(0.,0.,-1.));
#5791=DIRECTION('center_axis',(0.,-1.,0.));
#5792=DIRECTION('ref_axis',(0.,0.,-1.));
#5793=DIRECTION('',(0.,-1.,0.));
#5794=DIRECTION('center_axis',(0.,1.,0.));
#5795=DIRECTION('ref_axis',(-1.,0.,0.));
#5796=DIRECTION('',(0.,0.,1.));
#5797=DIRECTION('center_axis',(0.,-1.,0.));
#5798=DIRECTION('ref_axis',(-1.,0.,0.));
#5799=DIRECTION('',(-1.,0.,-8.25444627974094E-17));
#5800=DIRECTION('center_axis',(0.,0.,-1.));
#5801=DIRECTION('ref_axis',(1.,0.,0.));
#5802=DIRECTION('',(0.,-1.,0.));
#5803=DIRECTION('center_axis',(0.,-1.,0.));
#5804=DIRECTION('ref_axis',(-1.,0.,0.));
#5805=DIRECTION('',(0.,-1.,0.));
#5806=DIRECTION('center_axis',(0.,-1.,0.));
#5807=DIRECTION('ref_axis',(-1.,0.,0.));
#5808=DIRECTION('',(0.,-1.,0.));
#5809=DIRECTION('center_axis',(0.,-1.,0.));
#5810=DIRECTION('ref_axis',(-1.,0.,0.));
#5811=DIRECTION('center_axis',(0.,-1.,0.));
#5812=DIRECTION('ref_axis',(-1.,0.,0.));
#5813=DIRECTION('',(0.,1.,0.));
#5814=DIRECTION('center_axis',(0.,1.,0.));
#5815=DIRECTION('ref_axis',(-1.,0.,0.));
#5816=DIRECTION('center_axis',(0.,-1.,0.));
#5817=DIRECTION('ref_axis',(-1.,0.,0.));
#5818=DIRECTION('center_axis',(0.,-1.,0.));
#5819=DIRECTION('ref_axis',(-1.,0.,0.));
#5820=DIRECTION('',(0.,1.,0.));
#5821=DIRECTION('center_axis',(0.,1.,0.));
#5822=DIRECTION('ref_axis',(-1.,0.,0.));
#5823=DIRECTION('center_axis',(0.,-1.,0.));
#5824=DIRECTION('ref_axis',(-1.,0.,0.));
#5825=DIRECTION('center_axis',(0.,-1.,0.));
#5826=DIRECTION('ref_axis',(-1.,0.,0.));
#5827=DIRECTION('',(0.,1.,0.));
#5828=DIRECTION('center_axis',(0.,1.,0.));
#5829=DIRECTION('ref_axis',(-1.,0.,0.));
#5830=DIRECTION('center_axis',(0.,1.,0.));
#5831=DIRECTION('ref_axis',(-1.,0.,0.));
#5832=DIRECTION('center_axis',(0.,0.,1.));
#5833=DIRECTION('ref_axis',(1.,0.,0.));
#5834=DIRECTION('',(0.,1.,0.));
#5835=DIRECTION('',(0.,1.,0.));
#5836=DIRECTION('center_axis',(-0.999999004384154,0.,-0.00141110974068001));
#5837=DIRECTION('ref_axis',(-0.00141110974068001,0.,0.999999004384154));
#5838=DIRECTION('',(0.,1.,0.));
#5839=DIRECTION('center_axis',(-0.707106781186545,0.,0.70710678118655));
#5840=DIRECTION('ref_axis',(0.70710678118655,0.,0.707106781186545));
#5841=DIRECTION('',(0.,1.,0.));
#5842=DIRECTION('center_axis',(-0.000223458847569491,0.,0.999999975033071));
#5843=DIRECTION('ref_axis',(0.999999975033071,0.,0.000223458847569491));
#5844=DIRECTION('center_axis',(-0.000223458847569491,0.,0.999999975033071));
#5845=DIRECTION('ref_axis',(0.999999975033071,0.,0.000223458847569491));
#5846=DIRECTION('center_axis',(0.,0.,-1.));
#5847=DIRECTION('ref_axis',(-1.,0.,0.));
#5848=DIRECTION('center_axis',(1.,0.,-2.25755978017828E-14));
#5849=DIRECTION('ref_axis',(-2.25755978017828E-14,0.,-1.));
#5850=DIRECTION('center_axis',(0.707106781186548,0.,0.707106781186548));
#5851=DIRECTION('ref_axis',(0.707106781186548,0.,-0.707106781186548));
#5852=DIRECTION('',(0.,1.,0.));
#5853=DIRECTION('center_axis',(0.999999080920667,0.,0.00135578679058211));
#5854=DIRECTION('ref_axis',(0.00135578679058211,0.,-0.999999080920667));
#5855=DIRECTION('',(0.,1.,0.));
#5856=DIRECTION('center_axis',(0.709419386867229,0.,-0.704786587228307));
#5857=DIRECTION('ref_axis',(-0.704786587228307,0.,-0.709419386867229));
#5858=DIRECTION('',(0.,1.,0.));
#5859=DIRECTION('center_axis',(1.,0.,-2.06457990570309E-13));
#5860=DIRECTION('ref_axis',(-2.06457990570309E-13,0.,-1.));
#5861=DIRECTION('center_axis',(0.705867955173654,0.,0.708343440612648));
#5862=DIRECTION('ref_axis',(0.708343440612648,0.,-0.705867955173654));
#5863=DIRECTION('',(0.,1.,0.));
#5864=DIRECTION('center_axis',(-1.71597578702348E-12,0.,1.));
#5865=DIRECTION('ref_axis',(1.,0.,1.71597578702348E-12));
#5866=DIRECTION('',(0.,-1.,0.));
#5867=DIRECTION('center_axis',(0.,-1.,0.));
#5868=DIRECTION('ref_axis',(1.,0.,0.));
#5869=DIRECTION('',(1.,0.,0.));
#5870=DIRECTION('',(-1.,0.,0.));
#5871=DIRECTION('center_axis',(0.,1.,0.));
#5872=DIRECTION('ref_axis',(-1.,0.,0.));
#5873=DIRECTION('center_axis',(0.,-1.,0.));
#5874=DIRECTION('ref_axis',(-3.19448171601439E-12,0.,1.));
#5875=DIRECTION('center_axis',(0.,-1.,0.));
#5876=DIRECTION('ref_axis',(-3.19448171601439E-12,0.,1.));
#5877=DIRECTION('center_axis',(-1.,0.,0.));
#5878=DIRECTION('ref_axis',(0.,0.,-1.));
#5879=DIRECTION('',(0.,-1.,0.));
#5880=DIRECTION('',(0.,0.,-1.));
#5881=DIRECTION('',(0.,-1.,0.));
#5882=DIRECTION('center_axis',(-5.91773543747795E-12,0.,1.));
#5883=DIRECTION('ref_axis',(-1.,0.,-5.91773543747795E-12));
#5884=DIRECTION('',(0.,-1.,0.));
#5885=DIRECTION('',(-1.,0.,-5.91773543747795E-12));
#5886=DIRECTION('center_axis',(0.,-1.,0.));
#5887=DIRECTION('ref_axis',(7.0269715971842E-12,0.,-1.));
#5888=DIRECTION('',(0.,1.,0.));
#5889=DIRECTION('center_axis',(0.,-1.,0.));
#5890=DIRECTION('ref_axis',(7.0269715971842E-12,0.,-1.));
#5891=DIRECTION('center_axis',(-1.,0.,0.));
#5892=DIRECTION('ref_axis',(0.,0.,-1.));
#5893=DIRECTION('',(0.,-1.,0.));
#5894=DIRECTION('',(0.,0.,-1.));
#5895=DIRECTION('center_axis',(0.,0.,1.));
#5896=DIRECTION('ref_axis',(-1.,0.,0.));
#5897=DIRECTION('',(-1.,0.,0.));
#5898=DIRECTION('center_axis',(0.,0.,-1.));
#5899=DIRECTION('ref_axis',(1.,0.,0.));
#5900=DIRECTION('',(0.,1.,0.));
#5901=DIRECTION('',(-1.,0.,0.));
#5902=DIRECTION('center_axis',(0.,0.,1.));
#5903=DIRECTION('ref_axis',(-1.,0.,0.));
#5904=DIRECTION('',(-1.,0.,0.));
#5905=DIRECTION('',(0.,-1.,0.));
#5906=DIRECTION('center_axis',(0.,0.,-1.));
#5907=DIRECTION('ref_axis',(-1.,1.17640939724704E-13,0.));
#5908=DIRECTION('',(-1.,1.29296159700134E-16,0.));
#5909=DIRECTION('center_axis',(0.,0.,-1.));
#5910=DIRECTION('ref_axis',(7.57086701023231E-13,-1.,0.));
#5911=DIRECTION('',(2.52323414687975E-15,-1.,0.));
#5912=DIRECTION('center_axis',(0.,0.,-1.));
#5913=DIRECTION('ref_axis',(1.,-1.16146408730016E-13,0.));
#5914=DIRECTION('',(1.,-2.5859231940035E-16,0.));
#5915=DIRECTION('center_axis',(0.,0.,-1.));
#5916=DIRECTION('ref_axis',(8.54017711250121E-16,1.,0.));
#5917=DIRECTION('',(-8.41078048959919E-16,1.,0.));
#5918=DIRECTION('center_axis',(0.,-1.,0.));
#5919=DIRECTION('ref_axis',(1.,0.,-1.22464679914735E-16));
#5920=DIRECTION('',(0.,1.,0.));
#5921=DIRECTION('center_axis',(0.,1.,0.));
#5922=DIRECTION('ref_axis',(-1.,0.,0.));
#5923=DIRECTION('center_axis',(0.,-1.,0.));
#5924=DIRECTION('ref_axis',(-1.,0.,0.));
#5925=DIRECTION('',(0.,1.,0.));
#5926=DIRECTION('center_axis',(0.,1.,0.));
#5927=DIRECTION('ref_axis',(-1.,0.,0.));
#5928=DIRECTION('center_axis',(0.,0.,1.));
#5929=DIRECTION('ref_axis',(-1.,0.,0.));
#5930=DIRECTION('',(-1.,0.,0.));
#5931=DIRECTION('',(0.,1.,0.));
#5932=DIRECTION('',(0.,-1.,0.));
#5933=DIRECTION('',(1.,0.,0.));
#5934=DIRECTION('center_axis',(0.,-1.,0.));
#5935=DIRECTION('ref_axis',(0.,0.,-1.));
#5936=DIRECTION('',(1.24935435064475E-15,0.,-1.));
#5937=DIRECTION('',(-1.,0.,0.));
#5938=DIRECTION('center_axis',(0.,0.,1.));
#5939=DIRECTION('ref_axis',(-1.,0.,0.));
#5940=DIRECTION('',(0.,-1.,0.));
#5941=DIRECTION('',(-1.,0.,0.));
#5942=DIRECTION('center_axis',(1.,0.,2.49283387039571E-16));
#5943=DIRECTION('ref_axis',(-2.49283387039571E-16,0.,1.));
#5944=DIRECTION('',(-2.49283387039571E-16,0.,1.));
#5945=DIRECTION('',(-2.49283387039571E-16,0.,1.));
#5946=DIRECTION('',(0.,-1.,0.));
#5947=DIRECTION('center_axis',(0.,-1.,0.));
#5948=DIRECTION('ref_axis',(0.,0.,-1.));
#5949=DIRECTION('',(-1.,0.,0.));
#5950=DIRECTION('center_axis',(-0.342599490961249,0.,-0.939481553194683));
#5951=DIRECTION('ref_axis',(0.939481553194683,0.,-0.342599490961249));
#5952=DIRECTION('',(0.,-1.,0.));
#5953=DIRECTION('',(0.939481553194683,0.,-0.342599490961249));
#5954=DIRECTION('',(0.,-1.,0.));
#5955=DIRECTION('center_axis',(0.,-1.,0.));
#5956=DIRECTION('ref_axis',(-0.342599490961255,0.,-0.93948155319468));
#5957=DIRECTION('center_axis',(0.,-1.,0.));
#5958=DIRECTION('ref_axis',(-0.342599490961255,0.,-0.93948155319468));
#5959=DIRECTION('',(0.,-1.,0.));
#5960=DIRECTION('center_axis',(-1.,0.,-1.24935435064475E-15));
#5961=DIRECTION('ref_axis',(1.24935435064475E-15,0.,-1.));
#5962=DIRECTION('',(1.24935435064475E-15,0.,-1.));
#5963=DIRECTION('center_axis',(-1.,0.,-7.83309278521388E-16));
#5964=DIRECTION('ref_axis',(7.83309278521388E-16,0.,-1.));
#5965=DIRECTION('',(0.,-1.,0.));
#5966=DIRECTION('',(7.83309278521388E-16,0.,-1.));
#5967=DIRECTION('',(0.,-1.,0.));
#5968=DIRECTION('center_axis',(0.,-1.,0.));
#5969=DIRECTION('ref_axis',(0.342599490961252,0.,0.939481553194681));
#5970=DIRECTION('',(0.,1.,0.));
#5971=DIRECTION('center_axis',(0.,1.,0.));
#5972=DIRECTION('ref_axis',(0.342599490961252,0.,0.939481553194681));
#5973=DIRECTION('center_axis',(-1.,0.,0.));
#5974=DIRECTION('ref_axis',(0.,0.,-1.));
#5975=DIRECTION('',(0.,-1.,0.));
#5976=DIRECTION('',(0.,0.,-1.));
#5977=DIRECTION('center_axis',(0.,0.,-1.));
#5978=DIRECTION('ref_axis',(1.,0.,0.));
#5979=DIRECTION('',(1.,0.,0.));
#5980=DIRECTION('center_axis',(0.,1.,0.));
#5981=DIRECTION('ref_axis',(-1.,0.,0.));
#5982=DIRECTION('',(1.,0.,0.));
#5983=DIRECTION('',(0.,0.,1.));
#5984=DIRECTION('',(1.,0.,0.));
#5985=DIRECTION('',(-1.,0.,0.));
#5986=DIRECTION('center_axis',(0.,-1.,0.));
#5987=DIRECTION('ref_axis',(-0.707106781186547,0.,0.707106781186547));
#5988=DIRECTION('',(0.,0.,1.));
#5989=DIRECTION('',(0.,0.,1.));
#5990=DIRECTION('',(0.,0.,1.));
#5991=DIRECTION('center_axis',(0.,-1.,0.));
#5992=DIRECTION('ref_axis',(0.707106781186547,0.,0.707106781186547));
#5993=DIRECTION('',(1.,0.,0.));
#5994=DIRECTION('center_axis',(0.,-1.,0.));
#5995=DIRECTION('ref_axis',(0.707106781186547,0.,-0.707106781186547));
#5996=DIRECTION('',(0.,0.,-1.));
#5997=DIRECTION('center_axis',(0.,-1.,0.));
#5998=DIRECTION('ref_axis',(-0.707106781186547,0.,-0.707106781186547));
#5999=DIRECTION('',(-1.,0.,0.));
#6000=DIRECTION('',(-1.,0.,0.));
#6001=DIRECTION('',(0.,0.,-1.));
#6002=DIRECTION('',(1.,0.,0.));
#6003=DIRECTION('',(0.,0.,1.));
#6004=DIRECTION('',(0.,0.,-1.));
#6005=DIRECTION('',(-1.,0.,-8.25444627974094E-17));
#6006=DIRECTION('',(1.23701729763249E-16,0.,-1.));
#6007=DIRECTION('center_axis',(0.,-1.,0.));
#6008=DIRECTION('ref_axis',(-1.48029736616688E-14,0.,-1.));
#6009=DIRECTION('',(1.,0.,0.));
#6010=DIRECTION('center_axis',(0.,-1.,0.));
#6011=DIRECTION('ref_axis',(1.,0.,0.));
#6012=DIRECTION('',(0.,0.,1.));
#6013=DIRECTION('center_axis',(0.,-1.,0.));
#6014=DIRECTION('ref_axis',(0.,0.,1.));
#6015=DIRECTION('center_axis',(1.,0.,0.));
#6016=DIRECTION('ref_axis',(0.,0.,1.));
#6017=DIRECTION('center_axis',(0.,0.,-1.));
#6018=DIRECTION('ref_axis',(1.,0.,0.));
#6019=DIRECTION('',(0.,1.,0.));
#6020=DIRECTION('center_axis',(0.,0.,-1.));
#6021=DIRECTION('ref_axis',(1.,0.,0.));
#6022=DIRECTION('center_axis',(1.,0.,0.));
#6023=DIRECTION('ref_axis',(0.,0.,1.));
#6024=DIRECTION('center_axis',(-1.,0.,0.));
#6025=DIRECTION('ref_axis',(0.,0.,-1.));
#6026=DIRECTION('',(0.,0.,1.));
#6027=DIRECTION('center_axis',(1.,0.,0.));
#6028=DIRECTION('ref_axis',(0.,1.,0.));
#6029=DIRECTION('',(0.,-2.09670679652267E-16,-1.));
#6030=DIRECTION('center_axis',(1.,0.,0.));
#6031=DIRECTION('ref_axis',(0.,-1.,0.));
#6032=DIRECTION('center_axis',(0.,0.,-1.));
#6033=DIRECTION('ref_axis',(1.,0.,0.));
#6034=DIRECTION('',(0.,1.,0.));
#6035=DIRECTION('center_axis',(-1.,0.,0.));
#6036=DIRECTION('ref_axis',(0.,0.,-1.));
#6037=DIRECTION('',(0.,-1.,0.));
#6038=DIRECTION('center_axis',(0.,0.,1.));
#6039=DIRECTION('ref_axis',(-1.,0.,0.));
#6040=DIRECTION('center_axis',(-1.,0.,0.));
#6041=DIRECTION('ref_axis',(0.,0.,-1.));
#6042=DIRECTION('',(0.,-1.,0.));
#6043=DIRECTION('center_axis',(1.,0.,0.));
#6044=DIRECTION('ref_axis',(0.,0.,1.));
#6045=DIRECTION('center_axis',(0.,0.,1.));
#6046=DIRECTION('ref_axis',(-1.,0.,0.));
#6047=DIRECTION('',(0.,-1.,0.));
#6048=DIRECTION('',(-1.,0.,0.));
#6049=DIRECTION('center_axis',(0.,0.,1.));
#6050=DIRECTION('ref_axis',(-1.,0.,0.));
#6051=DIRECTION('',(-1.,0.,0.));
#6052=DIRECTION('',(0.,-1.,0.));
#6053=DIRECTION('center_axis',(0.,0.,-1.));
#6054=DIRECTION('ref_axis',(1.,0.,0.));
#6055=DIRECTION('',(0.,-1.,0.));
#6056=DIRECTION('',(0.,-1.,0.));
#6057=DIRECTION('center_axis',(0.,-1.,0.));
#6058=DIRECTION('ref_axis',(-1.48029736616688E-14,0.,-1.));
#6059=DIRECTION('center_axis',(-8.25444627974094E-17,0.,1.));
#6060=DIRECTION('ref_axis',(-1.,0.,-8.25444627974094E-17));
#6061=DIRECTION('',(0.,-1.,0.));
#6062=DIRECTION('center_axis',(0.,-1.,0.));
#6063=DIRECTION('ref_axis',(0.,0.,1.));
#6064=DIRECTION('',(0.,-1.,0.));
#6065=DIRECTION('center_axis',(1.,0.,0.));
#6066=DIRECTION('ref_axis',(0.,0.,1.));
#6067=DIRECTION('',(0.,-1.,0.));
#6068=DIRECTION('center_axis',(0.,-1.,0.));
#6069=DIRECTION('ref_axis',(1.,0.,0.));
#6070=DIRECTION('center_axis',(0.,0.,1.));
#6071=DIRECTION('ref_axis',(-1.,0.,0.));
#6072=DIRECTION('',(0.,-1.,0.));
#6073=DIRECTION('',(-1.,0.,0.));
#6074=DIRECTION('center_axis',(1.,0.,0.));
#6075=DIRECTION('ref_axis',(0.,0.,1.));
#6076=DIRECTION('',(0.,0.,1.));
#6077=DIRECTION('',(0.,1.,0.));
#6078=DIRECTION('center_axis',(1.,0.,6.03961328517358E-12));
#6079=DIRECTION('ref_axis',(-6.03961328517358E-12,0.,1.));
#6080=DIRECTION('',(0.,1.,0.));
#6081=DIRECTION('',(-6.03961328517358E-12,0.,1.));
#6082=DIRECTION('center_axis',(0.,1.,0.));
#6083=DIRECTION('ref_axis',(-1.,0.,0.));
#6084=DIRECTION('center_axis',(0.,-1.,0.));
#6085=DIRECTION('ref_axis',(-1.,0.,0.));
#6086=DIRECTION('',(-1.,0.,7.85998601504536E-16));
#6087=DIRECTION('center_axis',(0.,-1.,0.));
#6088=DIRECTION('ref_axis',(0.,0.,1.));
#6089=DIRECTION('',(-4.18952084764204E-17,0.,1.));
#6090=DIRECTION('center_axis',(0.,-1.,0.));
#6091=DIRECTION('ref_axis',(1.,0.,0.));
#6092=DIRECTION('',(1.,0.,0.));
#6093=DIRECTION('center_axis',(0.,-1.,0.));
#6094=DIRECTION('ref_axis',(0.,0.,-1.));
#6095=DIRECTION('',(0.,0.,-1.));
#6096=DIRECTION('center_axis',(0.,-1.,0.));
#6097=DIRECTION('ref_axis',(-0.707106781186547,0.,-0.707106781186547));
#6098=DIRECTION('',(0.,0.,-1.));
#6099=DIRECTION('center_axis',(0.,-1.,0.));
#6100=DIRECTION('ref_axis',(0.707106781186547,0.,-0.707106781186547));
#6101=DIRECTION('',(1.,0.,0.));
#6102=DIRECTION('center_axis',(0.,-1.,0.));
#6103=DIRECTION('ref_axis',(0.707106781186547,0.,0.707106781186547));
#6104=DIRECTION('',(0.,0.,1.));
#6105=DIRECTION('center_axis',(0.,-1.,0.));
#6106=DIRECTION('ref_axis',(-0.707106781186547,0.,0.707106781186547));
#6107=DIRECTION('center_axis',(0.,-1.,0.));
#6108=DIRECTION('ref_axis',(-6.03961325395891E-12,0.,1.));
#6109=DIRECTION('',(-1.,0.,-5.91773543747795E-12));
#6110=DIRECTION('center_axis',(0.,-1.,0.));
#6111=DIRECTION('ref_axis',(1.25529216646002E-12,0.,1.));
#6112=DIRECTION('',(-1.,0.,1.15857940525092E-12));
#6113=DIRECTION('center_axis',(-5.91773543747795E-12,0.,1.));
#6114=DIRECTION('ref_axis',(-1.,0.,-5.91773543747795E-12));
#6115=DIRECTION('',(0.,-1.,0.));
#6116=DIRECTION('center_axis',(0.,0.,-1.));
#6117=DIRECTION('ref_axis',(1.,-1.16146408730016E-13,0.));
#6118=DIRECTION('',(0.,0.,-1.));
#6119=DIRECTION('center_axis',(-1.41479748270816E-15,0.,-1.));
#6120=DIRECTION('ref_axis',(1.,-1.16146408730016E-13,0.));
#6121=DIRECTION('',(0.,0.,-1.));
#6122=DIRECTION('center_axis',(1.,2.52323414687975E-15,0.));
#6123=DIRECTION('ref_axis',(2.52323414687975E-15,-1.,0.));
#6124=DIRECTION('',(0.,0.,-1.));
#6125=DIRECTION('',(2.52323414687975E-15,-1.,-3.56986531928876E-30));
#6126=DIRECTION('center_axis',(0.,0.,-1.));
#6127=DIRECTION('ref_axis',(7.57086701023231E-13,-1.,0.));
#6128=DIRECTION('',(0.,0.,-1.));
#6129=DIRECTION('center_axis',(-1.41479748270816E-15,0.,-1.));
#6130=DIRECTION('ref_axis',(7.57086701023231E-13,-1.,0.));
#6131=DIRECTION('center_axis',(-1.29296159700134E-16,-1.,0.));
#6132=DIRECTION('ref_axis',(-1.,1.29296159700134E-16,0.));
#6133=DIRECTION('',(0.,0.,-1.));
#6134=DIRECTION('',(-1.,1.29296159700134E-16,1.41479748270816E-15));
#6135=DIRECTION('center_axis',(0.,-1.,0.));
#6136=DIRECTION('ref_axis',(1.25529216646002E-12,0.,1.));
#6137=DIRECTION('',(0.,-1.,0.));
#6138=DIRECTION('center_axis',(1.15857940525092E-12,0.,1.));
#6139=DIRECTION('ref_axis',(-1.,0.,1.15857940525092E-12));
#6140=DIRECTION('center_axis',(0.,-1.,0.));
#6141=DIRECTION('ref_axis',(-6.03961325395891E-12,0.,1.));
#6142=DIRECTION('center_axis',(0.,1.,0.));
#6143=DIRECTION('ref_axis',(0.,0.,-1.));
#6144=DIRECTION('',(0.,0.,-1.));
#6145=DIRECTION('',(-1.,0.,0.));
#6146=DIRECTION('',(-1.,0.,0.));
#6147=DIRECTION('center_axis',(-1.,0.,0.));
#6148=DIRECTION('ref_axis',(0.,1.,0.));
#6149=DIRECTION('center_axis',(-1.,0.,0.));
#6150=DIRECTION('ref_axis',(0.,1.,0.));
#6151=DIRECTION('',(-1.,0.,0.));
#6152=DIRECTION('center_axis',(0.,-1.,2.09670679652267E-16));
#6153=DIRECTION('ref_axis',(0.,2.09670679652267E-16,1.));
#6154=DIRECTION('',(0.,2.09670679652267E-16,1.));
#6155=DIRECTION('',(-1.,0.,0.));
#6156=DIRECTION('center_axis',(-1.,0.,0.));
#6157=DIRECTION('ref_axis',(0.,-1.,0.));
#6158=DIRECTION('center_axis',(-1.,0.,0.));
#6159=DIRECTION('ref_axis',(0.,-1.,0.));
#6160=DIRECTION('center_axis',(-1.,0.,0.));
#6161=DIRECTION('ref_axis',(0.,0.,-1.));
#6162=DIRECTION('center_axis',(-1.,0.,0.));
#6163=DIRECTION('ref_axis',(0.,0.,-1.));
#6164=DIRECTION('',(-1.,0.,0.));
#6165=DIRECTION('center_axis',(0.,0.,1.));
#6166=DIRECTION('ref_axis',(0.,1.,0.));
#6167=DIRECTION('',(0.,1.,0.));
#6168=DIRECTION('',(-1.,0.,0.));
#6169=DIRECTION('center_axis',(-1.,0.,0.));
#6170=DIRECTION('ref_axis',(0.,0.,1.));
#6171=DIRECTION('center_axis',(-1.,0.,0.));
#6172=DIRECTION('ref_axis',(0.,0.,1.));
#6173=DIRECTION('',(-1.,0.,0.));
#6174=DIRECTION('center_axis',(0.,0.,-1.));
#6175=DIRECTION('ref_axis',(0.,-1.,0.));
#6176=DIRECTION('',(0.,-1.,0.));
#6177=DIRECTION('center_axis',(0.,0.,-1.));
#6178=DIRECTION('ref_axis',(1.,0.,0.));
#6179=DIRECTION('center_axis',(-1.41479748270816E-15,0.,-1.));
#6180=DIRECTION('ref_axis',(1.,0.,0.));
#6181=DIRECTION('',(0.,0.,-1.));
#6182=DIRECTION('center_axis',(1.,0.,0.));
#6183=DIRECTION('ref_axis',(0.,-1.,0.));
#6184=DIRECTION('',(0.,-1.,0.));
#6185=DIRECTION('',(0.,0.,-1.));
#6186=DIRECTION('center_axis',(-1.,0.,0.));
#6187=DIRECTION('ref_axis',(0.,1.,0.));
#6188=DIRECTION('',(0.,1.,0.));
#6189=DIRECTION('',(0.,0.,-1.));
#6190=DIRECTION('center_axis',(0.,0.,-1.));
#6191=DIRECTION('ref_axis',(-1.,0.,0.));
#6192=DIRECTION('center_axis',(-1.41479748270816E-15,0.,-1.));
#6193=DIRECTION('ref_axis',(-1.,0.,0.));
#6194=DIRECTION('center_axis',(0.,0.,-1.));
#6195=DIRECTION('ref_axis',(1.,0.,0.));
#6196=DIRECTION('center_axis',(-1.41479748270816E-15,0.,-1.));
#6197=DIRECTION('ref_axis',(1.,0.,0.));
#6198=DIRECTION('',(0.,0.,-1.));
#6199=DIRECTION('center_axis',(0.,0.,-1.));
#6200=DIRECTION('ref_axis',(-1.,1.17640939724704E-13,0.));
#6201=DIRECTION('',(0.,0.,-1.));
#6202=DIRECTION('center_axis',(-1.41479748270816E-15,0.,-1.));
#6203=DIRECTION('ref_axis',(-1.,1.17640939724704E-13,0.));
#6204=DIRECTION('center_axis',(2.5859231940035E-16,1.,0.));
#6205=DIRECTION('ref_axis',(1.,-2.5859231940035E-16,0.));
#6206=DIRECTION('',(1.,-2.5859231940035E-16,-1.41479748270816E-15));
#6207=DIRECTION('',(0.,0.,-1.));
#6208=DIRECTION('center_axis',(0.,0.,-1.));
#6209=DIRECTION('ref_axis',(8.54017711250121E-16,1.,0.));
#6210=DIRECTION('center_axis',(-1.41479748270816E-15,0.,-1.));
#6211=DIRECTION('ref_axis',(8.54017711250121E-16,1.,0.));
#6212=DIRECTION('',(0.,0.,-1.));
#6213=DIRECTION('center_axis',(-1.,-8.41078048959919E-16,0.));
#6214=DIRECTION('ref_axis',(-8.41078048959919E-16,1.,0.));
#6215=DIRECTION('',(-8.41078048959919E-16,1.,1.18995510642959E-30));
#6216=DIRECTION('center_axis',(0.,1.,-7.76587544271124E-10));
#6217=DIRECTION('ref_axis',(0.,-7.76587544271124E-10,-1.));
#6218=DIRECTION('',(0.,0.,1.));
#6219=DIRECTION('',(0.,-7.76587544271124E-10,-1.));
#6220=DIRECTION('',(-1.,0.,0.));
#6221=DIRECTION('center_axis',(-1.,0.,0.));
#6222=DIRECTION('ref_axis',(0.,1.,-7.76587683049018E-10));
#6223=DIRECTION('center_axis',(-1.,0.,9.34093183178927E-11));
#6224=DIRECTION('ref_axis',(0.,1.,-7.76587683049018E-10));
#6225=DIRECTION('center_axis',(-1.,0.,0.));
#6226=DIRECTION('ref_axis',(0.,1.,-7.76587683049018E-10));
#6227=DIRECTION('center_axis',(0.,1.,-6.31439345255558E-15));
#6228=DIRECTION('ref_axis',(0.,-6.31439345255558E-15,-1.));
#6229=DIRECTION('',(0.,0.,1.));
#6230=DIRECTION('',(0.,-6.31439345255558E-15,-1.));
#6231=DIRECTION('',(-1.,0.,0.));
#6232=DIRECTION('center_axis',(-1.,0.,0.));
#6233=DIRECTION('ref_axis',(0.,1.,0.));
#6234=DIRECTION('center_axis',(-1.,0.,9.34093183178927E-11));
#6235=DIRECTION('ref_axis',(0.,1.,0.));
#6236=DIRECTION('center_axis',(-1.,0.,0.));
#6237=DIRECTION('ref_axis',(0.,1.,0.));
#6238=DIRECTION('center_axis',(0.707106781186549,-0.707106781186546,0.));
#6239=DIRECTION('ref_axis',(0.,0.,-1.));
#6240=DIRECTION('',(-0.707106781186546,-0.707106781186549,0.));
#6241=DIRECTION('',(0.,0.,-1.));
#6242=DIRECTION('',(0.707106781186546,0.707106781186549,0.));
#6243=DIRECTION('',(0.,0.,1.));
#6244=DIRECTION('center_axis',(0.,1.,0.));
#6245=DIRECTION('ref_axis',(0.,0.,1.));
#6246=DIRECTION('center_axis',(0.,-1.,0.));
#6247=DIRECTION('ref_axis',(0.,0.,1.));
#6248=DIRECTION('',(0.,-0.707106781186549,-0.707106781186546));
#6249=DIRECTION('center_axis',(0.,1.,0.));
#6250=DIRECTION('ref_axis',(0.,0.,1.));
#6251=DIRECTION('center_axis',(1.00041289402859E-15,-0.707106781186553,
0.707106781186543));
#6252=DIRECTION('ref_axis',(1.,0.,-1.41479748270816E-15));
#6253=DIRECTION('',(0.,-0.707106781186542,-0.707106781186552));
#6254=DIRECTION('',(1.,0.,-1.41479748270816E-15));
#6255=DIRECTION('',(-1.,0.,1.41479748270816E-15));
#6256=DIRECTION('center_axis',(0.,1.,0.));
#6257=DIRECTION('ref_axis',(-1.,0.,0.));
#6258=DIRECTION('center_axis',(0.,-1.,0.));
#6259=DIRECTION('ref_axis',(-1.,0.,0.));
#6260=DIRECTION('',(0.707106781186543,-0.707106781186552,0.));
#6261=DIRECTION('center_axis',(0.,1.,0.));
#6262=DIRECTION('ref_axis',(-1.,0.,0.));
#6263=DIRECTION('center_axis',(-0.707106781186549,-0.707106781186546,0.));
#6264=DIRECTION('ref_axis',(0.,0.,1.));
#6265=DIRECTION('',(0.707106781186546,-0.707106781186549,0.));
#6266=DIRECTION('',(0.,0.,1.));
#6267=DIRECTION('',(0.,0.,-1.));
#6268=DIRECTION('center_axis',(0.,1.,0.));
#6269=DIRECTION('ref_axis',(0.,0.,-1.));
#6270=DIRECTION('center_axis',(0.,-1.,0.));
#6271=DIRECTION('ref_axis',(0.,0.,-1.));
#6272=DIRECTION('',(0.,-0.707106781186549,0.707106781186546));
#6273=DIRECTION('center_axis',(0.,1.,0.));
#6274=DIRECTION('ref_axis',(0.,0.,-1.));
#6275=DIRECTION('center_axis',(0.,-0.707106781186546,-0.707106781186549));
#6276=DIRECTION('ref_axis',(-1.,0.,0.));
#6277=DIRECTION('',(0.,-0.707106781186549,0.707106781186546));
#6278=DIRECTION('',(-1.,0.,0.));
#6279=DIRECTION('',(1.,0.,0.));
#6280=DIRECTION('center_axis',(0.,1.,0.));
#6281=DIRECTION('ref_axis',(1.,0.,0.));
#6282=DIRECTION('center_axis',(0.,-1.,0.));
#6283=DIRECTION('ref_axis',(1.,0.,0.));
#6284=DIRECTION('center_axis',(0.,1.,0.));
#6285=DIRECTION('ref_axis',(1.,0.,0.));
#6286=DIRECTION('center_axis',(0.,1.,0.));
#6287=DIRECTION('ref_axis',(-1.,0.,0.));
#6288=DIRECTION('',(0.,1.,0.));
#6289=DIRECTION('center_axis',(0.,1.,0.));
#6290=DIRECTION('ref_axis',(-1.,0.,0.));
#6291=DIRECTION('',(0.,1.,0.));
#6292=DIRECTION('center_axis',(1.41479748270816E-15,0.,1.));
#6293=DIRECTION('ref_axis',(1.,0.,-1.41479748270816E-15));
#6294=DIRECTION('',(0.,1.,0.));
#6295=DIRECTION('',(1.,0.,-1.41479748270816E-15));
#6296=DIRECTION('center_axis',(0.,1.,0.));
#6297=DIRECTION('ref_axis',(0.,0.,1.));
#6298=DIRECTION('',(0.,1.,0.));
#6299=DIRECTION('center_axis',(0.,1.,0.));
#6300=DIRECTION('ref_axis',(0.,0.,1.));
#6301=DIRECTION('center_axis',(1.,0.,0.));
#6302=DIRECTION('ref_axis',(0.,0.,-1.));
#6303=DIRECTION('',(0.,1.,0.));
#6304=DIRECTION('',(0.,0.,-1.));
#6305=DIRECTION('center_axis',(0.,1.,0.));
#6306=DIRECTION('ref_axis',(1.,0.,0.));
#6307=DIRECTION('',(0.,0.,1.));
#6308=DIRECTION('center_axis',(0.,1.,0.));
#6309=DIRECTION('ref_axis',(-1.,0.,0.));
#6310=DIRECTION('',(1.,0.,-7.85998601504536E-16));
#6311=DIRECTION('center_axis',(0.,1.,0.));
#6312=DIRECTION('ref_axis',(0.,0.,1.));
#6313=DIRECTION('',(4.18952084764204E-17,0.,-1.));
#6314=DIRECTION('center_axis',(0.,1.,0.));
#6315=DIRECTION('ref_axis',(1.,0.,0.));
#6316=DIRECTION('',(-1.,0.,0.));
#6317=DIRECTION('center_axis',(0.,1.,0.));
#6318=DIRECTION('ref_axis',(0.,0.,-1.));
#6319=DIRECTION('center_axis',(0.707106781186549,0.707106781186546,0.));
#6320=DIRECTION('ref_axis',(0.,0.,-1.));
#6321=DIRECTION('',(-0.707106781186546,0.707106781186549,0.));
#6322=DIRECTION('',(0.,0.,1.));
#6323=DIRECTION('',(0.707106781186546,-0.707106781186549,0.));
#6324=DIRECTION('center_axis',(0.,-1.,0.));
#6325=DIRECTION('ref_axis',(1.,0.,0.));
#6326=DIRECTION('',(0.,0.707106781186549,0.707106781186546));
#6327=DIRECTION('center_axis',(0.,-1.,0.));
#6328=DIRECTION('ref_axis',(1.,0.,0.));
#6329=DIRECTION('center_axis',(0.,1.,0.));
#6330=DIRECTION('ref_axis',(1.,0.,0.));
#6331=DIRECTION('center_axis',(0.,0.707106781186546,-0.707106781186549));
#6332=DIRECTION('ref_axis',(-1.,0.,0.));
#6333=DIRECTION('',(-6.28036983473511E-15,0.707106781186549,0.707106781186546));
#6334=DIRECTION('',(1.,0.,0.));
#6335=DIRECTION('',(-1.,0.,0.));
#6336=DIRECTION('center_axis',(0.,-1.,0.));
#6337=DIRECTION('ref_axis',(0.,0.,-1.));
#6338=DIRECTION('',(0.707106781186546,0.707106781186549,0.));
#6339=DIRECTION('center_axis',(0.,-1.,0.));
#6340=DIRECTION('ref_axis',(0.,0.,-1.));
#6341=DIRECTION('center_axis',(0.,1.,0.));
#6342=DIRECTION('ref_axis',(0.,0.,-1.));
#6343=DIRECTION('center_axis',(-0.707106781186549,0.707106781186546,0.));
#6344=DIRECTION('ref_axis',(0.,0.,1.));
#6345=DIRECTION('',(0.707106781186546,0.707106781186549,0.));
#6346=DIRECTION('',(0.,0.,-1.));
#6347=DIRECTION('',(0.,0.,1.));
#6348=DIRECTION('center_axis',(0.,-1.,0.));
#6349=DIRECTION('ref_axis',(-1.,0.,0.));
#6350=DIRECTION('',(0.,0.707106781186549,-0.707106781186546));
#6351=DIRECTION('center_axis',(0.,-1.,0.));
#6352=DIRECTION('ref_axis',(-1.,0.,0.));
#6353=DIRECTION('center_axis',(1.00041289402859E-15,0.707106781186553,0.707106781186542));
#6354=DIRECTION('ref_axis',(1.,0.,-1.41479748270816E-15));
#6355=DIRECTION('',(0.,0.707106781186542,-0.707106781186553));
#6356=DIRECTION('',(-1.,0.,1.41479748270816E-15));
#6357=DIRECTION('center_axis',(0.,-1.,0.));
#6358=DIRECTION('ref_axis',(0.,0.,1.));
#6359=DIRECTION('center_axis',(0.,-1.,0.));
#6360=DIRECTION('ref_axis',(0.,0.,1.));
#6361=DIRECTION('center_axis',(0.,1.,0.));
#6362=DIRECTION('ref_axis',(0.,0.,-1.));
#6363=DIRECTION('',(0.,1.,0.));
#6364=DIRECTION('',(0.,1.,0.));
#6365=DIRECTION('center_axis',(0.,0.,-1.));
#6366=DIRECTION('ref_axis',(-1.,0.,0.));
#6367=DIRECTION('',(0.,1.,0.));
#6368=DIRECTION('center_axis',(0.,1.,0.));
#6369=DIRECTION('ref_axis',(1.,0.,0.));
#6370=DIRECTION('center_axis',(0.,1.,0.));
#6371=DIRECTION('ref_axis',(1.,0.,0.));
#6372=DIRECTION('',(-1.,0.,7.85998601504536E-16));
#6373=DIRECTION('center_axis',(0.,-1.,0.));
#6374=DIRECTION('ref_axis',(-1.,0.,0.));
#6375=DIRECTION('',(0.,0.,-1.));
#6376=DIRECTION('center_axis',(0.,-1.,0.));
#6377=DIRECTION('ref_axis',(0.,0.,-1.));
#6378=DIRECTION('',(1.,0.,0.));
#6379=DIRECTION('center_axis',(0.,-1.,0.));
#6380=DIRECTION('ref_axis',(1.,0.,0.));
#6381=DIRECTION('',(-4.18952084764204E-17,0.,1.));
#6382=DIRECTION('center_axis',(0.,-1.,0.));
#6383=DIRECTION('ref_axis',(0.,0.,1.));
#6384=DIRECTION('center_axis',(-1.,0.,0.));
#6385=DIRECTION('ref_axis',(0.,0.,-1.));
#6386=DIRECTION('',(0.,-1.,0.));
#6387=DIRECTION('',(0.,-1.,0.));
#6388=DIRECTION('center_axis',(0.,-1.,0.));
#6389=DIRECTION('ref_axis',(-0.707106781186547,0.,-0.707106781186547));
#6390=DIRECTION('center_axis',(0.,-1.,0.));
#6391=DIRECTION('ref_axis',(-0.707106781186547,0.,0.707106781186547));
#6392=DIRECTION('',(0.,-1.,0.));
#6393=DIRECTION('center_axis',(1.,0.,0.));
#6394=DIRECTION('ref_axis',(0.,0.,1.));
#6395=DIRECTION('',(0.,-1.,0.));
#6396=DIRECTION('center_axis',(0.,-1.,0.));
#6397=DIRECTION('ref_axis',(0.707106781186547,0.,0.707106781186547));
#6398=DIRECTION('',(0.,-1.,0.));
#6399=DIRECTION('center_axis',(0.,0.,-1.));
#6400=DIRECTION('ref_axis',(1.,0.,0.));
#6401=DIRECTION('',(0.,-1.,0.));
#6402=DIRECTION('center_axis',(0.,-1.,0.));
#6403=DIRECTION('ref_axis',(0.707106781186547,0.,-0.707106781186547));
#6404=DIRECTION('center_axis',(-1.,0.,0.));
#6405=DIRECTION('ref_axis',(0.,0.,1.));
#6406=DIRECTION('',(0.,1.,0.));
#6407=DIRECTION('',(0.,1.,0.));
#6408=DIRECTION('center_axis',(0.,1.,0.));
#6409=DIRECTION('ref_axis',(0.,0.,-1.));
#6410=DIRECTION('',(0.,1.,0.));
#6411=DIRECTION('center_axis',(0.,0.,-1.));
#6412=DIRECTION('ref_axis',(-1.,0.,0.));
#6413=DIRECTION('',(0.,1.,0.));
#6414=DIRECTION('center_axis',(0.,1.,0.));
#6415=DIRECTION('ref_axis',(1.,0.,0.));
#6416=DIRECTION('',(0.,1.,0.));
#6417=DIRECTION('center_axis',(1.,0.,4.18952084764204E-17));
#6418=DIRECTION('ref_axis',(4.18952084764204E-17,0.,-1.));
#6419=DIRECTION('',(0.,1.,0.));
#6420=DIRECTION('center_axis',(0.,1.,0.));
#6421=DIRECTION('ref_axis',(0.,0.,1.));
#6422=DIRECTION('',(0.,1.,0.));
#6423=DIRECTION('center_axis',(7.85998601504536E-16,0.,1.));
#6424=DIRECTION('ref_axis',(1.,0.,-7.85998601504536E-16));
#6425=DIRECTION('',(0.,1.,0.));
#6426=DIRECTION('center_axis',(0.,1.,0.));
#6427=DIRECTION('ref_axis',(-1.,0.,0.));
#6428=DIRECTION('center_axis',(7.85998601504536E-16,0.,1.));
#6429=DIRECTION('ref_axis',(-1.,0.,7.85998601504536E-16));
#6430=DIRECTION('',(0.,-1.,0.));
#6431=DIRECTION('',(0.,-1.,0.));
#6432=DIRECTION('center_axis',(0.,-1.,0.));
#6433=DIRECTION('ref_axis',(0.,0.,1.));
#6434=DIRECTION('',(0.,-1.,0.));
#6435=DIRECTION('center_axis',(1.,0.,4.18952084764204E-17));
#6436=DIRECTION('ref_axis',(-4.18952084764204E-17,0.,1.));
#6437=DIRECTION('',(0.,-1.,0.));
#6438=DIRECTION('center_axis',(0.,-1.,0.));
#6439=DIRECTION('ref_axis',(1.,0.,0.));
#6440=DIRECTION('',(0.,-1.,0.));
#6441=DIRECTION('center_axis',(0.,0.,-1.));
#6442=DIRECTION('ref_axis',(1.,0.,0.));
#6443=DIRECTION('',(0.,-1.,0.));
#6444=DIRECTION('center_axis',(0.,-1.,0.));
#6445=DIRECTION('ref_axis',(0.,0.,-1.));
#6446=DIRECTION('',(0.,-1.,0.));
#6447=DIRECTION('center_axis',(-1.,0.,0.));
#6448=DIRECTION('ref_axis',(0.,0.,-1.));
#6449=DIRECTION('',(0.,-1.,0.));
#6450=DIRECTION('center_axis',(0.,-1.,0.));
#6451=DIRECTION('ref_axis',(-1.,0.,0.));
#6452=DIRECTION('center_axis',(-1.,0.,0.));
#6453=DIRECTION('ref_axis',(0.,0.,1.));
#6454=CARTESIAN_POINT('',(0.,0.,0.));
#6455=CARTESIAN_POINT('Origin',(-19.7893122494645,3.5,39.8427582855101));
#6456=CARTESIAN_POINT('',(-19.7893122494645,1.85,29.8427582855101));
#6457=CARTESIAN_POINT('',(-29.7893122494645,1.85,39.8427582855101));
#6458=CARTESIAN_POINT('Origin',(-19.7893122494645,1.85,39.8427582855101));
#6459=CARTESIAN_POINT('',(-19.7893122494645,3.5,29.8427582855101));
#6460=CARTESIAN_POINT('',(-19.7893122494645,3.5,29.8427582855101));
#6461=CARTESIAN_POINT('',(-29.7893122494645,3.5,39.8427582855101));
#6462=CARTESIAN_POINT('Origin',(-19.7893122494645,3.5,39.8427582855101));
#6463=CARTESIAN_POINT('',(-29.7893122494645,3.5,39.8427582855101));
#6464=CARTESIAN_POINT('Origin',(-29.7893122494645,3.5,29.8427582855101));
#6465=CARTESIAN_POINT('',(-26.0143122494645,1.85,29.8427582855101));
#6466=CARTESIAN_POINT('',(-28.8455622494645,1.85,29.8427582855101));
#6467=CARTESIAN_POINT('',(-26.0143122494645,0.75,29.8427582855101));
#6468=CARTESIAN_POINT('',(-26.0143122494645,0.649999999999999,29.8427582855101));
#6469=CARTESIAN_POINT('',(-18.737335833355,0.75,29.8427582855101));
#6470=CARTESIAN_POINT('',(-5.31866776733499,0.75,29.8427582855101));
#6471=CARTESIAN_POINT('',(-18.737335833355,1.82,29.8427582855101));
#6472=CARTESIAN_POINT('',(-18.737335833355,2.125,29.8427582855101));
#6473=CARTESIAN_POINT('',(-11.43733553467,1.82,29.8427582855101));
#6474=CARTESIAN_POINT('',(-13.3696529497241,1.82,29.8427582855101));
#6475=CARTESIAN_POINT('',(-11.43733553467,3.5,29.8427582855101));
#6476=CARTESIAN_POINT('',(-11.43733553467,3.5,29.8427582855101));
#6477=CARTESIAN_POINT('',(-14.8946561247322,3.5,29.8427582855101));
#6478=CARTESIAN_POINT('Origin',(-19.7893122494645,3.5,42.5001080002102));
#6479=CARTESIAN_POINT('',(-24.73734823469,1.82,51.1901563250997));
#6480=CARTESIAN_POINT('',(-19.7893122494645,1.82,52.5001080002102));
#6481=CARTESIAN_POINT('Origin',(-19.7893122494645,1.82,42.5001080002102));
#6482=CARTESIAN_POINT('',(-24.73734823469,0.75,51.1901563250997));
#6483=CARTESIAN_POINT('',(-24.73734823469,3.5,51.1901563250997));
#6484=CARTESIAN_POINT('',(-29.7893122494645,0.75,42.5001080002102));
#6485=CARTESIAN_POINT('Origin',(-19.7893122494645,0.75,42.5001080002102));
#6486=CARTESIAN_POINT('',(-29.7893122494645,3.5,42.5001080002102));
#6487=CARTESIAN_POINT('',(-29.7893122494645,3.5,42.5001080002102));
#6488=CARTESIAN_POINT('',(-19.7893122494645,3.5,52.5001080002102));
#6489=CARTESIAN_POINT('Origin',(-19.7893122494645,3.5,42.5001080002102));
#6490=CARTESIAN_POINT('',(-19.7893122494645,3.5,52.5001080002102));
#6491=CARTESIAN_POINT('Origin',(-16.1999996379018,3.5,56.290054005693));
#6492=CARTESIAN_POINT('',(-16.7641498010666,3.32,56.8430000111758));
#6493=CARTESIAN_POINT('',(-16.1999996379018,3.32,57.0800000111758));
#6494=CARTESIAN_POINT('Origin',(-16.1999996379018,3.32,56.290054005693));
#6495=CARTESIAN_POINT('',(-16.7641498010666,2.5,56.8430000111758));
#6496=CARTESIAN_POINT('',(-16.7641498010666,3.5,56.8430000111758));
#6497=CARTESIAN_POINT('',(-16.1999996379018,2.5,55.5001080002102));
#6498=CARTESIAN_POINT('Origin',(-16.1999996379018,2.5,56.290054005693));
#6499=CARTESIAN_POINT('',(-16.1999996379018,2.72,55.5001080002102));
#6500=CARTESIAN_POINT('',(-16.1999996379018,3.5,55.5001080002102));
#6501=CARTESIAN_POINT('',(-16.1999996379018,3.5,55.5001080002102));
#6502=CARTESIAN_POINT('',(-16.1999996379018,3.5,55.5001080002102));
#6503=CARTESIAN_POINT('',(-16.9899357876678,3.5,56.294));
#6504=CARTESIAN_POINT('Origin',(-16.1999996379018,3.5,56.290054005693));
#6505=CARTESIAN_POINT('',(-16.9899357876678,4.35,56.294));
#6506=CARTESIAN_POINT('',(-16.9899357876678,3.5,56.294));
#6507=CARTESIAN_POINT('',(-16.1999996379018,4.35,57.0800000111758));
#6508=CARTESIAN_POINT('Origin',(-16.1999996379018,4.35,56.290054005693));
#6509=CARTESIAN_POINT('',(-16.1999996379018,4.35,57.0800000111758));
#6510=CARTESIAN_POINT('Origin',(-20.4686739362959,2.5,56.290054005693));
#6511=CARTESIAN_POINT('',(-24.73734823469,2.5,55.5001080002102));
#6512=CARTESIAN_POINT('',(-24.73734823469,2.5,56.8426451352847));
#6513=CARTESIAN_POINT('',(-24.73734823469,2.5,57.0800000111758));
#6514=CARTESIAN_POINT('',(-24.73734823469,2.5,55.5001080002102));
#6515=CARTESIAN_POINT('',(-15.5226759136536,2.5,56.8430000111758));
#6516=CARTESIAN_POINT('Origin',(21.742047631963,2.5,56.290054005693));
#6517=CARTESIAN_POINT('',(24.7840952639261,2.5,55.5001080002102));
#6518=CARTESIAN_POINT('',(18.7,2.5,55.5001080002102));
#6519=CARTESIAN_POINT('',(18.7,2.5,55.5001080002102));
#6520=CARTESIAN_POINT('',(24.7840952639261,2.5,57.0800000111758));
#6521=CARTESIAN_POINT('',(24.7840952639261,2.5,55.5001080002102));
#6522=CARTESIAN_POINT('',(18.7,2.5,57.0800000111758));
#6523=CARTESIAN_POINT('',(23.2630714479446,2.5,57.0800000111756));
#6524=CARTESIAN_POINT('Origin',(18.7,2.5,56.290054005693));
#6525=CARTESIAN_POINT('Origin',(-10.5766778910114,1.82,56.8430000111758));
#6526=CARTESIAN_POINT('',(-24.73734823469,3.32,56.8426451352847));
#6527=CARTESIAN_POINT('',(-13.3813158864281,3.32,56.8430000111758));
#6528=CARTESIAN_POINT('',(-24.73734823469,1.82,56.8426451352847));
#6529=CARTESIAN_POINT('Origin',(18.7,3.5,56.290054005693));
#6530=CARTESIAN_POINT('',(18.7,3.32,57.0800000111756));
#6531=CARTESIAN_POINT('',(18.7,4.35,57.0800000111758));
#6532=CARTESIAN_POINT('',(18.7,4.35,57.0800000111758));
#6533=CARTESIAN_POINT('',(18.7,4.35,57.0800000111758));
#6534=CARTESIAN_POINT('',(19.489936149766,4.35,56.294));
#6535=CARTESIAN_POINT('Origin',(18.7,4.35,56.290054005693));
#6536=CARTESIAN_POINT('',(19.489936149766,3.5,56.294));
#6537=CARTESIAN_POINT('',(19.489936149766,3.5,56.294));
#6538=CARTESIAN_POINT('',(18.7,3.5,55.5001080002102));
#6539=CARTESIAN_POINT('Origin',(18.7,3.5,56.290054005693));
#6540=CARTESIAN_POINT('',(18.7,3.5,55.5001080002102));
#6541=CARTESIAN_POINT('Origin',(24.7840952639261,1.82,57.0800000111756));
#6542=CARTESIAN_POINT('',(24.7840952639261,3.32,57.0800000111758));
#6543=CARTESIAN_POINT('',(24.7840952639261,1.82,57.0800000111758));
#6544=CARTESIAN_POINT('',(15.7840952639082,3.32,57.0800000111756));
#6545=CARTESIAN_POINT('Origin',(25.0003900078029,0.75,28.54275828551));
#6546=CARTESIAN_POINT('',(25.0003900078029,0.75,29.54275828551));
#6547=CARTESIAN_POINT('',(26.00038998613,0.75,28.5429664822276));
#6548=CARTESIAN_POINT('Origin',(25.0003900078029,0.75,28.54275828551));
#6549=CARTESIAN_POINT('',(26.00038998613,1.82,28.5429664822276));
#6550=CARTESIAN_POINT('',(26.00038998613,0.75,28.5429664822276));
#6551=CARTESIAN_POINT('',(25.0003900078029,1.82,29.54275828551));
#6552=CARTESIAN_POINT('Origin',(25.0003900078029,1.82,28.54275828551));
#6553=CARTESIAN_POINT('',(25.0003900078029,0.75,29.54275828551));
#6554=CARTESIAN_POINT('Origin',(26.0128818581538,0.75,-31.457363474727));
#6555=CARTESIAN_POINT('',(26.0128818581538,0.75,-31.457363474727));
#6556=CARTESIAN_POINT('',(26.008978921449,0.75,-12.7109746515737));
#6557=CARTESIAN_POINT('',(26.0128818581538,1.82,-31.457363474727));
#6558=CARTESIAN_POINT('',(26.0128818581538,0.75,-31.457363474727));
#6559=CARTESIAN_POINT('',(26.0001818327538,1.82,29.54275828551));
#6560=CARTESIAN_POINT('Origin',(1.77635683940025E-14,0.75,6.03000000000084));
#6561=CARTESIAN_POINT('',(-32.25,0.75,59.0300000000017));
#6562=CARTESIAN_POINT('',(-28.25,0.75,63.0300000000017));
#6563=CARTESIAN_POINT('Origin',(-28.25,0.75,59.0300000000017));
#6564=CARTESIAN_POINT('',(-32.25,0.75,-46.97));
#6565=CARTESIAN_POINT('',(-32.25,0.75,-46.97));
#6566=CARTESIAN_POINT('',(-28.25,0.75,-50.97));
#6567=CARTESIAN_POINT('Origin',(-28.25,0.75,-46.97));
#6568=CARTESIAN_POINT('',(28.25,0.75,-50.97));
#6569=CARTESIAN_POINT('',(28.25,0.75,-50.97));
#6570=CARTESIAN_POINT('',(32.25,0.75,-46.97));
#6571=CARTESIAN_POINT('Origin',(28.25,0.75,-46.97));
#6572=CARTESIAN_POINT('',(32.25,0.75,59.0300000000016));
#6573=CARTESIAN_POINT('',(32.25,0.75,59.0300000000016));
#6574=CARTESIAN_POINT('',(28.25,0.75,63.0300000000016));
#6575=CARTESIAN_POINT('Origin',(28.25,0.75,59.0300000000016));
#6576=CARTESIAN_POINT('',(-28.25,0.75,63.0300000000017));
#6577=CARTESIAN_POINT('',(-18.7369125000113,0.75,29.54275828551));
#6578=CARTESIAN_POINT('',(13.0000909163769,0.75,29.54275828551));
#6579=CARTESIAN_POINT('',(-18.720304320647,0.75,17.7731826457109));
#6580=CARTESIAN_POINT('',(-26.0143122494645,0.75,26.2927582855102));
#6581=CARTESIAN_POINT('Origin',(-26.0143122494645,0.75,28.0677582855101));
#6582=CARTESIAN_POINT('',(24.6106877505355,0.75,26.2927582855102));
#6583=CARTESIAN_POINT('',(12.3053438752678,0.75,26.2927582855102));
#6584=CARTESIAN_POINT('',(25.2106877505355,0.75,25.6927582855102));
#6585=CARTESIAN_POINT('Origin',(24.6106877505355,0.75,25.6927582855102));
#6586=CARTESIAN_POINT('',(25.2106877505355,0.75,-46.1072417144899));
#6587=CARTESIAN_POINT('',(25.2106877505355,0.75,-20.0386208572445));
#6588=CARTESIAN_POINT('',(24.6106877505355,0.75,-46.7072417144898));
#6589=CARTESIAN_POINT('Origin',(24.6106877505355,0.75,-46.1072417144899));
#6590=CARTESIAN_POINT('',(-29.1893122494645,0.75,-46.7072417144898));
#6591=CARTESIAN_POINT('',(-14.5946561247322,0.75,-46.7072417144898));
#6592=CARTESIAN_POINT('',(-29.7893122494645,0.75,-46.1072417144898));
#6593=CARTESIAN_POINT('Origin',(-29.1893122494645,0.75,-46.1072417144899));
#6594=CARTESIAN_POINT('',(-29.7893122494645,0.75,29.2650540001055));
#6595=CARTESIAN_POINT('',(-24.73734823469,0.75,56.8426451352847));
#6596=CARTESIAN_POINT('',(-24.73734823469,0.75,22.2863880327754));
#6597=CARTESIAN_POINT('',(-24.73734823469,0.75,61.6173548646757));
#6598=CARTESIAN_POINT('Origin',(-24.7840952637822,0.75,59.2299999999802));
#6599=CARTESIAN_POINT('',(-7.91539284141033,0.75,61.6211138795356));
#6600=CARTESIAN_POINT('',(-12.3748854779343,0.75,61.6201173664254));
#6601=CARTESIAN_POINT('',(-6.71908228610594,0.75,62.81742443484));
#6602=CARTESIAN_POINT('',(-19.8343231009414,0.75,49.7021836200046));
#6603=CARTESIAN_POINT('',(-5.2,0.75,62.81742443484));
#6604=CARTESIAN_POINT('',(-3.35954114305296,0.75,62.81742443484));
#6605=CARTESIAN_POINT('',(-5.2,0.75,62.8296017620667));
#6606=CARTESIAN_POINT('',(-5.2,0.75,34.4298008810338));
#6607=CARTESIAN_POINT('',(5.19999988377094,0.75,62.8296017620667));
#6608=CARTESIAN_POINT('',(2.59999994188548,0.75,62.8296017620667));
#6609=CARTESIAN_POINT('',(5.2,0.75,62.8174244348409));
#6610=CARTESIAN_POINT('',(5.2,0.75,33.3800000000171));
#6611=CARTESIAN_POINT('',(6.71982688622869,0.75,62.8174244348435));
#6612=CARTESIAN_POINT('',(2.34772669540479,0.75,62.817424434836));
#6613=CARTESIAN_POINT('',(7.92403784622455,0.75,61.61742189484));
#6614=CARTESIAN_POINT('',(19.2307579818338,0.75,50.3502159545401));
#6615=CARTESIAN_POINT('',(25.8723671217322,0.75,61.6174218948395));
#6616=CARTESIAN_POINT('',(3.96201892311228,0.75,61.6174218948395));
#6617=CARTESIAN_POINT('',(25.8077245271181,0.75,61.824884178611));
#6618=CARTESIAN_POINT('Origin',(33.25,0.75,64.0300000000017));
#6619=CARTESIAN_POINT('',(27.1860276654491,0.75,62.2332697682174));
#6620=CARTESIAN_POINT('Origin',(26.4968760962836,0.75,62.0290769734142));
#6621=CARTESIAN_POINT('',(31.4532676430051,0.75,57.9660282951424));
#6622=CARTESIAN_POINT('Origin',(33.25,0.75,64.0300000000017));
#6623=CARTESIAN_POINT('',(31.0448815703516,0.75,56.5877252999364));
#6624=CARTESIAN_POINT('Origin',(31.2490746066783,0.75,57.2768767975394));
#6625=CARTESIAN_POINT('',(30.837360934722,0.75,56.6523870567319));
#6626=CARTESIAN_POINT('Origin',(33.25,0.75,64.0300000000017));
#6627=CARTESIAN_POINT('',(30.8373609347184,0.75,37.6819298965198));
#6628=CARTESIAN_POINT('',(30.8373609347171,0.75,31.3411935283632));
#6629=CARTESIAN_POINT('',(30.0372467367142,0.75,36.8765562783809));
#6630=CARTESIAN_POINT('',(15.2657176001743,0.75,22.0079289051687));
#6631=CARTESIAN_POINT('',(30.0423478568726,0.75,33.1140801239213));
#6632=CARTESIAN_POINT('',(30.0581297876642,0.75,21.4736685220714));
#6633=CARTESIAN_POINT('',(30.837360934722,0.75,32.319067046072));
#6634=CARTESIAN_POINT('',(29.3027809236346,0.75,33.8536470571593));
#6635=CARTESIAN_POINT('',(30.8373609347228,0.75,10.681696416184));
#6636=CARTESIAN_POINT('',(30.8373609347225,0.75,19.1745335230369));
#6637=CARTESIAN_POINT('',(30.0373813896449,0.75,9.87645649954933));
#6638=CARTESIAN_POINT('',(22.0156486945179,0.75,1.80197583759519));
#6639=CARTESIAN_POINT('',(30.0410550458899,0.75,-9.88471342526497));
#6640=CARTESIAN_POINT('',(30.0377384040497,0.75,7.95602033236031));
#6641=CARTESIAN_POINT('',(30.837360934722,0.75,-10.6810193140971));
#6642=CARTESIAN_POINT('',(18.5521129281009,0.75,1.60422869252392));
#6643=CARTESIAN_POINT('',(30.8373609347218,0.75,-20.8034689541445));
#6644=CARTESIAN_POINT('',(30.8373609347222,0.75,-2.32550965704845));
#6645=CARTESIAN_POINT('',(30.037358394717,0.75,-21.6087320169122));
#6646=CARTESIAN_POINT('',(29.8867709792542,0.75,-21.7603096398898));
#6647=CARTESIAN_POINT('',(30.037358394717,0.75,-31.157363474727));
#6648=CARTESIAN_POINT('',(30.037358394717,0.75,-7.7893660084557));
#6649=CARTESIAN_POINT('',(26.0128818581538,0.75,-31.157363474727));
#6650=CARTESIAN_POINT('',(15.0186791973585,0.75,-31.157363474727));
#6651=CARTESIAN_POINT('',(26.0128818581538,0.75,-31.457363474727));
#6652=CARTESIAN_POINT('Origin',(26.0128818581538,1.82,-31.457363474727));
#6653=CARTESIAN_POINT('',(26.0128818581538,1.82,-31.157363474727));
#6654=CARTESIAN_POINT('',(26.0128818581538,0.75,-31.157363474727));
#6655=CARTESIAN_POINT('',(26.0128818581538,1.82,-7.88866649733437));
#6656=CARTESIAN_POINT('Origin',(30.037358394717,0.75,-31.157363474727));
#6657=CARTESIAN_POINT('',(30.037358394717,1.50000001243522,-31.157363474727));
#6658=CARTESIAN_POINT('',(27.285358394717,1.5,-31.157363474727));
#6659=CARTESIAN_POINT('',(29.887358394717,1.5,-31.157363474727));
#6660=CARTESIAN_POINT('',(27.285358394717,1.82,-31.157363474727));
#6661=CARTESIAN_POINT('',(27.285358394717,2.125,-31.157363474727));
#6662=CARTESIAN_POINT('',(16.5436823723667,1.82,-31.157363474727));
#6663=CARTESIAN_POINT('',(30.037358394717,0.75,-31.157363474727));
#6664=CARTESIAN_POINT('Origin',(30.037358394717,0.75,-21.6087320169122));
#6665=CARTESIAN_POINT('',(30.037358394717,1.5,-21.6087320169122));
#6666=CARTESIAN_POINT('',(30.037358394717,0.75,-21.6087320169122));
#6667=CARTESIAN_POINT('',(30.037358394717,1.50000001862647,-23.4849999992234));
#6668=CARTESIAN_POINT('',(30.037358394717,1.5,-24.5468660084577));
#6669=CARTESIAN_POINT('',(30.037358394717,1.50000001624865,-26.546866008359));
#6670=CARTESIAN_POINT('Origin',(3.05000635001639,1.82,15.6800304800583));
#6671=CARTESIAN_POINT('',(27.285358394717,1.82,-30.4850571501141));
#6672=CARTESIAN_POINT('',(27.285358394717,1.82,-2.65248475997163));
#6673=CARTESIAN_POINT('',(26.3126794336659,1.82,-30.4850571501141));
#6674=CARTESIAN_POINT('',(14.6813428918412,1.82,-30.4850571501141));
#6675=CARTESIAN_POINT('',(26.311222056611,1.82,-23.4850571501141));
#6676=CARTESIAN_POINT('',(26.3071445312156,1.82,-3.90009272952391));
#6677=CARTESIAN_POINT('',(27.285358394717,1.82,-23.4850571501141));
#6678=CARTESIAN_POINT('',(16.6250028710245,1.82,-23.4850571501141));
#6679=CARTESIAN_POINT('',(27.285358394717,1.82,-20.9850000000015));
#6680=CARTESIAN_POINT('',(27.285358394717,1.82,-2.65248475997163));
#6681=CARTESIAN_POINT('',(30.6570157723892,1.82,-20.9850000000014));
#6682=CARTESIAN_POINT('',(16.3936823723667,1.82,-20.9850000000015));
#6683=CARTESIAN_POINT('',(30.8373609347218,1.82,-20.8034689541445));
#6684=CARTESIAN_POINT('',(30.037358394717,1.82,-21.6087320169122));
#6685=CARTESIAN_POINT('',(30.837360934722,1.82,-10.6810193140971));
#6686=CARTESIAN_POINT('',(30.8373609347218,1.82,-21.3034699541459));
#6687=CARTESIAN_POINT('',(30.656356860655,1.82,-10.50001524003));
#6688=CARTESIAN_POINT('',(30.837360934722,1.82,-10.6810193140971));
#6689=CARTESIAN_POINT('',(30.232092791943,1.82,-10.50001524003));
#6690=CARTESIAN_POINT('',(16.6410495709797,1.82,-10.50001524003));
#6691=CARTESIAN_POINT('',(30.200017582105,1.82,-10.467940030192));
#6692=CARTESIAN_POINT('',(16.6460524284853,1.82,3.08602512342775));
#6693=CARTESIAN_POINT('',(30.200017582105,1.82,-10.50001524003));
#6694=CARTESIAN_POINT('',(30.200017582105,1.82,2.59000762001412));
#6695=CARTESIAN_POINT('',(26.3085186134486,1.82,-10.50001524003));
#6696=CARTESIAN_POINT('',(14.6792624817325,1.82,-10.50001524003));
#6697=CARTESIAN_POINT('',(26.3070612363937,1.82,-3.50001524003002));
#6698=CARTESIAN_POINT('',(26.305064121107,1.82,6.09242822551813));
#6699=CARTESIAN_POINT('',(27.28535839756,1.82,-3.50001524003002));
#6700=CARTESIAN_POINT('',(16.6250119660607,1.82,-3.50001524003002));
#6701=CARTESIAN_POINT('',(27.2853583983993,1.82,5.50001524003005));
#6702=CARTESIAN_POINT('',(27.2853583984317,1.82,5.84751523889828));
#6703=CARTESIAN_POINT('',(26.3051874595487,1.82,5.50001524003005));
#6704=CARTESIAN_POINT('',(14.6775969047825,1.82,5.50001524003005));
#6705=CARTESIAN_POINT('',(26.3037300824938,1.82,12.50001524003));
#6706=CARTESIAN_POINT('',(26.303398544157,1.82,14.0924434655482));
#6707=CARTESIAN_POINT('',(30.8373609347227,1.82,12.50001524003));
#6708=CARTESIAN_POINT('',(16.6250119660607,1.82,12.50001524003));
#6709=CARTESIAN_POINT('',(30.837360934722,1.82,32.319067046072));
#6710=CARTESIAN_POINT('',(30.8373609347228,1.82,10.681696416184));
#6711=CARTESIAN_POINT('',(30.5373609346773,1.82,32.6190670461166));
#6712=CARTESIAN_POINT('',(30.837360934722,1.82,32.319067046072));
#6713=CARTESIAN_POINT('',(30.5373609346773,1.82,32.4999992735684));
#6714=CARTESIAN_POINT('',(30.5373609346773,1.82,24.0900148768133));
#6715=CARTESIAN_POINT('',(26.1999993920326,1.82,32.4999992735684));
#6716=CARTESIAN_POINT('',(16.2550210610969,1.82,32.4999992735684));
#6717=CARTESIAN_POINT('',(26.1999993920326,1.82,38.0001080002102));
#6718=CARTESIAN_POINT('',(26.1999993920326,1.82,26.5900867233871));
#6719=CARTESIAN_POINT('',(17.9965103869425,1.82,38.0001080002102));
#6720=CARTESIAN_POINT('',(9.36276797053775,1.82,38.0001080002102));
#6721=CARTESIAN_POINT('',(17.9965103869425,1.82,29.8427582855101));
#6722=CARTESIAN_POINT('',(17.9965103869425,1.82,22.7613943827842));
#6723=CARTESIAN_POINT('',(-7.13733553467,1.82,29.8427582855101));
#6724=CARTESIAN_POINT('',(-13.3696529497241,1.82,29.8427582855101));
#6725=CARTESIAN_POINT('',(-13.3696529497241,1.82,29.8427582855101));
#6726=CARTESIAN_POINT('',(-18.7369125000113,1.82,29.54275828551));
#6727=CARTESIAN_POINT('',(-18.7496125254114,1.82,38.54277606555));
#6728=CARTESIAN_POINT('',(-18.7369125000113,1.82,29.54275828551));
#6729=CARTESIAN_POINT('',(22.962706123185,1.82,34.0000818703501));
#6730=CARTESIAN_POINT('Origin',(22.00000355778,1.82,34.0000818703501));
#6731=CARTESIAN_POINT('Origin',(27.2853583975147,3.5,-3.98500000000152));
#6732=CARTESIAN_POINT('',(27.28535839756,3.5,-3.50001524003002));
#6733=CARTESIAN_POINT('',(27.28535839756,3.5,-3.50001524003002));
#6734=CARTESIAN_POINT('',(27.2853583983993,3.5,5.50001524003005));
#6735=CARTESIAN_POINT('',(27.2853583978651,3.5,-0.228000001273067));
#6736=CARTESIAN_POINT('',(27.2853583983993,3.5,5.50001524003005));
#6737=CARTESIAN_POINT('Origin',(33.25,1.50000003725279,-8.00000000000001));
#6738=CARTESIAN_POINT('',(30.0373813896449,1.5,9.87645649954933));
#6739=CARTESIAN_POINT('',(30.0410550458899,1.5,-9.88471342526497));
#6740=CARTESIAN_POINT('',(30.0390430519399,1.50000003725295,0.938115844102435));
#6741=CARTESIAN_POINT('',(30.8373609347228,1.5,10.681696416184));
#6742=CARTESIAN_POINT('',(28.3359778322548,1.5,8.1638651375021));
#6743=CARTESIAN_POINT('',(30.8373609347227,1.5,12.50001524003));
#6744=CARTESIAN_POINT('',(30.8373609347226,1.5,16.659533523036));
#6745=CARTESIAN_POINT('',(31.2850000056809,1.5,12.50001524003));
#6746=CARTESIAN_POINT('',(31.2849999962177,1.5,12.50001524003));
#6747=CARTESIAN_POINT('',(31.2850000052605,1.5000000372529,8.));
#6748=CARTESIAN_POINT('',(31.285,1.5,-48.3167611844575));
#6749=CARTESIAN_POINT('',(33.25,1.5000000372529,8.));
#6750=CARTESIAN_POINT('',(33.25,1.5000000372529,8.));
#6751=CARTESIAN_POINT('',(33.25,1.50000003725279,-8.00000000000001));
#6752=CARTESIAN_POINT('',(33.25,1.50000003725339,25.5150000000008));
#6753=CARTESIAN_POINT('',(31.285000003766,1.50000003725279,-8.00000000000001));
#6754=CARTESIAN_POINT('',(33.25,1.50000003725279,-8.00000000000001));
#6755=CARTESIAN_POINT('',(31.2850000035324,1.5,-10.50001524003));
#6756=CARTESIAN_POINT('',(31.285,1.5,-48.3167611844575));
#6757=CARTESIAN_POINT('',(30.656356860655,1.5,-10.50001524003));
#6758=CARTESIAN_POINT('',(30.200017582105,1.5,-10.50001524003));
#6759=CARTESIAN_POINT('',(27.4374077281509,1.5,-7.281066107526));
#6760=CARTESIAN_POINT('Origin',(26.3051874595487,3.5,5.50001524003005));
#6761=CARTESIAN_POINT('',(26.3051874595487,3.5,5.50001524003005));
#6762=CARTESIAN_POINT('',(13.1525937297744,3.5,5.50001524003005));
#6763=CARTESIAN_POINT('',(26.3051874595487,3.5,5.50001524003005));
#6764=CARTESIAN_POINT('Origin',(27.285358394717,3.5,-20.9850000000015));
#6765=CARTESIAN_POINT('',(27.285358394717,3.5,-30.4850571501141));
#6766=CARTESIAN_POINT('',(27.285358394717,3.5,-30.4850571501141));
#6767=CARTESIAN_POINT('',(27.285358394717,1.5,-33.9850000000015));
#6768=CARTESIAN_POINT('',(27.285358394717,1.5,-31.457363474727));
#6769=CARTESIAN_POINT('',(27.285358394717,3.5,-33.9850000000015));
#6770=CARTESIAN_POINT('',(27.285358394717,3.5,-33.9850000000015));
#6771=CARTESIAN_POINT('',(27.285358394717,3.5,-8.72800000000076));
#6772=CARTESIAN_POINT('Origin',(27.285358394717,3.5,-20.9850000000015));
#6773=CARTESIAN_POINT('',(27.285358394717,3.5,-23.4850571501141));
#6774=CARTESIAN_POINT('',(27.285358394717,3.5,-23.4850571501141));
#6775=CARTESIAN_POINT('',(27.285358394717,3.5,-20.9850000000015));
#6776=CARTESIAN_POINT('',(27.285358394717,3.5,-8.72800000000076));
#6777=CARTESIAN_POINT('',(27.285358394717,3.5,-20.9850000000015));
#6778=CARTESIAN_POINT('Origin',(29.741078146035,3.5,-10.009000594122));
#6779=CARTESIAN_POINT('',(30.232092791943,3.5,-10.50001524003));
#6780=CARTESIAN_POINT('',(30.232092791943,3.5,-10.50001524003));
#6781=CARTESIAN_POINT('',(30.200017582105,3.5,-10.467940030192));
#6782=CARTESIAN_POINT('',(18.9213084609958,3.5,0.810769090917257));
#6783=CARTESIAN_POINT('',(30.200017582105,3.5,-10.467940030192));
#6784=CARTESIAN_POINT('Origin',(30.232092791943,3.5,-10.50001524003));
#6785=CARTESIAN_POINT('',(30.656356860655,2.125,-10.50001524003));
#6786=CARTESIAN_POINT('',(31.2850000035324,3.5,-10.50001524003));
#6787=CARTESIAN_POINT('',(31.2850000035324,3.5,-10.50001524003));
#6788=CARTESIAN_POINT('',(15.1160463959715,3.5,-10.50001524003));
#6789=CARTESIAN_POINT('Origin',(31.285,3.5,-20.9850000000015));
#6790=CARTESIAN_POINT('',(31.285,3.5,-20.9850000000015));
#6791=CARTESIAN_POINT('',(14.8686791973585,3.5,-20.9850000000015));
#6792=CARTESIAN_POINT('',(31.285,1.5,-20.9850000000015));
#6793=CARTESIAN_POINT('',(31.285,3.5,-20.9850000000015));
#6794=CARTESIAN_POINT('',(30.6570157723892,1.5,-20.9850000000014));
#6795=CARTESIAN_POINT('',(31.2499999999996,1.5,-20.9850000000015));
#6796=CARTESIAN_POINT('',(30.6570157723892,2.125,-20.9850000000014));
#6797=CARTESIAN_POINT('Origin',(30.511179198635,1.5,-27.4850000000032));
#6798=CARTESIAN_POINT('',(31.2850000023195,1.50000001862647,-23.4849999992234));
#6799=CARTESIAN_POINT('',(33.25,1.50000001862647,-23.4849999992234));
#6800=CARTESIAN_POINT('',(29.0860030652259,1.5,-22.5663431094994));
#6801=CARTESIAN_POINT('',(31.285,1.5,-48.3167611844575));
#6802=CARTESIAN_POINT('Origin',(29.737358394717,3.5,-33.9849999998605));
#6803=CARTESIAN_POINT('',(31.2850000013387,3.5,-33.9850000000048));
#6804=CARTESIAN_POINT('',(14.8686791956092,3.5,-33.9849999984738));
#6805=CARTESIAN_POINT('',(31.2850000013387,1.5,-33.9850000000048));
#6806=CARTESIAN_POINT('',(31.2499999999996,1.5,-33.9850000000015));
#6807=CARTESIAN_POINT('',(31.2850000013387,3.5,-33.9850000000048));
#6808=CARTESIAN_POINT('Origin',(30.511179198635,1.5,-27.4850000000032));
#6809=CARTESIAN_POINT('',(29.7443269827,1.50000001241376,-31.4849999992234));
#6810=CARTESIAN_POINT('',(29.7443269827,1.50000001243522,-31.457363474727));
#6811=CARTESIAN_POINT('',(29.7443269827,1.50000001862646,-23.4849999992234));
#6812=CARTESIAN_POINT('',(31.2850000015723,1.50000001241376,-31.4849999992234));
#6813=CARTESIAN_POINT('',(33.25,1.50000001241376,-31.4849999992234));
#6814=CARTESIAN_POINT('',(31.285,1.5,-48.3167611844575));
#6815=CARTESIAN_POINT('',(30.037358394717,1.50000001243522,-31.457363474727));
#6816=CARTESIAN_POINT('',(30.037358394717,1.50000001624865,-26.546866008359));
#6817=CARTESIAN_POINT('',(30.6436791973585,1.50000001243522,-31.457363474727));
#6818=CARTESIAN_POINT('Origin',(30.200017582105,3.5,-10.50001524003));
#6819=CARTESIAN_POINT('',(30.200017582105,3.5,-10.50001524003));
#6820=CARTESIAN_POINT('',(30.200017582105,3.5,-3.48550762001501));
#6821=CARTESIAN_POINT('',(30.200017582105,3.5,-10.50001524003));
#6822=CARTESIAN_POINT('Origin',(33.25,2.5000000372529,-8.00000000000001));
#6823=CARTESIAN_POINT('',(31.285,3.50000003725287,-8.00000000000001));
#6824=CARTESIAN_POINT('Origin',(31.2850000035324,2.5000000372529,-8.00000000000001));
#6825=CARTESIAN_POINT('',(33.25,3.50000003725287,-8.00000000000001));
#6826=CARTESIAN_POINT('Origin',(33.25,2.5000000372529,-8.00000000000001));
#6827=CARTESIAN_POINT('',(33.25,3.50000003725287,-8.00000000000001));
#6828=CARTESIAN_POINT('Origin',(30.837360934722,0.75,32.319067046072));
#6829=CARTESIAN_POINT('',(30.8373609347227,2.125,12.50001524003));
#6830=CARTESIAN_POINT('',(30.8373609347228,0.75,10.681696416184));
#6831=CARTESIAN_POINT('',(30.837360934722,0.75,32.319067046072));
#6832=CARTESIAN_POINT('Origin',(30.1999993920326,3.5,-23.4850571501141));
#6833=CARTESIAN_POINT('',(26.311222056611,3.5,-23.4850571501141));
#6834=CARTESIAN_POINT('',(26.311222056611,3.5,-23.4850571501141));
#6835=CARTESIAN_POINT('',(15.0999996960163,3.5,-23.4850571501141));
#6836=CARTESIAN_POINT('Origin',(33.25,2.50000001241375,-31.485));
#6837=CARTESIAN_POINT('',(31.285,3.50000001241373,-31.4850000007766));
#6838=CARTESIAN_POINT('Origin',(31.2850000013387,2.50000001241375,-31.485));
#6839=CARTESIAN_POINT('',(33.25,1.50000001241376,-31.4849999992234));
#6840=CARTESIAN_POINT('',(33.25,1.50000001241376,-31.4849999992234));
#6841=CARTESIAN_POINT('',(33.25,3.50000001241373,-31.4850000007766));
#6842=CARTESIAN_POINT('Origin',(33.25,2.50000001241375,-31.485));
#6843=CARTESIAN_POINT('',(33.25,3.50000001241373,-31.4850000007766));
#6844=CARTESIAN_POINT('Origin',(33.25,1.50000001241376,-31.4849999992234));
#6845=CARTESIAN_POINT('',(33.25,1.50000001862647,-23.4849999992234));
#6846=CARTESIAN_POINT('',(33.25,1.50000001862647,-23.4849999992234));
#6847=CARTESIAN_POINT('',(33.25,1.50000004756017,13.7724999998067));
#6848=CARTESIAN_POINT('Origin',(30.8373609347218,0.75,-20.8034689541445));
#6849=CARTESIAN_POINT('',(30.8373609347218,0.75,-20.8034689541445));
#6850=CARTESIAN_POINT('Origin',(-11.43733553467,3.5,29.8427582855101));
#6851=CARTESIAN_POINT('',(-11.43733553467,2.5,30.8427582855101));
#6852=CARTESIAN_POINT('',(-11.43733553467,2.5,38.8427760655502));
#6853=CARTESIAN_POINT('',(-11.43733553467,2.5,35.5070957141852));
#6854=CARTESIAN_POINT('',(-11.43733553467,3.5,38.8427760655502));
#6855=CARTESIAN_POINT('',(-11.43733553467,3.5,38.8427760655502));
#6856=CARTESIAN_POINT('',(-11.43733553467,3.5,16.6858791427551));
#6857=CARTESIAN_POINT('',(-11.43733553467,1.72,29.8427582855101));
#6858=CARTESIAN_POINT('',(-11.43733553467,3.5,29.8427582855101));
#6859=CARTESIAN_POINT('',(-11.43733553467,1.72,30.8427582855101));
#6860=CARTESIAN_POINT('',(-11.43733553467,1.72,30.8427582855101));
#6861=CARTESIAN_POINT('',(-11.43733553467,3.5,30.8427582855101));
#6862=CARTESIAN_POINT('Origin',(-10.63733553467,3.5,38.8427760655502));
#6863=CARTESIAN_POINT('',(-18.43733553467,2.5,38.8427760655502));
#6864=CARTESIAN_POINT('',(-5.42887405426687,2.5,38.8427760655502));
#6865=CARTESIAN_POINT('',(-18.43733553467,3.5,38.8427760655502));
#6866=CARTESIAN_POINT('',(-18.43733553467,3.5,38.8427760655502));
#6867=CARTESIAN_POINT('',(-5.318667767335,3.5,38.8427760655502));
#6868=CARTESIAN_POINT('Origin',(7.29999983683228,3.5,32.0239993093312));
#6869=CARTESIAN_POINT('',(13.499999691546,3.5,32.0239993093312));
#6870=CARTESIAN_POINT('',(13.499999691546,2.5,32.0239993093312));
#6871=CARTESIAN_POINT('',(13.499999691546,3.5,32.0239993093312));
#6872=CARTESIAN_POINT('',(7.29999983683228,3.5,32.0239993093312));
#6873=CARTESIAN_POINT('',(3.64999991841614,3.5,32.0239993093312));
#6874=CARTESIAN_POINT('',(7.29999983683228,2.5,32.0239993093312));
#6875=CARTESIAN_POINT('',(7.29999983683228,3.5,32.0239993093312));
#6876=CARTESIAN_POINT('',(3.53979363148428,2.5,32.0239993093312));
#6877=CARTESIAN_POINT('Origin',(26.3126794336659,3.5,-30.4850571501141));
#6878=CARTESIAN_POINT('',(26.3126794336659,3.5,-30.4850571501141));
#6879=CARTESIAN_POINT('',(13.156339716833,3.5,-30.4850571501141));
#6880=CARTESIAN_POINT('',(26.3126794336659,3.5,-30.4850571501141));
#6881=CARTESIAN_POINT('Origin',(26.3037300824938,3.5,12.50001524003));
#6882=CARTESIAN_POINT('',(26.3037300824938,3.5,12.50001524003));
#6883=CARTESIAN_POINT('',(26.3046633803578,3.5,8.01724598951605));
#6884=CARTESIAN_POINT('',(26.3037300824938,3.5,12.50001524003));
#6885=CARTESIAN_POINT('Origin',(30.200017582105,3.5,12.50001524003));
#6886=CARTESIAN_POINT('',(31.2850000056809,3.5,12.50001524003));
#6887=CARTESIAN_POINT('',(15.1000087910525,3.5,12.50001524003));
#6888=CARTESIAN_POINT('',(31.2850000056809,3.5,12.50001524003));
#6889=CARTESIAN_POINT('Origin',(26.3085186134486,3.5,-10.50001524003));
#6890=CARTESIAN_POINT('',(26.3085186134486,3.5,-10.50001524003));
#6891=CARTESIAN_POINT('',(13.1542593067243,3.5,-10.50001524003));
#6892=CARTESIAN_POINT('',(26.3085186134486,3.5,-10.50001524003));
#6893=CARTESIAN_POINT('Origin',(26.3070612363937,3.5,-3.50001524003002));
#6894=CARTESIAN_POINT('',(26.3070612363937,3.5,-3.50001524003002));
#6895=CARTESIAN_POINT('',(26.3063289573078,3.5,0.0172307494860223));
#6896=CARTESIAN_POINT('',(26.3070612363937,3.5,-3.50001524003002));
#6897=CARTESIAN_POINT('Origin',(30.200017582105,3.5,-3.50001524003002));
#6898=CARTESIAN_POINT('',(15.1000087910525,3.5,-3.50001524003002));
#6899=CARTESIAN_POINT('Origin',(26.311222056611,3.5,-23.4850571501141));
#6900=CARTESIAN_POINT('',(26.3084093674164,3.5,-9.97529020555601));
#6901=CARTESIAN_POINT('Origin',(30.8373609347228,0.75,10.681696416184));
#6902=CARTESIAN_POINT('',(30.0373813896449,0.75,9.87645649954933));
#6903=CARTESIAN_POINT('Origin',(30.0373813896449,0.75,9.87645649954933));
#6904=CARTESIAN_POINT('',(30.0410550458899,0.75,-9.88471342526497));
#6905=CARTESIAN_POINT('Origin',(30.0410550458899,0.75,-9.88471342526497));
#6906=CARTESIAN_POINT('',(30.837360934722,0.75,-10.6810193140971));
#6907=CARTESIAN_POINT('Origin',(26.1999993920326,3.5,37.5001429667159));
#6908=CARTESIAN_POINT('',(26.1999993920326,3.5,32.4999992735684));
#6909=CARTESIAN_POINT('',(26.1999993920326,3.5,32.4999992735684));
#6910=CARTESIAN_POINT('',(26.1999993920326,3.5,38.0001080002102));
#6911=CARTESIAN_POINT('',(26.1999993920326,3.5,20.514571483358));
#6912=CARTESIAN_POINT('',(26.1999993920326,3.5,38.0001080002102));
#6913=CARTESIAN_POINT('Origin',(29.4600357721773,1.82,38.0001080002102));
#6914=CARTESIAN_POINT('',(30.5373609346773,1.82,37.3799578954262));
#6915=CARTESIAN_POINT('',(30.0372467367142,1.82,36.8765562783809));
#6916=CARTESIAN_POINT('',(30.0372467367142,1.82,36.8765562783809));
#6917=CARTESIAN_POINT('',(30.5373609346773,1.82,26.5900867233871));
#6918=CARTESIAN_POINT('',(30.0423478568726,1.82,33.1140801239213));
#6919=CARTESIAN_POINT('',(30.837360934722,1.82,32.319067046072));
#6920=CARTESIAN_POINT('',(30.0423478568726,1.82,33.1140801239213));
#6921=CARTESIAN_POINT('Origin',(3.05000635001639,1.82,15.6800304800583));
#6922=CARTESIAN_POINT('',(24.7840952639261,1.82,55.5001080002102));
#6923=CARTESIAN_POINT('',(15.00003000006,1.82,55.5001080002102));
#6924=CARTESIAN_POINT('',(13.9170508069712,1.82,55.5001080002102));
#6925=CARTESIAN_POINT('',(13.50003000006,1.82,54.0001080002102));
#6926=CARTESIAN_POINT('Origin',(15.00003000006,1.82,54.0001080002102));
#6927=CARTESIAN_POINT('',(13.50003000006,1.82,36.0001080002102));
#6928=CARTESIAN_POINT('',(13.50003000006,1.82,38.0001080002102));
#6929=CARTESIAN_POINT('',(15.6755295910591,1.82,36.0001080002102));
#6930=CARTESIAN_POINT('',(15.6755295910591,1.82,36.0001080002102));
#6931=CARTESIAN_POINT('',(15.6755295910591,1.82,52.5001080002102));
#6932=CARTESIAN_POINT('',(15.6755295910591,1.82,38.0001080002102));
#6933=CARTESIAN_POINT('',(30.537360934722,1.82,52.5001080002102));
#6934=CARTESIAN_POINT('',(1.33459311326384,1.82,52.5001080002102));
#6935=CARTESIAN_POINT('',(30.537360934722,1.82,26.8400692401342));
#6936=CARTESIAN_POINT('',(30.8373609347184,1.82,37.6819298965198));
#6937=CARTESIAN_POINT('',(30.0372467367142,1.82,36.8765562783809));
#6938=CARTESIAN_POINT('',(30.837360934722,1.82,56.6523870567319));
#6939=CARTESIAN_POINT('',(30.8373609347184,1.82,37.6819298965198));
#6940=CARTESIAN_POINT('',(25.8723671217322,1.82,61.6174218948395));
#6941=CARTESIAN_POINT('Origin',(33.25,1.82,64.0300000000017));
#6942=CARTESIAN_POINT('',(24.7840952639261,1.82,61.6174218948396));
#6943=CARTESIAN_POINT('',(24.6690518060444,1.82,61.6174218948395));
#6944=CARTESIAN_POINT('',(24.7840952639165,1.82,60.7300000001154));
#6945=CARTESIAN_POINT('',(24.784095263926,1.82,38.6487261874489));
#6946=CARTESIAN_POINT('',(24.7840952639261,1.82,57.7299999999523));
#6947=CARTESIAN_POINT('Origin',(24.7840952639213,1.82,59.2300000000338));
#6948=CARTESIAN_POINT('',(24.7840952639261,1.82,36.380015245617));
#6949=CARTESIAN_POINT('',(15.962732565465,1.82,54.0001080002102));
#6950=CARTESIAN_POINT('Origin',(15.00003000006,1.82,54.0001080002102));
#6951=CARTESIAN_POINT('Origin',(-7.13733553467,3.5,30.8427582855101));
#6952=CARTESIAN_POINT('',(-7.13733553467,2.5,30.8427582855101));
#6953=CARTESIAN_POINT('',(-3.67887405426687,2.5,30.8427582855101));
#6954=CARTESIAN_POINT('',(-7.13733553467,1.72,30.8427582855101));
#6955=CARTESIAN_POINT('',(-7.13733553467,1.72,30.8427582855101));
#6956=CARTESIAN_POINT('',(-7.13733553467,3.5,30.8427582855101));
#6957=CARTESIAN_POINT('Origin',(-7.13733553467,3.5,29.8427582855101));
#6958=CARTESIAN_POINT('',(-7.13733553467,2.5,29.8427582855101));
#6959=CARTESIAN_POINT('',(-7.13733553467,2.5,35.5070957141852));
#6960=CARTESIAN_POINT('',(-7.13733553467,1.72,29.8427582855101));
#6961=CARTESIAN_POINT('',(-7.13733553467,1.72,29.8427582855101));
#6962=CARTESIAN_POINT('',(-7.13733553467,3.5,29.8427582855101));
#6963=CARTESIAN_POINT('',(-7.13733553467,3.5,29.8427582855101));
#6964=CARTESIAN_POINT('Origin',(-10.63733553467,3.5,29.8427582855101));
#6965=CARTESIAN_POINT('',(-10.63733553467,1.72,29.8427582855101));
#6966=CARTESIAN_POINT('Origin',(-8.88733553467,1.72,30.3427582855101));
#6967=CARTESIAN_POINT('Origin',(15.6755295910591,3.5,44.2219405638812));
#6968=CARTESIAN_POINT('',(13.50003000006,3.5,44.2219405638812));
#6969=CARTESIAN_POINT('',(15.6755295910591,3.5,44.2219405638812));
#6970=CARTESIAN_POINT('',(11.6755295910591,3.5,44.2219405638812));
#6971=CARTESIAN_POINT('',(13.50003000006,2.72,44.2219405638812));
#6972=CARTESIAN_POINT('',(13.50003000006,3.5,44.2219405638812));
#6973=CARTESIAN_POINT('',(15.6755295910591,2.72,44.2219405638812));
#6974=CARTESIAN_POINT('',(7.79526479552955,2.72,44.2219405638812));
#6975=CARTESIAN_POINT('',(15.6755295910591,3.5,44.2219405638812));
#6976=CARTESIAN_POINT('Origin',(15.6755295910591,3.5,38.0001080002102));
#6977=CARTESIAN_POINT('',(15.6755295910591,3.5,38.0001080002102));
#6978=CARTESIAN_POINT('',(7.83776479552956,3.5,38.0001080002102));
#6979=CARTESIAN_POINT('',(15.6755295910591,2.5,38.0001080002102));
#6980=CARTESIAN_POINT('',(15.6755295910591,3.11,38.0001080002102));
#6981=CARTESIAN_POINT('',(17.9965103869425,2.5,38.0001080002102));
#6982=CARTESIAN_POINT('',(7.72755850859769,2.5,38.0001080002102));
#6983=CARTESIAN_POINT('',(17.9965103869425,3.,38.0001080002102));
#6984=CARTESIAN_POINT('Origin',(13.50003000006,2.72,36.0001080002102));
#6985=CARTESIAN_POINT('',(15.6755295910591,2.5,36.0001080002102));
#6986=CARTESIAN_POINT('',(13.50003000006,2.5,36.0001080002102));
#6987=CARTESIAN_POINT('',(6.63980871309813,2.5,36.0001080002102));
#6988=CARTESIAN_POINT('',(15.6755295910591,2.72,36.0001080002102));
#6989=CARTESIAN_POINT('',(13.50003000006,2.72,36.0001080002102));
#6990=CARTESIAN_POINT('Origin',(-0.220412573863733,2.5,41.1714331428602));
#6991=CARTESIAN_POINT('',(13.50003000006,2.5,38.0001080002102));
#6992=CARTESIAN_POINT('',(13.499999691546,2.5,36.0357162260957));
#6993=CARTESIAN_POINT('',(-9.35712306642326,2.5,32.0241796741682));
#6994=CARTESIAN_POINT('',(-4.7887678201435,2.5,32.0241796741682));
#6995=CARTESIAN_POINT('',(-9.35712306642326,2.5,37.0241796741682));
#6996=CARTESIAN_POINT('',(-9.35712306642326,2.5,39.0978064085142));
#6997=CARTESIAN_POINT('',(-6.83499999999999,2.5,37.0241796741682));
#6998=CARTESIAN_POINT('',(3.53979363148428,2.5,37.0241796741682));
#6999=CARTESIAN_POINT('',(-6.83499999999999,2.5,41.0807475661776));
#7000=CARTESIAN_POINT('',(-6.83499999999999,2.5,41.1260903545189));
#7001=CARTESIAN_POINT('',(-7.44411302815389,2.5,42.2875285750582));
#7002=CARTESIAN_POINT('Origin',(-8.335,2.5,41.0807475661776));
#7003=CARTESIAN_POINT('',(-11.640601981204,2.5,42.2875285750582));
#7004=CARTESIAN_POINT('',(-5.93050727753386,2.5,42.2875285750582));
#7005=CARTESIAN_POINT('',(-11.640601981204,2.5,43.8828223351065));
#7006=CARTESIAN_POINT('',(-11.640601981204,2.5,44.7294808589587));
#7007=CARTESIAN_POINT('',(-14.5914987274031,2.5,44.9589219346029));
#7008=CARTESIAN_POINT('',(-7.63982279054112,2.5,42.423863498173));
#7009=CARTESIAN_POINT('',(-16.235,2.5,47.3076258175896));
#7010=CARTESIAN_POINT('Origin',(-13.735,2.5,47.3076258175896));
#7011=CARTESIAN_POINT('',(-16.235,2.5,52.5001080002102));
#7012=CARTESIAN_POINT('',(-16.235,2.5,46.8357705715352));
#7013=CARTESIAN_POINT('',(-18.43733553467,2.5,52.5001080002102));
#7014=CARTESIAN_POINT('',(-32.25,2.5,52.5001080002102));
#7015=CARTESIAN_POINT('',(-18.43733553467,2.5,40.0071046042052));
#7016=CARTESIAN_POINT('',(17.9965103869425,2.5,29.8427582855101));
#7017=CARTESIAN_POINT('',(26.300119380239,2.5,29.8427582855101));
#7018=CARTESIAN_POINT('',(17.9965103869425,2.5,38.0001080002102));
#7019=CARTESIAN_POINT('',(15.6755295910591,2.5,39.5857705715352));
#7020=CARTESIAN_POINT('',(13.50003000006,2.5,39.5857705715352));
#7021=CARTESIAN_POINT('Origin',(13.499999691546,3.5,30.8999993093312));
#7022=CARTESIAN_POINT('',(13.50003000006,3.5,38.0001080002102));
#7023=CARTESIAN_POINT('',(13.50003000006,3.5,38.0001080002102));
#7024=CARTESIAN_POINT('',(13.499999691546,3.5,17.2144996546656));
#7025=CARTESIAN_POINT('Origin',(15.6755295910591,2.72,38.0001080002102));
#7026=CARTESIAN_POINT('',(15.6755295910591,2.72,52.5001080002102));
#7027=CARTESIAN_POINT('',(15.6755295910591,2.72,54.0001080002102));
#7028=CARTESIAN_POINT('',(15.6755295910591,3.11,52.5001080002102));
#7029=CARTESIAN_POINT('',(15.6755295910591,3.5,54.0001080002102));
#7030=CARTESIAN_POINT('Origin',(13.50003000006,2.72,54.0001080002102));
#7031=CARTESIAN_POINT('',(13.50003000006,2.72,54.0001080002102));
#7032=CARTESIAN_POINT('',(13.50003000006,3.5,54.0001080002102));
#7033=CARTESIAN_POINT('',(13.50003000006,2.72,38.0001080002102));
#7034=CARTESIAN_POINT('',(13.50003000006,3.5,38.0001080002102));
#7035=CARTESIAN_POINT('Origin',(-0.380820123488705,3.5,52.5001080002102));
#7036=CARTESIAN_POINT('',(16.065,2.72,52.5001080002102));
#7037=CARTESIAN_POINT('',(-0.232910061744356,2.72,52.5001080002102));
#7038=CARTESIAN_POINT('',(16.065,3.5,52.5001080002102));
#7039=CARTESIAN_POINT('',(16.065,3.5,52.5001080002102));
#7040=CARTESIAN_POINT('',(30.537360934722,3.5,52.5001080002102));
#7041=CARTESIAN_POINT('',(-3.4755054610105,3.5,52.5001080002102));
#7042=CARTESIAN_POINT('',(30.537360934722,3.5,52.5001080002102));
#7043=CARTESIAN_POINT('Origin',(-13.05697485395,3.32,58.8101168402333));
#7044=CARTESIAN_POINT('',(-13.05697485395,3.32,58.8101168402333));
#7045=CARTESIAN_POINT('',(-13.05697485395,3.32,60.5101168402333));
#7046=CARTESIAN_POINT('',(-13.05697485395,3.32,59.3199614038448));
#7047=CARTESIAN_POINT('',(-13.05697485395,3.62,58.8101168402333));
#7048=CARTESIAN_POINT('',(-13.05697485395,3.32,58.8101168402333));
#7049=CARTESIAN_POINT('',(-13.05697485395,3.62,60.5101168402333));
#7050=CARTESIAN_POINT('',(-13.05697485395,3.62,60.5101168402333));
#7051=CARTESIAN_POINT('',(-13.05697485395,3.32,60.5101168402333));
#7052=CARTESIAN_POINT('Origin',(-12.40697485395,3.32,58.8101168402333));
#7053=CARTESIAN_POINT('',(-11.75697485395,3.32,58.8101168402333));
#7054=CARTESIAN_POINT('Origin',(-12.40697485395,3.32,58.8101168402333));
#7055=CARTESIAN_POINT('',(-11.75697485395,3.62,58.8101168402333));
#7056=CARTESIAN_POINT('',(-11.75697485395,3.32,58.8101168402333));
#7057=CARTESIAN_POINT('Origin',(-12.40697485395,3.62,58.8101168402333));
#7058=CARTESIAN_POINT('Origin',(-11.75697485395,3.32,60.5101168402333));
#7059=CARTESIAN_POINT('',(-11.75697485395,3.32,60.5101168402333));
#7060=CARTESIAN_POINT('',(-11.75697485395,3.32,60.1699614038448));
#7061=CARTESIAN_POINT('',(-11.75697485395,3.62,60.5101168402333));
#7062=CARTESIAN_POINT('',(-11.75697485395,3.32,60.5101168402333));
#7063=CARTESIAN_POINT('',(-11.75697485395,3.62,58.8101168402333));
#7064=CARTESIAN_POINT('Origin',(-12.40697485395,3.32,60.5101168402333));
#7065=CARTESIAN_POINT('Origin',(-12.40697485395,3.32,60.5101168402333));
#7066=CARTESIAN_POINT('Origin',(-12.40697485395,3.62,60.5101168402333));
#7067=CARTESIAN_POINT('Origin',(-12.40697485395,3.62,59.6601168402333));
#7068=CARTESIAN_POINT('Origin',(-16.1859538818448,3.32,59.8298059674564));
#7069=CARTESIAN_POINT('',(-10.5766778910114,3.32,57.0800000111758));
#7070=CARTESIAN_POINT('',(-13.3813158864281,3.32,57.0800000111758));
#7071=CARTESIAN_POINT('',(-10.5766778910114,3.32,59.2299999999468));
#7072=CARTESIAN_POINT('',(-10.5766778910114,3.32,59.5299029836963));
#7073=CARTESIAN_POINT('',(-9.07667789101979,3.32,60.7299999999489));
#7074=CARTESIAN_POINT('Origin',(-9.07667789100925,3.32,59.2299999999468));
#7075=CARTESIAN_POINT('',(-5.2,3.32,60.7299999999718));
#7076=CARTESIAN_POINT('',(-3.6313158864322,3.32,60.7299999999811));
#7077=CARTESIAN_POINT('',(-5.2,3.32,62.81742443484));
#7078=CARTESIAN_POINT('',(-5.2,3.32,61.3297038647615));
#7079=CARTESIAN_POINT('',(-6.71908228610594,3.32,62.81742443484));
#7080=CARTESIAN_POINT('',(-5.2,3.32,62.81742443484));
#7081=CARTESIAN_POINT('',(-7.91539284141033,3.32,61.6211138795356));
#7082=CARTESIAN_POINT('',(-6.71908228610594,3.32,62.81742443484));
#7083=CARTESIAN_POINT('',(-24.73734823469,3.32,61.6173548646757));
#7084=CARTESIAN_POINT('',(-7.91539284141033,3.32,61.6211138795356));
#7085=CARTESIAN_POINT('Origin',(-24.7840952637822,3.32,59.2299999999802));
#7086=CARTESIAN_POINT('',(-24.7840952637659,3.32,57.7299999999093));
#7087=CARTESIAN_POINT('',(-15.7840952637661,3.32,57.7299999999331));
#7088=CARTESIAN_POINT('',(-20.4850245728026,3.32,57.7299999999207));
#7089=CARTESIAN_POINT('',(-24.7840952637807,3.32,60.7300000000618));
#7090=CARTESIAN_POINT('Origin',(-24.7840952637822,3.32,59.2299999999802));
#7091=CARTESIAN_POINT('',(-15.7840952637624,3.32,60.7300000000513));
#7092=CARTESIAN_POINT('',(-15.9850245728031,3.32,60.7300000000516));
#7093=CARTESIAN_POINT('Origin',(-15.7840952637643,3.32,59.2299999999922));
#7094=CARTESIAN_POINT('Origin',(-24.7840952637822,1.82,59.2299999999802));
#7095=CARTESIAN_POINT('',(-24.73734823469,1.82,56.8426451352847));
#7096=CARTESIAN_POINT('',(-24.73734823469,0.75,61.6173548646757));
#7097=CARTESIAN_POINT('Origin',(24.7840952639261,1.82,61.6174218948396));
#7098=CARTESIAN_POINT('',(24.7840952639261,3.32,61.6174218948396));
#7099=CARTESIAN_POINT('',(24.7840952639261,1.82,61.6174218948396));
#7100=CARTESIAN_POINT('',(24.7840952639261,3.32,60.7300000001154));
#7101=CARTESIAN_POINT('',(24.7840952639261,3.32,55.5001080002102));
#7102=CARTESIAN_POINT('',(24.7840952639165,4.35,60.7300000001154));
#7103=CARTESIAN_POINT('Origin',(24.7840952639261,1.82,57.7299999999523));
#7104=CARTESIAN_POINT('',(24.7840952639261,3.32,57.7299999999523));
#7105=CARTESIAN_POINT('',(24.7840952639261,4.35,57.7299999999523));
#7106=CARTESIAN_POINT('',(24.7840952639261,3.32,55.5001080002102));
#7107=CARTESIAN_POINT('',(24.7840952639261,1.82,55.5001080002102));
#7108=CARTESIAN_POINT('Origin',(15.7420476320014,3.32,59.9487122230093));
#7109=CARTESIAN_POINT('',(15.7840952638985,3.32,60.7300000000866));
#7110=CARTESIAN_POINT('',(20.2630714479577,3.32,60.7300000001009));
#7111=CARTESIAN_POINT('',(7.92403784622455,3.32,61.61742189484));
#7112=CARTESIAN_POINT('',(25.8723671217321,3.32,61.6174218948395));
#7113=CARTESIAN_POINT('',(6.71982688622869,3.32,62.8174244348435));
#7114=CARTESIAN_POINT('',(7.92403784622455,3.32,61.61742189484));
#7115=CARTESIAN_POINT('',(5.2,3.32,62.8174244348409));
#7116=CARTESIAN_POINT('',(6.71982688622869,3.32,62.8174244348435));
#7117=CARTESIAN_POINT('',(5.2,3.32,60.7300000000334));
#7118=CARTESIAN_POINT('',(5.2,3.32,60.3393561115214));
#7119=CARTESIAN_POINT('',(8.92332210898578,3.32,60.7300000000554));
#7120=CARTESIAN_POINT('',(12.3326848704913,3.32,60.7300000000756));
#7121=CARTESIAN_POINT('',(10.4233221089953,3.32,59.230000000064));
#7122=CARTESIAN_POINT('Origin',(8.92332210899484,3.32,59.2300000000549));
#7123=CARTESIAN_POINT('',(10.4233221090083,3.32,57.0800000111756));
#7124=CARTESIAN_POINT('',(10.4233221089996,3.32,58.5143561170762));
#7125=CARTESIAN_POINT('',(17.2210238160007,3.32,57.0800000111758));
#7126=CARTESIAN_POINT('',(15.7840952639082,3.32,57.7299999999661));
#7127=CARTESIAN_POINT('',(15.7630714479531,3.32,57.7299999999662));
#7128=CARTESIAN_POINT('Origin',(15.7840952639033,3.32,59.2300000000264));
#7129=CARTESIAN_POINT('Origin',(-24.7840952637822,4.35,59.2299999999802));
#7130=CARTESIAN_POINT('',(-24.7840952637659,4.35,57.7299999999093));
#7131=CARTESIAN_POINT('',(-24.7840952637659,4.35,57.7299999999093));
#7132=CARTESIAN_POINT('',(-24.7840952637807,4.35,60.7300000000618));
#7133=CARTESIAN_POINT('Origin',(-24.7840952637822,4.35,59.2299999999802));
#7134=CARTESIAN_POINT('',(-24.7840952637807,4.35,60.7300000000618));
#7135=CARTESIAN_POINT('Origin',(-24.7840952637659,4.35,57.7299999999093));
#7136=CARTESIAN_POINT('',(-15.7840952637661,4.35,57.7299999999331));
#7137=CARTESIAN_POINT('',(-15.7840952637661,4.35,57.7299999999331));
#7138=CARTESIAN_POINT('',(-12.3920476319512,4.35,57.729999999942));
#7139=CARTESIAN_POINT('Origin',(-24.73734823469,0.75,38.54277606555));
#7140=CARTESIAN_POINT('',(-24.73734823469,1.82,55.5001080002102));
#7141=CARTESIAN_POINT('',(-24.73734823469,1.82,61.6173548646757));
#7142=CARTESIAN_POINT('',(-24.73734823469,1.82,55.5001080002102));
#7143=CARTESIAN_POINT('Origin',(24.7840952639165,4.35,60.7300000001154));
#7144=CARTESIAN_POINT('',(15.7840952638985,4.35,60.7300000000866));
#7145=CARTESIAN_POINT('',(15.7840952638985,4.35,60.7300000000866));
#7146=CARTESIAN_POINT('',(24.7840952639165,4.35,60.7300000001154));
#7147=CARTESIAN_POINT('',(12.3920476318706,4.35,60.7300000000757));
#7148=CARTESIAN_POINT('',(24.7840952639165,4.35,60.7300000001154));
#7149=CARTESIAN_POINT('Origin',(15.7840952639033,4.35,59.2300000000264));
#7150=CARTESIAN_POINT('',(15.7840952639082,4.35,57.7299999999661));
#7151=CARTESIAN_POINT('',(15.7840952639082,4.35,57.7299999999661));
#7152=CARTESIAN_POINT('Origin',(15.7840952639033,4.35,59.2300000000264));
#7153=CARTESIAN_POINT('Origin',(7.92403784622455,0.75,61.6174218948395));
#7154=CARTESIAN_POINT('',(25.8723671217322,0.75,61.6174218948395));
#7155=CARTESIAN_POINT('',(7.92403784622455,0.75,61.61742189484));
#7156=CARTESIAN_POINT('',(11.75,2.5000000372529,61.6174218948395));
#7157=CARTESIAN_POINT('Origin',(12.4,2.5000000372529,61.6174218948395));
#7158=CARTESIAN_POINT('Origin',(15.7840952639082,4.35,57.7299999999661));
#7159=CARTESIAN_POINT('',(24.7840952639261,4.35,57.7299999999523));
#7160=CARTESIAN_POINT('',(24.7840952639261,4.35,57.7299999999523));
#7161=CARTESIAN_POINT('',(7.89204763199391,4.35,57.7299999999783));
#7162=CARTESIAN_POINT('Origin',(33.25,0.75,64.0300000000017));
#7163=CARTESIAN_POINT('',(30.837360934722,0.75,56.6523870567319));
#7164=CARTESIAN_POINT('',(31.0448815703516,3.65,56.5877252999364));
#7165=CARTESIAN_POINT('',(31.0448815703516,0.75,56.5877252999364));
#7166=CARTESIAN_POINT('',(25.8077245271181,3.65,61.824884178611));
#7167=CARTESIAN_POINT('Origin',(33.25,3.65,64.0300000000017));
#7168=CARTESIAN_POINT('',(25.8077245271181,0.75,61.824884178611));
#7169=CARTESIAN_POINT('Origin',(26.4968760962836,0.75,62.0290769734142));
#7170=CARTESIAN_POINT('',(27.1860276654491,1.94690588550995,62.2332697682174));
#7171=CARTESIAN_POINT('',(25.7781106750545,2.0465895712367,62.03));
#7172=CARTESIAN_POINT('Ctrl Pts',(27.1860276654491,1.94690588550995,62.2332697682174));
#7173=CARTESIAN_POINT('Ctrl Pts',(27.1786534770344,1.930215039265,62.2581576861393));
#7174=CARTESIAN_POINT('Ctrl Pts',(27.1699540907486,1.91218991751616,62.2826044336962));
#7175=CARTESIAN_POINT('Ctrl Pts',(27.1244997066623,1.82807507262355,62.3911277606457));
#7176=CARTESIAN_POINT('Ctrl Pts',(27.0715431070843,1.75606545802431,62.4709689777879));
#7177=CARTESIAN_POINT('Ctrl Pts',(26.9466094831213,1.64234666525344,62.5957705106926));
#7178=CARTESIAN_POINT('Ctrl Pts',(26.870460952734,1.59101298460926,62.6505555985093));
#7179=CARTESIAN_POINT('Ctrl Pts',(26.7386052811593,1.53738590737659,62.7076680092611));
#7180=CARTESIAN_POINT('Ctrl Pts',(26.6917467735747,1.52326201779189,62.7226743679558));
#7181=CARTESIAN_POINT('Ctrl Pts',(26.595360656148,1.5044712500285,62.742761015562));
#7182=CARTESIAN_POINT('Ctrl Pts',(26.5458337452832,1.49980258546672,62.7478429873108));
#7183=CARTESIAN_POINT('Ctrl Pts',(26.4476799288032,1.50021141977593,62.7478429873108));
#7184=CARTESIAN_POINT('Ctrl Pts',(26.3979712586092,1.50533982832265,62.742712413817));
#7185=CARTESIAN_POINT('Ctrl Pts',(26.3013276874384,1.52510959991442,62.7224936370016));
#7186=CARTESIAN_POINT('Ctrl Pts',(26.2543935874708,1.53975281284555,62.7074034138478));
#7187=CARTESIAN_POINT('Ctrl Pts',(26.1224414474733,1.59498569124132,62.6500624462216));
#7188=CARTESIAN_POINT('Ctrl Pts',(26.0464089909493,1.64745622814612,62.595161325513));
#7189=CARTESIAN_POINT('Ctrl Pts',(25.9210644413509,1.76440381601922,62.4696808318588));
#7190=CARTESIAN_POINT('Ctrl Pts',(25.8681847352552,1.83872249440583,62.3891907596891));
#7191=CARTESIAN_POINT('Ctrl Pts',(25.8157115541776,1.94063117501861,62.2629822901333));
#7192=CARTESIAN_POINT('Ctrl Pts',(25.8026041152026,1.97267723489585,62.2205813549231));
#7193=CARTESIAN_POINT('Ctrl Pts',(25.7886682341673,2.01188290934755,62.1539028049256));
#7194=CARTESIAN_POINT('Ctrl Pts',(25.784997596615,2.0233665156253,62.1312157042299));
#7195=CARTESIAN_POINT('Ctrl Pts',(25.7797552905274,2.04066701244406,62.0833329964981));
#7196=CARTESIAN_POINT('Ctrl Pts',(25.7781468127431,2.04646132111799,62.0581405989595));
#7197=CARTESIAN_POINT('Ctrl Pts',(25.7781106750545,2.04658957123672,62.03));
#7198=CARTESIAN_POINT('',(27.1860276654491,0.75,62.2332697682174));
#7199=CARTESIAN_POINT('',(27.1860276654491,3.65,62.2332697682174));
#7200=CARTESIAN_POINT('Origin',(26.4968760962836,3.65,62.0290769734142));
#7201=CARTESIAN_POINT('',(27.1860276654491,3.05309411449005,62.2332697682174));
#7202=CARTESIAN_POINT('',(27.1860276654491,0.75,62.2332697682174));
#7203=CARTESIAN_POINT('',(25.7781106750545,2.9534104287633,62.03));
#7204=CARTESIAN_POINT('Ctrl Pts',(25.7781106750545,2.95341042876328,62.03));
#7205=CARTESIAN_POINT('Ctrl Pts',(25.7781468127431,2.95353867888201,62.0581405989596));
#7206=CARTESIAN_POINT('Ctrl Pts',(25.7797552905274,2.95933298755595,62.0833329964981));
#7207=CARTESIAN_POINT('Ctrl Pts',(25.784997596615,2.97663348437471,62.1312157042299));
#7208=CARTESIAN_POINT('Ctrl Pts',(25.7886682341673,2.98811709065245,62.1539028049256));
#7209=CARTESIAN_POINT('Ctrl Pts',(25.8026041152026,3.02732276510415,62.2205813549231));
#7210=CARTESIAN_POINT('Ctrl Pts',(25.8157115541776,3.05936882498139,62.2629822901333));
#7211=CARTESIAN_POINT('Ctrl Pts',(25.8681847352552,3.16127750559417,62.3891907596891));
#7212=CARTESIAN_POINT('Ctrl Pts',(25.9210644413509,3.23559618398078,62.4696808318588));
#7213=CARTESIAN_POINT('Ctrl Pts',(26.0464089909493,3.35254377185388,62.595161325513));
#7214=CARTESIAN_POINT('Ctrl Pts',(26.1224414474733,3.40501430875868,62.6500624462216));
#7215=CARTESIAN_POINT('Ctrl Pts',(26.2543935874708,3.46024718715445,62.7074034138478));
#7216=CARTESIAN_POINT('Ctrl Pts',(26.3013276874384,3.47489040008558,62.7224936370016));
#7217=CARTESIAN_POINT('Ctrl Pts',(26.3979712586092,3.49466017167735,62.742712413817));
#7218=CARTESIAN_POINT('Ctrl Pts',(26.4476799288032,3.49978858022407,62.7478429873108));
#7219=CARTESIAN_POINT('Ctrl Pts',(26.5458337452832,3.50019741453328,62.7478429873108));
#7220=CARTESIAN_POINT('Ctrl Pts',(26.595360656148,3.4955287499715,62.742761015562));
#7221=CARTESIAN_POINT('Ctrl Pts',(26.6917467735747,3.47673798220811,62.7226743679558));
#7222=CARTESIAN_POINT('Ctrl Pts',(26.7386052811593,3.46261409262341,62.7076680092611));
#7223=CARTESIAN_POINT('Ctrl Pts',(26.870460952734,3.40898701539074,62.6505555985093));
#7224=CARTESIAN_POINT('Ctrl Pts',(26.9466094831213,3.35765333474656,62.5957705106926));
#7225=CARTESIAN_POINT('Ctrl Pts',(27.0715431070843,3.24393454197569,62.4709689777879));
#7226=CARTESIAN_POINT('Ctrl Pts',(27.1244997066623,3.17192492737645,62.3911277606457));
#7227=CARTESIAN_POINT('Ctrl Pts',(27.1699540907486,3.08781008248384,62.2826044336962));
#7228=CARTESIAN_POINT('Ctrl Pts',(27.1786534770344,3.06978496073499,62.2581576861393));
#7229=CARTESIAN_POINT('Ctrl Pts',(27.1860276654491,3.05309411449005,62.2332697682174));
#7230=CARTESIAN_POINT('',(25.7781106750545,0.75,62.03));
#7231=CARTESIAN_POINT('Origin',(33.25,0.75,64.0300000000017));
#7232=CARTESIAN_POINT('',(31.4532676430051,1.92702700199201,57.9660282951424));
#7233=CARTESIAN_POINT('',(31.25,2.1384366584557,58.0300000000011));
#7234=CARTESIAN_POINT('Ctrl Pts',(31.4532676430051,1.92702700199201,57.9660282951424));
#7235=CARTESIAN_POINT('Ctrl Pts',(31.4173593438796,1.9496263999992,57.9766677911796));
#7236=CARTESIAN_POINT('Ctrl Pts',(31.3823551098595,1.97562843196049,57.9874160653659));
#7237=CARTESIAN_POINT('Ctrl Pts',(31.3196083362813,2.03258113867086,58.0071396776369));
#7238=CARTESIAN_POINT('Ctrl Pts',(31.2863708815567,2.07040657189912,58.0179470743451));
#7239=CARTESIAN_POINT('Ctrl Pts',(31.2581219378681,2.12129351590535,58.0272968232768));
#7240=CARTESIAN_POINT('Ctrl Pts',(31.2538580940037,2.12979113486732,58.0287139686666));
#7241=CARTESIAN_POINT('Ctrl Pts',(31.25,2.1384366584557,58.0300000000011));
#7242=CARTESIAN_POINT('',(31.4532676430051,0.75,57.9660282951424));
#7243=CARTESIAN_POINT('',(27.25,2.25,62.03));
#7244=CARTESIAN_POINT('Ctrl Pts',(27.25,2.25,62.03));
#7245=CARTESIAN_POINT('Ctrl Pts',(27.25,2.22696572704237,62.03));
#7246=CARTESIAN_POINT('Ctrl Pts',(27.248916371865,2.20374975687465,62.0332423234512));
#7247=CARTESIAN_POINT('Ctrl Pts',(27.244743874878,2.15848568599767,62.0458274062724));
#7248=CARTESIAN_POINT('Ctrl Pts',(27.2416560401473,2.13643748663517,62.0551701536562));
#7249=CARTESIAN_POINT('Ctrl Pts',(27.230247571167,2.07382158089248,62.0901079649555));
#7250=CARTESIAN_POINT('Ctrl Pts',(27.2197464083563,2.03674302373451,62.1228405388805));
#7251=CARTESIAN_POINT('Ctrl Pts',(27.2023562187283,1.98605087938965,62.178899644983));
#7252=CARTESIAN_POINT('Ctrl Pts',(27.1942731899776,1.96556892669836,62.2054410871276));
#7253=CARTESIAN_POINT('Ctrl Pts',(27.1860276654491,1.94690588550995,62.2332697682174));
#7254=CARTESIAN_POINT('',(27.25,2.75,62.03));
#7255=CARTESIAN_POINT('',(27.25,2.25,62.03));
#7256=CARTESIAN_POINT('Ctrl Pts',(27.1860276654491,3.05309411449005,62.2332697682174));
#7257=CARTESIAN_POINT('Ctrl Pts',(27.1942731899776,3.03443107330164,62.2054410871276));
#7258=CARTESIAN_POINT('Ctrl Pts',(27.2023562187283,3.01394912061035,62.178899644983));
#7259=CARTESIAN_POINT('Ctrl Pts',(27.2197464083563,2.96325697626549,62.1228405388805));
#7260=CARTESIAN_POINT('Ctrl Pts',(27.230247571167,2.92617841910752,62.0901079649555));
#7261=CARTESIAN_POINT('Ctrl Pts',(27.2416560401473,2.86356251336483,62.0551701536562));
#7262=CARTESIAN_POINT('Ctrl Pts',(27.244743874878,2.84151431400234,62.0458274062724));
#7263=CARTESIAN_POINT('Ctrl Pts',(27.248916371865,2.79625024312535,62.0332423234512));
#7264=CARTESIAN_POINT('Ctrl Pts',(27.25,2.77303427295763,62.03));
#7265=CARTESIAN_POINT('Ctrl Pts',(27.25,2.75,62.03));
#7266=CARTESIAN_POINT('',(31.4532676430051,3.65,57.9660282951424));
#7267=CARTESIAN_POINT('Origin',(33.25,3.65,64.0300000000017));
#7268=CARTESIAN_POINT('',(31.4532676430051,3.07297299800799,57.9660282951424));
#7269=CARTESIAN_POINT('',(31.4532676430051,0.75,57.9660282951424));
#7270=CARTESIAN_POINT('',(31.25,2.8615633415443,58.0300000000011));
#7271=CARTESIAN_POINT('Ctrl Pts',(31.25,2.8615633415443,58.0300000000011));
#7272=CARTESIAN_POINT('Ctrl Pts',(31.2538580940037,2.87020886513269,58.0287139686666));
#7273=CARTESIAN_POINT('Ctrl Pts',(31.2581219378681,2.87870648409465,58.0272968232768));
#7274=CARTESIAN_POINT('Ctrl Pts',(31.2863708815567,2.92959342810088,58.0179470743451));
#7275=CARTESIAN_POINT('Ctrl Pts',(31.3196083362813,2.96741886132914,58.0071396776369));
#7276=CARTESIAN_POINT('Ctrl Pts',(31.3823551098595,3.02437156803951,57.9874160653659));
#7277=CARTESIAN_POINT('Ctrl Pts',(31.4173593438796,3.0503736000008,57.9766677911796));
#7278=CARTESIAN_POINT('Ctrl Pts',(31.4532676430051,3.07297299800799,57.9660282951424));
#7279=CARTESIAN_POINT('',(31.25,0.75,58.0300000000011));
#7280=CARTESIAN_POINT('Origin',(31.2490746066783,0.75,57.2768767975394));
#7281=CARTESIAN_POINT('',(31.25,2.01800172724936,56.5581113793535));
#7282=CARTESIAN_POINT('Ctrl Pts',(31.25,2.01800172724936,56.5581113793535));
#7283=CARTESIAN_POINT('Ctrl Pts',(31.2775488903046,2.01789136291677,56.5581468478923));
#7284=CARTESIAN_POINT('Ctrl Pts',(31.3028282793267,2.01294667029672,56.5597126963178));
#7285=CARTESIAN_POINT('Ctrl Pts',(31.3511970671832,1.99746879971673,56.5649849258923));
#7286=CARTESIAN_POINT('Ctrl Pts',(31.3742761804796,1.98693362600926,56.5687245627439));
#7287=CARTESIAN_POINT('Ctrl Pts',(31.4419042177898,1.95046987450511,56.5829286836006));
#7288=CARTESIAN_POINT('Ctrl Pts',(31.4847578879931,1.92001785267539,56.5963165039957));
#7289=CARTESIAN_POINT('Ctrl Pts',(31.6111630606731,1.82267926268928,56.6492857443554));
#7290=CARTESIAN_POINT('Ctrl Pts',(31.6907181848851,1.75096014699765,56.7021009257645));
#7291=CARTESIAN_POINT('Ctrl Pts',(31.8153772305157,1.63711015572769,56.8266301986333));
#7292=CARTESIAN_POINT('Ctrl Pts',(31.8702709267006,1.58537912581646,56.9027963430548));
#7293=CARTESIAN_POINT('Ctrl Pts',(31.927529904874,1.53092669447474,57.0347567191171));
#7294=CARTESIAN_POINT('Ctrl Pts',(31.9425806902063,1.51649012818202,57.081662424936));
#7295=CARTESIAN_POINT('Ctrl Pts',(31.9627351360651,1.49700580558704,57.178185639261));
#7296=CARTESIAN_POINT('Ctrl Pts',(31.9678406205749,1.49195638168073,57.2278024302696));
#7297=CARTESIAN_POINT('Ctrl Pts',(31.9678406205749,1.49155305176075,57.3257221788262));
#7298=CARTESIAN_POINT('Ctrl Pts',(31.9627816963412,1.49615047810833,57.3751646184258));
#7299=CARTESIAN_POINT('Ctrl Pts',(31.9427537101082,1.51467437675737,57.4714412270633));
#7300=CARTESIAN_POINT('Ctrl Pts',(31.9277831433338,1.5286024596514,57.5182747731733));
#7301=CARTESIAN_POINT('Ctrl Pts',(31.8707426966579,1.581485439081,57.6501434380478));
#7302=CARTESIAN_POINT('Ctrl Pts',(31.8159592655058,1.63210861177753,57.726421158359));
#7303=CARTESIAN_POINT('Ctrl Pts',(31.6917759003707,1.74304208019932,57.8507310721792));
#7304=CARTESIAN_POINT('Ctrl Pts',(31.6126337456993,1.81275836156824,57.9036641957301));
#7305=CARTESIAN_POINT('Ctrl Pts',(31.5035986046726,1.89359118633029,57.9495945780427));
#7306=CARTESIAN_POINT('Ctrl Pts',(31.478697485424,1.91102236952316,57.9584935270183));
#7307=CARTESIAN_POINT('Ctrl Pts',(31.4532676430051,1.92702700199201,57.9660282951424));
#7308=CARTESIAN_POINT('',(31.25,2.98199827275064,56.5581113793535));
#7309=CARTESIAN_POINT('',(31.25,0.75,56.5581113793535));
#7310=CARTESIAN_POINT('Ctrl Pts',(31.4532676430051,3.07297299800799,57.9660282951424));
#7311=CARTESIAN_POINT('Ctrl Pts',(31.478697485424,3.08897763047684,57.9584935270183));
#7312=CARTESIAN_POINT('Ctrl Pts',(31.5035986046726,3.10640881366971,57.9495945780427));
#7313=CARTESIAN_POINT('Ctrl Pts',(31.6126337456993,3.18724163843176,57.9036641957301));
#7314=CARTESIAN_POINT('Ctrl Pts',(31.6917759003707,3.25695791980068,57.8507310721792));
#7315=CARTESIAN_POINT('Ctrl Pts',(31.8159592655058,3.36789138822247,57.726421158359));
#7316=CARTESIAN_POINT('Ctrl Pts',(31.8707426966579,3.418514560919,57.6501434380478));
#7317=CARTESIAN_POINT('Ctrl Pts',(31.9277831433338,3.47139754034861,57.5182747731733));
#7318=CARTESIAN_POINT('Ctrl Pts',(31.9427537101082,3.48532562324263,57.4714412270633));
#7319=CARTESIAN_POINT('Ctrl Pts',(31.9627816963412,3.50384952189167,57.3751646184258));
#7320=CARTESIAN_POINT('Ctrl Pts',(31.9678406205749,3.50844694823925,57.3257221788262));
#7321=CARTESIAN_POINT('Ctrl Pts',(31.9678406205749,3.50804361831927,57.2278024302696));
#7322=CARTESIAN_POINT('Ctrl Pts',(31.9627351360651,3.50299419441296,57.178185639261));
#7323=CARTESIAN_POINT('Ctrl Pts',(31.9425806902063,3.48350987181798,57.081662424936));
#7324=CARTESIAN_POINT('Ctrl Pts',(31.927529904874,3.46907330552526,57.0347567191171));
#7325=CARTESIAN_POINT('Ctrl Pts',(31.8702709267006,3.41462087418354,56.9027963430548));
#7326=CARTESIAN_POINT('Ctrl Pts',(31.8153772305157,3.36288984427231,56.8266301986333));
#7327=CARTESIAN_POINT('Ctrl Pts',(31.6907181848851,3.24903985300235,56.7021009257645));
#7328=CARTESIAN_POINT('Ctrl Pts',(31.6111630606731,3.17732073731072,56.6492857443554));
#7329=CARTESIAN_POINT('Ctrl Pts',(31.4847578879931,3.07998214732461,56.5963165039957));
#7330=CARTESIAN_POINT('Ctrl Pts',(31.4419042177899,3.04953012549489,56.5829286836006));
#7331=CARTESIAN_POINT('Ctrl Pts',(31.3742761804797,3.01306637399074,56.5687245627439));
#7332=CARTESIAN_POINT('Ctrl Pts',(31.3511970671832,3.00253120028327,56.5649849258923));
#7333=CARTESIAN_POINT('Ctrl Pts',(31.3028282793267,2.98705332970328,56.5597126963178));
#7334=CARTESIAN_POINT('Ctrl Pts',(31.2775488903046,2.98210863708323,56.5581468478923));
#7335=CARTESIAN_POINT('Ctrl Pts',(31.25,2.98199827275064,56.5581113793535));
#7336=CARTESIAN_POINT('Origin',(31.2490746066783,3.65,57.2768767975394));
#7337=CARTESIAN_POINT('Origin',(28.872975351481,3.65,59.6529768854768));
#7338=CARTESIAN_POINT('Origin',(31.25,2.5,57.28));
#7339=CARTESIAN_POINT('',(31.25,2.25,56.521747812942));
#7340=CARTESIAN_POINT('Origin',(31.25,2.25,57.28));
#7341=CARTESIAN_POINT('',(31.25,2.75,56.521747812942));
#7342=CARTESIAN_POINT('',(31.25,2.25,56.521747812942));
#7343=CARTESIAN_POINT('Origin',(31.25,2.75,57.28));
#7344=CARTESIAN_POINT('Origin',(31.25,2.5,57.28));
#7345=CARTESIAN_POINT('',(31.25,2.75,58.038252187058));
#7346=CARTESIAN_POINT('Origin',(31.25,2.75,57.28));
#7347=CARTESIAN_POINT('',(31.25,2.25,58.038252187058));
#7348=CARTESIAN_POINT('',(31.25,2.75,58.038252187058));
#7349=CARTESIAN_POINT('Origin',(31.25,2.25,57.28));
#7350=CARTESIAN_POINT('Origin',(33.25,2.75,57.28));
#7351=CARTESIAN_POINT('',(33.25,2.75,56.521747812942));
#7352=CARTESIAN_POINT('',(33.25,2.75,56.521747812942));
#7353=CARTESIAN_POINT('',(33.25,2.75,58.038252187058));
#7354=CARTESIAN_POINT('Origin',(33.25,2.75,57.28));
#7355=CARTESIAN_POINT('',(33.25,2.75,58.038252187058));
#7356=CARTESIAN_POINT('Origin',(26.5,2.5,62.03));
#7357=CARTESIAN_POINT('',(25.75,2.75,62.03));
#7358=CARTESIAN_POINT('Origin',(26.5,2.75,62.03));
#7359=CARTESIAN_POINT('',(25.75,2.25,62.03));
#7360=CARTESIAN_POINT('',(25.75,2.75,62.03));
#7361=CARTESIAN_POINT('Origin',(26.5,2.25,62.03));
#7362=CARTESIAN_POINT('Origin',(26.5,2.75,64.03));
#7363=CARTESIAN_POINT('',(27.25,2.75,64.03));
#7364=CARTESIAN_POINT('',(27.25,2.75,64.03));
#7365=CARTESIAN_POINT('',(25.75,2.75,64.03));
#7366=CARTESIAN_POINT('Origin',(26.5,2.75,64.0300000000017));
#7367=CARTESIAN_POINT('',(25.75,2.75,64.03));
#7368=CARTESIAN_POINT('Origin',(-26.0143122494645,0.649999999999999,28.0677582855101));
#7369=CARTESIAN_POINT('',(-26.0143122494645,1.85,26.2927582855102));
#7370=CARTESIAN_POINT('Origin',(-26.0143122494645,1.85,28.0677582855101));
#7371=CARTESIAN_POINT('',(-26.0143122494645,0.649999999999999,26.2927582855102));
#7372=CARTESIAN_POINT('Origin',(-27.9018122494645,1.85,27.7677582855101));
#7373=CARTESIAN_POINT('',(-29.7893122494645,1.85,25.6927582855102));
#7374=CARTESIAN_POINT('',(-29.7893122494645,1.85,40.1339331428602));
#7375=CARTESIAN_POINT('',(-29.1893122494645,1.85,26.2927582855102));
#7376=CARTESIAN_POINT('Origin',(-29.1893122494645,1.85,25.6927582855102));
#7377=CARTESIAN_POINT('',(-1.64556224946451,1.85,26.2927582855102));
#7378=CARTESIAN_POINT('Origin',(-29.7893122494645,3.5,29.8427582855101));
#7379=CARTESIAN_POINT('',(17.9965103869425,2.5,29.8427582855101));
#7380=CARTESIAN_POINT('Origin',(-29.1893122494645,4.35,25.6927582855102));
#7381=CARTESIAN_POINT('',(-29.7893122494645,3.5,25.6927582855102));
#7382=CARTESIAN_POINT('',(-29.7893122494645,4.35,25.6927582855102));
#7383=CARTESIAN_POINT('',(-29.1893122494645,3.5,26.2927582855102));
#7384=CARTESIAN_POINT('Origin',(-29.1893122494645,3.5,25.6927582855102));
#7385=CARTESIAN_POINT('',(-29.1893122494645,4.35,26.2927582855102));
#7386=CARTESIAN_POINT('Origin',(22.00000355778,2.5,34.0000818703501));
#7387=CARTESIAN_POINT('',(22.962706123185,1.12,34.0000818703501));
#7388=CARTESIAN_POINT('Origin',(22.00000355778,1.12,34.0000818703501));
#7389=CARTESIAN_POINT('',(22.962706123185,2.5,34.0000818703501));
#7390=CARTESIAN_POINT('Origin',(22.00000355778,1.12,34.0000818703501));
#7391=CARTESIAN_POINT('Origin',(15.00003000006,2.5,54.0001080002102));
#7392=CARTESIAN_POINT('',(15.962732565465,1.12,54.0001080002102));
#7393=CARTESIAN_POINT('Origin',(15.00003000006,1.12,54.0001080002102));
#7394=CARTESIAN_POINT('',(15.962732565465,2.5,54.0001080002102));
#7395=CARTESIAN_POINT('Origin',(15.00003000006,1.12,54.0001080002102));
#7396=CARTESIAN_POINT('Origin',(-15.00003000006,2.5,54.0001080002102));
#7397=CARTESIAN_POINT('',(-14.037327434655,1.12,54.0001080002102));
#7398=CARTESIAN_POINT('Origin',(-15.00003000006,1.12,54.0001080002102));
#7399=CARTESIAN_POINT('',(-14.037327434655,1.82,54.0001080002102));
#7400=CARTESIAN_POINT('',(-14.037327434655,2.5,54.0001080002102));
#7401=CARTESIAN_POINT('Origin',(-15.00003000006,1.82,54.0001080002102));
#7402=CARTESIAN_POINT('Origin',(-15.00003000006,1.12,54.0001080002102));
#7403=CARTESIAN_POINT('Origin',(-6.71908228610594,0.75,62.81742443484));
#7404=CARTESIAN_POINT('',(-5.2,2.55,62.81742443484));
#7405=CARTESIAN_POINT('',(-6.71908228610594,0.75,62.81742443484));
#7406=CARTESIAN_POINT('Origin',(-18.7369125000113,0.75,29.54275828551));
#7407=CARTESIAN_POINT('',(-18.7369125000113,0.75,29.54275828551));
#7408=CARTESIAN_POINT('Origin',(-7.91539284141033,0.75,61.6211138795356));
#7409=CARTESIAN_POINT('',(-7.91539284141033,0.75,61.6211138795356));
#7410=CARTESIAN_POINT('Origin',(-24.73734823469,0.75,61.6173548646757));
#7411=CARTESIAN_POINT('',(-13.05,2.5000000372529,61.6199665061086));
#7412=CARTESIAN_POINT('Origin',(-12.4,2.5000000372529,61.6201117543632));
#7413=CARTESIAN_POINT('Origin',(26.0001818327538,0.75,29.54275828551));
#7414=CARTESIAN_POINT('Origin',(30.837360934722,0.75,-10.6810193140971));
#7415=CARTESIAN_POINT('Origin',(30.0423478568726,0.75,33.1140801239213));
#7416=CARTESIAN_POINT('',(30.0423478568726,0.75,33.1140801239213));
#7417=CARTESIAN_POINT('Origin',(30.0372467367142,0.75,36.8765562783809));
#7418=CARTESIAN_POINT('',(30.0372467367142,0.75,36.8765562783809));
#7419=CARTESIAN_POINT('Origin',(30.8373609347184,0.75,37.6819298965198));
#7420=CARTESIAN_POINT('',(30.8373609347184,0.75,37.6819298965198));
#7421=CARTESIAN_POINT('Origin',(30.8373609347223,0.75,56.6523870567319));
#7422=CARTESIAN_POINT('Origin',(6.71982688622869,0.75,62.8174244348435));
#7423=CARTESIAN_POINT('',(6.71982688622869,0.75,62.8174244348435));
#7424=CARTESIAN_POINT('Origin',(4.695453390907,0.75,62.81742443484));
#7425=CARTESIAN_POINT('',(5.2,2.55,62.8174244348409));
#7426=CARTESIAN_POINT('Origin',(3.05000635001639,1.82,15.6800304800583));
#7427=CARTESIAN_POINT('',(-15.00003000006,1.82,55.5001080002102));
#7428=CARTESIAN_POINT('',(-6.5749966439427,1.82,55.5001080002102));
#7429=CARTESIAN_POINT('',(-15.00003000006,1.82,52.5001080002102));
#7430=CARTESIAN_POINT('',(1.33459311326384,1.82,52.5001080002102));
#7431=CARTESIAN_POINT('Origin',(-15.00003000006,1.82,54.0001080002102));
#7432=CARTESIAN_POINT('Origin',(24.7840952639213,4.35,59.2300000000338));
#7433=CARTESIAN_POINT('Origin',(24.7840952639213,4.35,59.2300000000338));
#7434=CARTESIAN_POINT('Origin',(-5.2,4.35,62.8296017620667));
#7435=CARTESIAN_POINT('',(-5.2,4.35,60.7299999999718));
#7436=CARTESIAN_POINT('',(-5.2,4.35,60.7299999999718));
#7437=CARTESIAN_POINT('',(-5.2,4.35,62.8296017620667));
#7438=CARTESIAN_POINT('',(-5.2,4.35,34.4298008810338));
#7439=CARTESIAN_POINT('',(-5.2,4.35,62.8296017620667));
#7440=CARTESIAN_POINT('Origin',(8.92332210898578,4.35,60.7300000000554));
#7441=CARTESIAN_POINT('',(-9.07667789101979,4.35,60.7299999999489));
#7442=CARTESIAN_POINT('',(-9.07667789101979,4.35,60.7299999999489));
#7443=CARTESIAN_POINT('',(4.46166105433105,4.35,60.730000000029));
#7444=CARTESIAN_POINT('Origin',(-9.07667789100925,4.35,59.2299999999468));
#7445=CARTESIAN_POINT('',(-10.5766778910114,4.35,59.2299999999362));
#7446=CARTESIAN_POINT('',(-10.5766778910114,4.35,59.2299999999468));
#7447=CARTESIAN_POINT('Origin',(-9.07667789100925,4.35,59.2299999999468));
#7448=CARTESIAN_POINT('Origin',(-10.5766778910114,4.35,59.2299999999362));
#7449=CARTESIAN_POINT('',(-10.5766778910114,4.35,57.0800000111758));
#7450=CARTESIAN_POINT('',(-10.5766778910114,4.35,57.0800000111758));
#7451=CARTESIAN_POINT('',(-10.5766778910114,4.35,32.6299999999685));
#7452=CARTESIAN_POINT('Origin',(-10.5766778910114,4.35,57.0800000111758));
#7453=CARTESIAN_POINT('',(-5.28833894550568,4.35,57.0800000111758));
#7454=CARTESIAN_POINT('Origin',(-16.1999996379018,3.5,55.5001080002102));
#7455=CARTESIAN_POINT('',(-15.00003000006,2.72,55.5001080002102));
#7456=CARTESIAN_POINT('',(-15.00003000006,3.5,55.5001080002102));
#7457=CARTESIAN_POINT('',(-8.1424998189509,2.72,55.5001080002102));
#7458=CARTESIAN_POINT('Origin',(5.19999988377094,4.35,62.8296017620667));
#7459=CARTESIAN_POINT('',(5.19999988377094,4.35,62.8296017620667));
#7460=CARTESIAN_POINT('',(2.59999994188548,4.35,62.8296017620667));
#7461=CARTESIAN_POINT('',(5.19999988377094,4.35,62.8296017620667));
#7462=CARTESIAN_POINT('',(-3.22000000000004,0.870025432502025,62.8296017620667));
#7463=CARTESIAN_POINT('',(-4.519999999999,2.17002543250218,62.8296017620667));
#7464=CARTESIAN_POINT('Origin',(-3.219999999999,2.17002543250202,62.8296017620667));
#7465=CARTESIAN_POINT('',(3.21999999999998,0.870025432502024,62.8296017620667));
#7466=CARTESIAN_POINT('',(4.20999994188546,0.870025432502024,62.8296017620667));
#7467=CARTESIAN_POINT('',(4.519999999999,2.17002543250202,62.8296017620667));
#7468=CARTESIAN_POINT('Origin',(3.219999999999,2.17002543250203,62.8296017620667));
#7469=CARTESIAN_POINT('',(4.519999999999,2.83002543250087,62.8296017620667));
#7470=CARTESIAN_POINT('',(4.519999999999,3.59001271625044,62.8296017620667));
#7471=CARTESIAN_POINT('',(3.219999999999,4.13002543250103,62.8296017620667));
#7472=CARTESIAN_POINT('Origin',(3.219999999999,2.83002543250103,62.8296017620667));
#7473=CARTESIAN_POINT('',(-3.219999999999,4.13002543250103,62.8296017620667));
#7474=CARTESIAN_POINT('',(0.989999941885971,4.13002543250103,62.8296017620667));
#7475=CARTESIAN_POINT('',(-4.519999999999,2.83002543250102,62.8296017620667));
#7476=CARTESIAN_POINT('Origin',(-3.219999999999,2.83002543250103,62.8296017620667));
#7477=CARTESIAN_POINT('',(-4.519999999999,3.26001271625108,62.8296017620667));
#7478=CARTESIAN_POINT('Origin',(-15.00003000006,3.5,54.0001080002102));
#7479=CARTESIAN_POINT('',(-15.00003000006,2.72,52.5001080002102));
#7480=CARTESIAN_POINT('',(-15.00003000006,3.5,52.5001080002102));
#7481=CARTESIAN_POINT('Origin',(-15.00003000006,2.72,54.0001080002102));
#7482=CARTESIAN_POINT('Origin',(15.00003000006,3.5,54.0001080002102));
#7483=CARTESIAN_POINT('',(15.00003000006,2.72,55.5001080002102));
#7484=CARTESIAN_POINT('',(15.00003000006,3.5,55.5001080002102));
#7485=CARTESIAN_POINT('Origin',(15.00003000006,2.72,54.0001080002102));
#7486=CARTESIAN_POINT('Origin',(-0.380820123488705,3.5,52.5001080002102));
#7487=CARTESIAN_POINT('',(-18.43733553467,3.5,52.5001080002102));
#7488=CARTESIAN_POINT('',(-9.218667767335,3.5,52.5001080002102));
#7489=CARTESIAN_POINT('',(-18.43733553467,3.5,52.5001080002102));
#7490=CARTESIAN_POINT('',(-16.235,2.72,52.5001080002102));
#7491=CARTESIAN_POINT('',(-16.235,3.5,52.5001080002102));
#7492=CARTESIAN_POINT('',(-0.232910061744356,2.72,52.5001080002102));
#7493=CARTESIAN_POINT('Origin',(-0.0850000000000062,2.72,54.0001080002102));
#7494=CARTESIAN_POINT('',(-16.235,2.72,55.5001080002102));
#7495=CARTESIAN_POINT('',(-16.235,2.72,56.194));
#7496=CARTESIAN_POINT('',(32.25,2.72,55.5001080002102));
#7497=CARTESIAN_POINT('Origin',(16.065,3.5,55.5001080002102));
#7498=CARTESIAN_POINT('',(-16.235,3.5,55.5001080002102));
#7499=CARTESIAN_POINT('',(-16.235,3.5,55.5001080002102));
#7500=CARTESIAN_POINT('',(8.0325,3.5,55.5001080002102));
#7501=CARTESIAN_POINT('Origin',(16.065,3.5,52.5001080002102));
#7502=CARTESIAN_POINT('',(16.065,3.5,55.5001080002102));
#7503=CARTESIAN_POINT('',(16.065,3.5,28.0145540001051));
#7504=CARTESIAN_POINT('',(16.065,2.72,55.5001080002102));
#7505=CARTESIAN_POINT('',(16.065,2.72,47.2866834089516));
#7506=CARTESIAN_POINT('',(16.065,3.5,55.5001080002102));
#7507=CARTESIAN_POINT('Origin',(-0.0850000000000062,2.72,54.0001080002102));
#7508=CARTESIAN_POINT('',(-8.1424998189509,2.72,55.5001080002102));
#7509=CARTESIAN_POINT('Origin',(-14.5914987274031,3.5,44.9589219346029));
#7510=CARTESIAN_POINT('',(-11.640601981204,3.5,43.8828223351065));
#7511=CARTESIAN_POINT('',(-11.640601981204,3.5,43.8828223351065));
#7512=CARTESIAN_POINT('',(-14.5914987274031,3.5,44.9589219346029));
#7513=CARTESIAN_POINT('',(-1.48464405518152,3.5,40.1792626389662));
#7514=CARTESIAN_POINT('',(-14.5914987274031,3.5,44.9589219346029));
#7515=CARTESIAN_POINT('Origin',(-13.735,3.5,47.3076258175896));
#7516=CARTESIAN_POINT('',(-16.235,3.5,47.3076258175896));
#7517=CARTESIAN_POINT('Origin',(-13.735,3.5,47.3076258175896));
#7518=CARTESIAN_POINT('',(-16.235,3.5,47.3076258175896));
#7519=CARTESIAN_POINT('Origin',(-16.235,3.5,52.5001080002102));
#7520=CARTESIAN_POINT('',(-16.235,3.5,28.0145540001051));
#7521=CARTESIAN_POINT('Origin',(-6.83499999999999,3.5,41.0807475661776));
#7522=CARTESIAN_POINT('',(-6.83499999999999,3.5,37.0241796741682));
#7523=CARTESIAN_POINT('',(-6.83499999999999,3.5,37.0241796741682));
#7524=CARTESIAN_POINT('',(-6.83499999999999,3.5,41.0807475661776));
#7525=CARTESIAN_POINT('',(-6.83499999999998,3.5,22.3048737830888));
#7526=CARTESIAN_POINT('',(-6.83499999999999,3.5,41.0807475661776));
#7527=CARTESIAN_POINT('Origin',(-8.335,3.5,41.0807475661776));
#7528=CARTESIAN_POINT('',(-7.44411302815389,3.5,42.2875285750582));
#7529=CARTESIAN_POINT('',(-7.44411302815389,3.5,42.2875285750582));
#7530=CARTESIAN_POINT('Origin',(-8.335,3.5,41.0807475661776));
#7531=CARTESIAN_POINT('Origin',(-11.640601981204,3.5,48.2875285750572));
#7532=CARTESIAN_POINT('',(-11.640601981204,3.5,42.2875285750582));
#7533=CARTESIAN_POINT('',(-11.640601981204,3.5,42.2875285750582));
#7534=CARTESIAN_POINT('',(-11.640601981204,3.5,25.9082642875286));
#7535=CARTESIAN_POINT('Origin',(-11.640601981204,3.5,42.2875285750582));
#7536=CARTESIAN_POINT('',(-5.820300990602,3.5,42.2875285750582));
#7537=CARTESIAN_POINT('Origin',(0.,3.5,3.52899999999999));
#7538=CARTESIAN_POINT('',(30.5373609346773,3.5,32.4999992735684));
#7539=CARTESIAN_POINT('',(14.7300178860887,3.5,32.4999992735684));
#7540=CARTESIAN_POINT('',(30.537360934722,3.5,20.7645540001051));
#7541=CARTESIAN_POINT('',(-8.09999981895089,3.5,55.5001080002102));
#7542=CARTESIAN_POINT('',(30.3657611844575,3.5,56.294));
#7543=CARTESIAN_POINT('',(-30.3657611844575,3.5,56.294));
#7544=CARTESIAN_POINT('',(31.2850000096858,3.5,55.3747611941432));
#7545=CARTESIAN_POINT('Origin',(30.8253805922288,3.5,55.8343805922287));
#7546=CARTESIAN_POINT('',(31.285,3.5,55.3747611844575));
#7547=CARTESIAN_POINT('',(31.285,3.5,55.3747611844575));
#7548=CARTESIAN_POINT('',(31.285,3.5,-48.3167611844575));
#7549=CARTESIAN_POINT('',(31.285,3.5,55.3747611844575));
#7550=CARTESIAN_POINT('',(30.3657611941432,3.5,-49.2360000096858));
#7551=CARTESIAN_POINT('Origin',(30.8253805922288,3.5,-48.7763805922287));
#7552=CARTESIAN_POINT('',(-30.3657611844575,3.5,-49.236));
#7553=CARTESIAN_POINT('',(30.3657611844575,3.5,-49.236));
#7554=CARTESIAN_POINT('',(-31.2850000096858,3.5,-48.3167611941432));
#7555=CARTESIAN_POINT('Origin',(-30.8253805922288,3.5,-48.7763805922287));
#7556=CARTESIAN_POINT('',(-31.285,3.5,55.3747611844575));
#7557=CARTESIAN_POINT('',(-31.285,3.5,-48.3167611844575));
#7558=CARTESIAN_POINT('',(-30.3657611941432,3.5,56.2940000096857));
#7559=CARTESIAN_POINT('Origin',(-30.8253805922288,3.5,55.8343805922287));
#7560=CARTESIAN_POINT('',(-30.3657611844575,3.5,56.294));
#7561=CARTESIAN_POINT('',(-9.35712306642326,3.5,37.0241796741682));
#7562=CARTESIAN_POINT('',(3.64999991841614,3.5,37.0241796741682));
#7563=CARTESIAN_POINT('',(-9.35712306642326,3.5,32.0241796741682));
#7564=CARTESIAN_POINT('',(-9.35712306642326,3.5,20.2765898370841));
#7565=CARTESIAN_POINT('',(-4.67856153321163,3.5,32.0241796741682));
#7566=CARTESIAN_POINT('',(-18.43733553467,3.5,21.1858880327751));
#7567=CARTESIAN_POINT('',(-29.7893122494645,3.5,28.0145540001051));
#7568=CARTESIAN_POINT('',(24.6106877505355,3.5,26.2927582855102));
#7569=CARTESIAN_POINT('',(12.3053438752677,3.5,26.2927582855102));
#7570=CARTESIAN_POINT('',(-29.7893122494645,3.5,-46.1072417144898));
#7571=CARTESIAN_POINT('',(-29.7893122494645,3.5,14.6108791427551));
#7572=CARTESIAN_POINT('',(-29.1893122494645,3.5,-46.7072417144898));
#7573=CARTESIAN_POINT('Origin',(-29.1893122494645,3.5,-46.1072417144899));
#7574=CARTESIAN_POINT('',(24.6106877505355,3.5,-46.7072417144898));
#7575=CARTESIAN_POINT('',(-14.5946561247323,3.5,-46.7072417144898));
#7576=CARTESIAN_POINT('',(25.2106877505355,3.5,-46.1072417144899));
#7577=CARTESIAN_POINT('Origin',(24.6106877505355,3.5,-46.1072417144899));
#7578=CARTESIAN_POINT('',(25.2106877505355,3.5,25.6927582855102));
#7579=CARTESIAN_POINT('',(25.2106877505355,3.5,-21.2891208572449));
#7580=CARTESIAN_POINT('Origin',(24.6106877505355,3.5,25.6927582855102));
#7581=CARTESIAN_POINT('Origin',(17.9965103869425,2.5,29.8427582855101));
#7582=CARTESIAN_POINT('Origin',(27.1999993920326,3.5,32.4999992735684));
#7583=CARTESIAN_POINT('',(30.5373609346773,3.5,32.4999992735684));
#7584=CARTESIAN_POINT('Origin',(-16.1999996379018,3.5,55.5001080002102));
#7585=CARTESIAN_POINT('Origin',(30.537360934722,3.5,38.0001080002102));
#7586=CARTESIAN_POINT('',(30.5373609346773,2.49999994970858,35.6499991059303));
#7587=CARTESIAN_POINT('Origin',(30.5373609346773,2.49999994970858,34.9999991059303));
#7588=CARTESIAN_POINT('',(30.537360934722,3.12008695351102,40.62699212891));
#7589=CARTESIAN_POINT('',(30.537360934722,3.12008695351101,51.21715215001));
#7590=CARTESIAN_POINT('',(30.537360934722,3.12008695351101,44.6086300751101));
#7591=CARTESIAN_POINT('',(30.537360934722,1.82008700121102,51.21715215001));
#7592=CARTESIAN_POINT('Origin',(30.537360934722,2.47008697736102,51.21715215001));
#7593=CARTESIAN_POINT('',(30.537360934722,1.82008700121102,40.62699212891));
#7594=CARTESIAN_POINT('',(30.537360934722,1.82008700121102,39.3135500645601));
#7595=CARTESIAN_POINT('Origin',(30.537360934722,2.47008697736102,40.62699212891));
#7596=CARTESIAN_POINT('Origin',(-9.35712306642326,3.5,32.0241796741682));
#7597=CARTESIAN_POINT('',(-9.35712306642326,3.5,32.0241796741682));
#7598=CARTESIAN_POINT('Origin',(-9.35712306642326,3.5,37.0241796741682));
#7599=CARTESIAN_POINT('',(-9.35712306642326,3.5,37.0241796741682));
#7600=CARTESIAN_POINT('Origin',(7.29999983683228,3.5,37.0241796741682));
#7601=CARTESIAN_POINT('Origin',(-29.7893122494645,3.5,52.5001080002102));
#7602=CARTESIAN_POINT('',(-29.7893122494645,4.35,-46.1072417144898));
#7603=CARTESIAN_POINT('Origin',(-18.43733553467,3.5,38.8427760655502));
#7604=CARTESIAN_POINT('Origin',(30.3657611844575,4.35,56.294));
#7605=CARTESIAN_POINT('',(-30.3657611941432,4.35,56.2940000096857));
#7606=CARTESIAN_POINT('',(-30.3657611941432,4.35,56.2940000096857));
#7607=CARTESIAN_POINT('',(15.1828805922288,4.35,56.294));
#7608=CARTESIAN_POINT('Origin',(30.3657611844575,4.35,56.294));
#7609=CARTESIAN_POINT('',(30.3657611844575,4.35,56.294));
#7610=CARTESIAN_POINT('',(15.1828805922288,4.35,56.294));
#7611=CARTESIAN_POINT('',(30.3657611844575,4.35,56.294));
#7612=CARTESIAN_POINT('Origin',(-29.1893122494645,4.35,-46.7072417144898));
#7613=CARTESIAN_POINT('',(24.6106877505355,4.35,-46.7072417144898));
#7614=CARTESIAN_POINT('',(-29.1893122494645,4.35,-46.7072417144898));
#7615=CARTESIAN_POINT('Origin',(-29.1893122494645,4.35,-46.1072417144899));
#7616=CARTESIAN_POINT('Origin',(24.6106877505355,4.35,26.2927582855102));
#7617=CARTESIAN_POINT('',(24.6106877505355,4.35,26.2927582855102));
#7618=CARTESIAN_POINT('Origin',(24.6106877505355,4.35,25.6927582855102));
#7619=CARTESIAN_POINT('',(25.2106877505355,4.35,25.6927582855102));
#7620=CARTESIAN_POINT('Origin',(25.2106877505355,4.35,-46.1072417144899));
#7621=CARTESIAN_POINT('',(25.2106877505355,4.35,-46.1072417144899));
#7622=CARTESIAN_POINT('Origin',(24.6106877505355,4.35,-46.1072417144899));
#7623=CARTESIAN_POINT('Origin',(18.7,4.35,57.0800000111758));
#7624=CARTESIAN_POINT('',(10.4233221090083,4.35,57.0800000111752));
#7625=CARTESIAN_POINT('',(10.4233221090083,4.35,57.0800000111752));
#7626=CARTESIAN_POINT('',(9.35000000000001,4.35,57.0800000111758));
#7627=CARTESIAN_POINT('Origin',(5.2,4.35,60.7300000000334));
#7628=CARTESIAN_POINT('',(5.2,4.35,60.7300000000334));
#7629=CARTESIAN_POINT('',(5.2,4.35,33.3800000000171));
#7630=CARTESIAN_POINT('',(5.2,4.35,60.7300000000334));
#7631=CARTESIAN_POINT('Origin',(10.4233221090083,4.35,57.0800000111752));
#7632=CARTESIAN_POINT('',(10.4233221089953,4.35,59.230000000064));
#7633=CARTESIAN_POINT('',(10.4233221089953,4.35,59.230000000064));
#7634=CARTESIAN_POINT('',(10.4233221091625,4.35,31.5550000056195));
#7635=CARTESIAN_POINT('Origin',(1.77635683940025E-14,4.35,6.03000000000084));
#7636=CARTESIAN_POINT('',(-28.25,4.35,63.0300000000017));
#7637=CARTESIAN_POINT('',(-32.25,4.35,59.0300000000017));
#7638=CARTESIAN_POINT('Origin',(-28.25,4.35,59.0300000000017));
#7639=CARTESIAN_POINT('',(28.25,4.35,63.0300000000016));
#7640=CARTESIAN_POINT('',(-28.25,4.35,63.0300000000017));
#7641=CARTESIAN_POINT('',(32.25,4.35,59.0300000000016));
#7642=CARTESIAN_POINT('Origin',(28.25,4.35,59.0300000000016));
#7643=CARTESIAN_POINT('',(32.25,4.35,-46.97));
#7644=CARTESIAN_POINT('',(32.25,4.35,59.0300000000016));
#7645=CARTESIAN_POINT('',(28.25,4.35,-50.97));
#7646=CARTESIAN_POINT('Origin',(28.25,4.35,-46.97));
#7647=CARTESIAN_POINT('',(-28.25,4.35,-50.97));
#7648=CARTESIAN_POINT('',(28.25,4.35,-50.97));
#7649=CARTESIAN_POINT('',(-32.25,4.35,-46.97));
#7650=CARTESIAN_POINT('Origin',(-28.25,4.35,-46.97));
#7651=CARTESIAN_POINT('',(-32.25,4.35,-46.97));
#7652=CARTESIAN_POINT('',(-31.285,4.35,55.3747611844575));
#7653=CARTESIAN_POINT('Origin',(-30.8253805922288,4.35,55.8343805922287));
#7654=CARTESIAN_POINT('',(-31.2850000096858,4.35,-48.3167611941432));
#7655=CARTESIAN_POINT('',(-31.285,4.35,30.7023805922292));
#7656=CARTESIAN_POINT('',(-30.3657611844575,4.35,-49.236));
#7657=CARTESIAN_POINT('Origin',(-30.8253805922288,4.35,-48.7763805922287));
#7658=CARTESIAN_POINT('',(30.3657611941432,4.35,-49.2360000096858));
#7659=CARTESIAN_POINT('',(-15.1828805922287,4.35,-49.236));
#7660=CARTESIAN_POINT('',(31.285,4.35,-48.3167611844575));
#7661=CARTESIAN_POINT('Origin',(30.8253805922288,4.35,-48.7763805922287));
#7662=CARTESIAN_POINT('',(31.2850000096858,4.35,55.3747611941432));
#7663=CARTESIAN_POINT('',(31.285,4.35,-21.1433805922283));
#7664=CARTESIAN_POINT('Origin',(30.8253805922288,4.35,55.8343805922287));
#7665=CARTESIAN_POINT('',(8.92332210898578,4.35,60.7300000000554));
#7666=CARTESIAN_POINT('Origin',(8.92332210899484,4.35,59.2300000000549));
#7667=CARTESIAN_POINT('',(4.46166105433105,4.35,60.730000000029));
#7668=CARTESIAN_POINT('',(-15.7840952637624,4.35,60.7300000000513));
#7669=CARTESIAN_POINT('Origin',(-15.7840952637643,4.35,59.2299999999922));
#7670=CARTESIAN_POINT('',(-7.89204763184949,4.35,60.7300000000422));
#7671=CARTESIAN_POINT('Origin',(8.92332210898578,4.35,60.7300000000554));
#7672=CARTESIAN_POINT('',(8.92332210898578,4.35,60.7300000000554));
#7673=CARTESIAN_POINT('Origin',(3.219999999999,2.83002543250103,64.03));
#7674=CARTESIAN_POINT('',(4.519999999999,2.83002543250087,64.03));
#7675=CARTESIAN_POINT('',(4.519999999999,2.83002543250087,64.03));
#7676=CARTESIAN_POINT('',(3.219999999999,4.13002543250103,64.03));
#7677=CARTESIAN_POINT('Origin',(3.219999999999,2.83002543250103,64.0300000000017));
#7678=CARTESIAN_POINT('',(3.219999999999,4.13002543250103,64.03));
#7679=CARTESIAN_POINT('Origin',(4.519999999999,2.83002543250087,64.03));
#7680=CARTESIAN_POINT('',(4.519999999999,2.17002543250202,64.03));
#7681=CARTESIAN_POINT('',(4.519999999999,2.17002543250202,64.03));
#7682=CARTESIAN_POINT('',(4.519999999999,1.41501271625048,64.0300000000016));
#7683=CARTESIAN_POINT('Origin',(3.219999999999,2.17002543250203,64.03));
#7684=CARTESIAN_POINT('',(3.21999999999998,0.870025432502024,64.03));
#7685=CARTESIAN_POINT('',(3.21999999999998,0.870025432502024,64.03));
#7686=CARTESIAN_POINT('Origin',(3.219999999999,2.17002543250203,64.0300000000017));
#7687=CARTESIAN_POINT('Origin',(3.21999999999999,0.870025432502024,64.03));
#7688=CARTESIAN_POINT('',(-3.22000000000004,0.870025432502025,64.03));
#7689=CARTESIAN_POINT('',(-3.22000000000004,0.870025432502025,64.03));
#7690=CARTESIAN_POINT('',(-12.515,0.870025432502026,64.0300000000017));
#7691=CARTESIAN_POINT('Origin',(-15.7840952637643,4.35,59.2299999999922));
#7692=CARTESIAN_POINT('',(-15.7840952637624,4.35,60.7300000000513));
#7693=CARTESIAN_POINT('Origin',(-15.7840952637624,4.35,60.7300000000513));
#7694=CARTESIAN_POINT('Origin',(8.92332210899484,4.35,59.2300000000549));
#7695=CARTESIAN_POINT('Origin',(33.25,3.12008695351101,51.21715215001));
#7696=CARTESIAN_POINT('',(33.25,3.12008695351101,51.21715215001));
#7697=CARTESIAN_POINT('',(33.25,3.12008695351102,40.62699212891));
#7698=CARTESIAN_POINT('',(33.25,3.12008695351101,55.1235760750058));
#7699=CARTESIAN_POINT('',(33.25,3.12008695351101,51.21715215001));
#7700=CARTESIAN_POINT('',(33.25,3.12008695351102,40.62699212891));
#7701=CARTESIAN_POINT('Origin',(33.25,2.47008697736102,51.21715215001));
#7702=CARTESIAN_POINT('',(33.25,1.82008700121102,51.21715215001));
#7703=CARTESIAN_POINT('Origin',(33.25,2.47008697736102,51.21715215001));
#7704=CARTESIAN_POINT('',(33.25,1.82008700121102,51.21715215001));
#7705=CARTESIAN_POINT('Origin',(33.25,1.82008700121102,40.62699212891));
#7706=CARTESIAN_POINT('',(33.25,1.82008700121102,40.62699212891));
#7707=CARTESIAN_POINT('',(33.25,1.82008700121102,49.8284960644558));
#7708=CARTESIAN_POINT('',(33.25,1.82008700121102,40.62699212891));
#7709=CARTESIAN_POINT('Origin',(33.25,2.47008697736102,40.62699212891));
#7710=CARTESIAN_POINT('Origin',(33.25,2.47008697736102,40.62699212891));
#7711=CARTESIAN_POINT('Origin',(33.25,2.49999994970858,34.9999991059303));
#7712=CARTESIAN_POINT('',(33.25,2.49999994970858,35.6499991059303));
#7713=CARTESIAN_POINT('Origin',(33.25,2.49999994970858,34.9999991059303));
#7714=CARTESIAN_POINT('',(33.25,2.49999994970858,35.6499991059303));
#7715=CARTESIAN_POINT('Origin',(33.25,2.25,58.038252187058));
#7716=CARTESIAN_POINT('',(33.25,2.25,58.038252187058));
#7717=CARTESIAN_POINT('',(33.25,1.125,58.038252187058));
#7718=CARTESIAN_POINT('',(33.25,2.25,58.038252187058));
#7719=CARTESIAN_POINT('Origin',(33.25,2.25,57.28));
#7720=CARTESIAN_POINT('',(33.25,2.25,56.521747812942));
#7721=CARTESIAN_POINT('Origin',(33.25,2.25,57.28));
#7722=CARTESIAN_POINT('',(33.25,2.25,56.521747812942));
#7723=CARTESIAN_POINT('Origin',(33.25,2.75,56.521747812942));
#7724=CARTESIAN_POINT('',(33.25,1.375,56.521747812942));
#7725=CARTESIAN_POINT('Origin',(12.4,2.5000000372529,64.03));
#7726=CARTESIAN_POINT('',(11.75,2.5000000372529,64.03));
#7727=CARTESIAN_POINT('Origin',(12.4,2.5000000372529,64.0300000000017));
#7728=CARTESIAN_POINT('',(11.75,2.5000000372529,64.03));
#7729=CARTESIAN_POINT('Origin',(27.25,2.75,64.03));
#7730=CARTESIAN_POINT('',(27.25,2.25,64.03));
#7731=CARTESIAN_POINT('',(27.25,1.375,64.0300000000016));
#7732=CARTESIAN_POINT('',(27.25,2.25,64.03));
#7733=CARTESIAN_POINT('Origin',(25.75,2.25,64.03));
#7734=CARTESIAN_POINT('',(25.75,2.25,64.03));
#7735=CARTESIAN_POINT('',(25.75,1.125,64.0300000000016));
#7736=CARTESIAN_POINT('',(25.75,2.25,64.03));
#7737=CARTESIAN_POINT('Origin',(26.5,2.25,64.03));
#7738=CARTESIAN_POINT('Origin',(26.5,2.25,64.0300000000017));
#7739=CARTESIAN_POINT('Origin',(-12.4,2.5000000372529,64.03));
#7740=CARTESIAN_POINT('',(-13.05,2.5000000372529,64.03));
#7741=CARTESIAN_POINT('Origin',(-12.4,2.5000000372529,64.0300000000017));
#7742=CARTESIAN_POINT('',(-13.05,2.5000000372529,64.03));
#7743=CARTESIAN_POINT('Origin',(-3.219999999999,2.17002543250202,64.03));
#7744=CARTESIAN_POINT('',(-4.519999999999,2.17002543250218,64.03));
#7745=CARTESIAN_POINT('',(-4.519999999999,2.17002543250218,64.03));
#7746=CARTESIAN_POINT('Origin',(-3.219999999999,2.17002543250202,64.0300000000017));
#7747=CARTESIAN_POINT('Origin',(-3.219999999999,4.13002543250103,64.03));
#7748=CARTESIAN_POINT('',(-3.219999999999,4.13002543250103,64.03));
#7749=CARTESIAN_POINT('',(-15.7349999999995,4.13002543250103,64.0300000000017));
#7750=CARTESIAN_POINT('',(-3.219999999999,4.13002543250103,64.03));
#7751=CARTESIAN_POINT('Origin',(-3.219999999999,2.83002543250103,64.03));
#7752=CARTESIAN_POINT('',(-4.519999999999,2.83002543250102,64.03));
#7753=CARTESIAN_POINT('Origin',(-3.219999999999,2.83002543250103,64.0300000000017));
#7754=CARTESIAN_POINT('',(-4.519999999999,2.83002543250102,64.03));
#7755=CARTESIAN_POINT('Origin',(-4.519999999999,2.17002543250218,64.03));
#7756=CARTESIAN_POINT('',(-4.519999999999,1.0850127162511,64.0300000000016));
#7757=CARTESIAN_POINT('Origin',(33.25,3.50000001862643,-23.4850000007766));
#7758=CARTESIAN_POINT('',(31.285,3.50000001862643,-23.4850000007766));
#7759=CARTESIAN_POINT('',(31.285,3.5,55.3747611844575));
#7760=CARTESIAN_POINT('',(33.25,3.50000001862643,-23.4850000007766));
#7761=CARTESIAN_POINT('',(33.25,3.50000005066649,17.7724999982535));
#7762=CARTESIAN_POINT('',(33.25,3.50000001862643,-23.4850000007766));
#7763=CARTESIAN_POINT('Origin',(33.25,2.50000001862645,-23.485));
#7764=CARTESIAN_POINT('Origin',(31.2850000013387,2.50000001862645,-23.485));
#7765=CARTESIAN_POINT('Origin',(33.25,2.50000001862645,-23.485));
#7766=CARTESIAN_POINT('Origin',(33.25,3.50000003725297,8.));
#7767=CARTESIAN_POINT('',(31.285,3.50000003725297,8.));
#7768=CARTESIAN_POINT('',(31.285,3.5,55.3747611844575));
#7769=CARTESIAN_POINT('',(33.25,3.50000003725297,8.));
#7770=CARTESIAN_POINT('',(33.25,3.50000003725313,33.5150000000008));
#7771=CARTESIAN_POINT('',(33.25,3.50000003725297,8.));
#7772=CARTESIAN_POINT('Origin',(33.25,2.50000003725293,8.));
#7773=CARTESIAN_POINT('Origin',(31.2850000035324,2.50000003725293,8.));
#7774=CARTESIAN_POINT('Origin',(33.25,2.50000003725293,8.));
#7775=CARTESIAN_POINT('Origin',(33.,0.25,32.5300000000012));
#7776=CARTESIAN_POINT('',(33.25,0.5,59.0300000000016));
#7777=CARTESIAN_POINT('',(32.75,0.,59.0300000000016));
#7778=CARTESIAN_POINT('',(33.25,0.5,59.0300000000016));
#7779=CARTESIAN_POINT('',(32.75,0.,-46.97));
#7780=CARTESIAN_POINT('',(32.75,0.,32.5300000000012));
#7781=CARTESIAN_POINT('',(33.25,0.5,-46.97));
#7782=CARTESIAN_POINT('',(32.75,0.,-46.97));
#7783=CARTESIAN_POINT('',(33.25,0.5,32.5300000000012));
#7784=CARTESIAN_POINT('Origin',(28.25,0.25,59.0300000000016));
#7785=CARTESIAN_POINT('',(28.25,0.5,64.0300000000016));
#7786=CARTESIAN_POINT('Origin',(28.25,0.5,59.0300000000016));
#7787=CARTESIAN_POINT('',(28.25,0.,63.5300000000016));
#7788=CARTESIAN_POINT('',(28.25,0.5,64.0300000000016));
#7789=CARTESIAN_POINT('Origin',(28.25,0.,59.0300000000016));
#7790=CARTESIAN_POINT('Origin',(-14.125,0.25,63.7800000000017));
#7791=CARTESIAN_POINT('',(-28.25,0.5,64.0300000000017));
#7792=CARTESIAN_POINT('',(-28.25,0.,63.5300000000017));
#7793=CARTESIAN_POINT('',(-28.25,0.5,64.0300000000017));
#7794=CARTESIAN_POINT('',(-14.125,0.,63.5300000000017));
#7795=CARTESIAN_POINT('',(-14.125,0.5,64.0300000000017));
#7796=CARTESIAN_POINT('Origin',(-28.25,0.25,59.0300000000017));
#7797=CARTESIAN_POINT('',(-33.25,0.5,59.0300000000017));
#7798=CARTESIAN_POINT('Origin',(-28.25,0.5,59.0300000000017));
#7799=CARTESIAN_POINT('',(-32.75,0.,59.0300000000017));
#7800=CARTESIAN_POINT('',(-33.25,0.5,59.0300000000017));
#7801=CARTESIAN_POINT('Origin',(-28.25,0.,59.0300000000017));
#7802=CARTESIAN_POINT('Origin',(-33.,0.25,-20.4699999999996));
#7803=CARTESIAN_POINT('',(-33.25,0.5,-46.97));
#7804=CARTESIAN_POINT('',(-32.75,0.,-46.97));
#7805=CARTESIAN_POINT('',(-33.25,0.5,-46.97));
#7806=CARTESIAN_POINT('',(-32.75,0.,-20.4699999999996));
#7807=CARTESIAN_POINT('',(-33.25,0.5,-20.4699999999996));
#7808=CARTESIAN_POINT('Origin',(-28.25,0.25,-46.97));
#7809=CARTESIAN_POINT('',(-28.25,0.5,-51.97));
#7810=CARTESIAN_POINT('Origin',(-28.25,0.5,-46.97));
#7811=CARTESIAN_POINT('',(-28.25,0.,-51.47));
#7812=CARTESIAN_POINT('',(-28.25,0.5,-51.97));
#7813=CARTESIAN_POINT('Origin',(-28.25,0.,-46.97));
#7814=CARTESIAN_POINT('Origin',(14.125,0.25,-51.72));
#7815=CARTESIAN_POINT('',(28.25,0.5,-51.97));
#7816=CARTESIAN_POINT('',(28.25,0.,-51.47));
#7817=CARTESIAN_POINT('',(28.25,0.5,-51.97));
#7818=CARTESIAN_POINT('',(14.125,0.,-51.47));
#7819=CARTESIAN_POINT('',(14.125,0.5,-51.97));
#7820=CARTESIAN_POINT('Origin',(28.25,0.25,-46.97));
#7821=CARTESIAN_POINT('Origin',(28.25,0.5,-46.97));
#7822=CARTESIAN_POINT('Origin',(28.25,0.,-46.97));
#7823=CARTESIAN_POINT('Origin',(-28.25,0.,59.0300000000017));
#7824=CARTESIAN_POINT('',(-28.25,4.5,64.0300000000017));
#7825=CARTESIAN_POINT('',(-28.25,0.,64.0300000000017));
#7826=CARTESIAN_POINT('',(-33.25,4.5,59.0300000000017));
#7827=CARTESIAN_POINT('Origin',(-28.25,4.5,59.0300000000017));
#7828=CARTESIAN_POINT('',(-33.25,0.,59.0300000000017));
#7829=CARTESIAN_POINT('Origin',(-28.25,0.,64.0300000000017));
#7830=CARTESIAN_POINT('',(28.25,4.5,64.0300000000016));
#7831=CARTESIAN_POINT('',(28.25,0.,64.0300000000016));
#7832=CARTESIAN_POINT('',(-14.125,4.5,64.0300000000017));
#7833=CARTESIAN_POINT('Origin',(28.25,0.,59.0300000000016));
#7834=CARTESIAN_POINT('',(33.25,4.5,59.0300000000016));
#7835=CARTESIAN_POINT('',(33.25,0.,59.0300000000016));
#7836=CARTESIAN_POINT('Origin',(28.25,4.5,59.0300000000016));
#7837=CARTESIAN_POINT('Origin',(33.25,0.,59.0300000000016));
#7838=CARTESIAN_POINT('',(33.25,4.5,-46.97));
#7839=CARTESIAN_POINT('',(33.25,0.,-46.97));
#7840=CARTESIAN_POINT('',(33.25,4.5,32.5300000000012));
#7841=CARTESIAN_POINT('Origin',(4.44089209850063E-15,0.,6.03000000000084));
#7842=CARTESIAN_POINT('',(-32.25,0.,-46.97));
#7843=CARTESIAN_POINT('',(-32.25,0.,59.0300000000017));
#7844=CARTESIAN_POINT('',(-32.25,0.,-20.4699999999996));
#7845=CARTESIAN_POINT('',(-28.25,0.,63.0300000000017));
#7846=CARTESIAN_POINT('Origin',(-28.25,0.,59.0300000000017));
#7847=CARTESIAN_POINT('',(28.25,0.,63.0300000000016));
#7848=CARTESIAN_POINT('',(-14.125,0.,63.0300000000017));
#7849=CARTESIAN_POINT('',(32.25,0.,59.0300000000016));
#7850=CARTESIAN_POINT('Origin',(28.25,0.,59.0300000000016));
#7851=CARTESIAN_POINT('',(32.25,0.,-46.97));
#7852=CARTESIAN_POINT('',(32.25,0.,32.5300000000012));
#7853=CARTESIAN_POINT('',(28.25,0.,-50.97));
#7854=CARTESIAN_POINT('Origin',(28.25,0.,-46.97));
#7855=CARTESIAN_POINT('',(-28.25,0.,-50.97));
#7856=CARTESIAN_POINT('',(14.125,0.,-50.97));
#7857=CARTESIAN_POINT('Origin',(-28.25,0.,-46.97));
#7858=CARTESIAN_POINT('Origin',(33.,4.75,32.5300000000012));
#7859=CARTESIAN_POINT('',(32.75,5.,-46.97));
#7860=CARTESIAN_POINT('',(33.25,4.5,-46.97));
#7861=CARTESIAN_POINT('',(32.75,5.,59.0300000000016));
#7862=CARTESIAN_POINT('',(32.75,5.,32.5300000000012));
#7863=CARTESIAN_POINT('',(32.75,5.,59.0300000000016));
#7864=CARTESIAN_POINT('Origin',(28.25,4.75,-46.97));
#7865=CARTESIAN_POINT('',(28.25,4.5,-51.97));
#7866=CARTESIAN_POINT('',(28.25,5.,-51.47));
#7867=CARTESIAN_POINT('',(28.25,4.5,-51.97));
#7868=CARTESIAN_POINT('Origin',(28.25,5.,-46.97));
#7869=CARTESIAN_POINT('Origin',(28.25,4.5,-46.97));
#7870=CARTESIAN_POINT('Origin',(14.125,4.75,-51.72));
#7871=CARTESIAN_POINT('',(-28.25,4.5,-51.97));
#7872=CARTESIAN_POINT('',(-28.25,5.,-51.47));
#7873=CARTESIAN_POINT('',(-28.25,4.5,-51.97));
#7874=CARTESIAN_POINT('',(14.125,5.,-51.47));
#7875=CARTESIAN_POINT('',(14.125,4.5,-51.97));
#7876=CARTESIAN_POINT('Origin',(-28.25,4.75,-46.97));
#7877=CARTESIAN_POINT('',(-33.25,4.5,-46.97));
#7878=CARTESIAN_POINT('',(-32.75,5.,-46.97));
#7879=CARTESIAN_POINT('',(-33.25,4.5,-46.97));
#7880=CARTESIAN_POINT('Origin',(-28.25,5.,-46.97));
#7881=CARTESIAN_POINT('Origin',(-28.25,4.5,-46.97));
#7882=CARTESIAN_POINT('Origin',(-33.,4.75,-20.4699999999996));
#7883=CARTESIAN_POINT('',(-32.75,5.,59.0300000000017));
#7884=CARTESIAN_POINT('',(-33.25,4.5,59.0300000000017));
#7885=CARTESIAN_POINT('',(-32.75,5.,-20.4699999999996));
#7886=CARTESIAN_POINT('',(-33.25,4.5,-20.4699999999996));
#7887=CARTESIAN_POINT('Origin',(-28.25,4.75,59.0300000000017));
#7888=CARTESIAN_POINT('',(-28.25,5.,63.5300000000017));
#7889=CARTESIAN_POINT('',(-28.25,4.5,64.0300000000017));
#7890=CARTESIAN_POINT('Origin',(-28.25,5.,59.0300000000017));
#7891=CARTESIAN_POINT('Origin',(-14.125,4.75,63.7800000000017));
#7892=CARTESIAN_POINT('',(28.25,5.,63.5300000000016));
#7893=CARTESIAN_POINT('',(28.25,4.5,64.0300000000016));
#7894=CARTESIAN_POINT('',(-14.125,5.,63.5300000000017));
#7895=CARTESIAN_POINT('Origin',(28.25,4.75,59.0300000000016));
#7896=CARTESIAN_POINT('Origin',(28.25,5.,59.0300000000016));
#7897=CARTESIAN_POINT('Origin',(-28.25,0.,-46.97));
#7898=CARTESIAN_POINT('',(-33.25,0.,-46.97));
#7899=CARTESIAN_POINT('',(-28.25,0.,-51.97));
#7900=CARTESIAN_POINT('Origin',(28.25,0.,-51.97));
#7901=CARTESIAN_POINT('',(28.25,0.,-51.97));
#7902=CARTESIAN_POINT('Origin',(28.25,0.,-46.97));
#7903=CARTESIAN_POINT('Origin',(4.44089209850063E-15,5.,6.03000000000084));
#7904=CARTESIAN_POINT('',(28.25,5.,63.0300000000016));
#7905=CARTESIAN_POINT('',(-28.25,5.,63.0300000000017));
#7906=CARTESIAN_POINT('',(14.125,5.,63.0300000000017));
#7907=CARTESIAN_POINT('',(-32.25,5.,59.0300000000017));
#7908=CARTESIAN_POINT('Origin',(-28.25,5.,59.0300000000017));
#7909=CARTESIAN_POINT('',(-32.25,5.,-46.97));
#7910=CARTESIAN_POINT('',(-32.25,5.,32.5300000000013));
#7911=CARTESIAN_POINT('',(-28.25,5.,-50.97));
#7912=CARTESIAN_POINT('Origin',(-28.25,5.,-46.97));
#7913=CARTESIAN_POINT('',(28.25,5.,-50.97));
#7914=CARTESIAN_POINT('',(-14.125,5.,-50.97));
#7915=CARTESIAN_POINT('',(32.25,5.,-46.97));
#7916=CARTESIAN_POINT('Origin',(28.25,5.,-46.97));
#7917=CARTESIAN_POINT('',(32.25,5.,59.0300000000016));
#7918=CARTESIAN_POINT('',(32.25,5.,-20.4699999999996));
#7919=CARTESIAN_POINT('Origin',(28.25,5.,59.0300000000016));
#7920=CARTESIAN_POINT('Origin',(-31.285,4.35,55.3747611844575));
#7921=CARTESIAN_POINT('',(-31.285,4.35,55.3747611844575));
#7922=CARTESIAN_POINT('',(-31.2850000096858,4.35,-48.3167611941432));
#7923=CARTESIAN_POINT('Origin',(-30.8253805922288,4.35,55.8343805922287));
#7924=CARTESIAN_POINT('Origin',(30.8253805922288,4.35,55.8343805922287));
#7925=CARTESIAN_POINT('',(31.2850000096858,4.35,55.3747611941432));
#7926=CARTESIAN_POINT('Origin',(31.285,4.35,-48.3167611844575));
#7927=CARTESIAN_POINT('',(31.285,4.35,-48.3167611844575));
#7928=CARTESIAN_POINT('Origin',(30.8253805922288,4.35,-48.7763805922287));
#7929=CARTESIAN_POINT('',(30.3657611941432,4.35,-49.2360000096858));
#7930=CARTESIAN_POINT('Origin',(-30.3657611844575,4.35,-49.236));
#7931=CARTESIAN_POINT('',(-30.3657611844575,4.35,-49.236));
#7932=CARTESIAN_POINT('Origin',(-30.8253805922288,4.35,-48.7763805922287));
#7933=CARTESIAN_POINT('Origin',(-32.25,0.,-46.97));
#7934=CARTESIAN_POINT('',(-32.25,0.,-46.97));
#7935=CARTESIAN_POINT('',(-32.25,0.,59.0300000000017));
#7936=CARTESIAN_POINT('Origin',(-28.25,0.,-46.97));
#7937=CARTESIAN_POINT('',(-28.25,0.,-50.97));
#7938=CARTESIAN_POINT('Origin',(28.25,0.,-50.97));
#7939=CARTESIAN_POINT('',(28.25,0.,-50.97));
#7940=CARTESIAN_POINT('Origin',(28.25,0.,-46.97));
#7941=CARTESIAN_POINT('',(32.25,0.,-46.97));
#7942=CARTESIAN_POINT('Origin',(32.25,0.,59.0300000000016));
#7943=CARTESIAN_POINT('',(32.25,0.,59.0300000000016));
#7944=CARTESIAN_POINT('Origin',(28.25,0.,59.0300000000016));
#7945=CARTESIAN_POINT('',(28.25,0.,63.0300000000016));
#7946=CARTESIAN_POINT('Origin',(-28.25,0.,63.0300000000017));
#7947=CARTESIAN_POINT('',(-28.25,0.,63.0300000000017));
#7948=CARTESIAN_POINT('Origin',(-28.25,0.,59.0300000000017));
#7949=CARTESIAN_POINT('Origin',(28.25,5.,63.0300000000016));
#7950=CARTESIAN_POINT('',(28.25,5.,63.0300000000016));
#7951=CARTESIAN_POINT('',(-28.25,5.,63.0300000000017));
#7952=CARTESIAN_POINT('Origin',(28.25,5.,59.0300000000016));
#7953=CARTESIAN_POINT('',(32.25,5.,59.0300000000016));
#7954=CARTESIAN_POINT('Origin',(32.25,5.,-46.97));
#7955=CARTESIAN_POINT('',(32.25,5.,-46.97));
#7956=CARTESIAN_POINT('Origin',(28.25,5.,-46.97));
#7957=CARTESIAN_POINT('',(28.25,5.,-50.97));
#7958=CARTESIAN_POINT('Origin',(-28.25,5.,-50.97));
#7959=CARTESIAN_POINT('',(-28.25,5.,-50.97));
#7960=CARTESIAN_POINT('Origin',(-28.25,5.,-46.97));
#7961=CARTESIAN_POINT('',(-32.25,5.,-46.97));
#7962=CARTESIAN_POINT('Origin',(-32.25,5.,59.0300000000017));
#7963=CARTESIAN_POINT('',(-32.25,5.,59.0300000000017));
#7964=CARTESIAN_POINT('Origin',(-28.25,5.,59.0300000000017));
#7965=CARTESIAN_POINT('Origin',(-33.25,0.,-46.97));
#7966=UNCERTAINTY_MEASURE_WITH_UNIT(LENGTH_MEASURE(0.01),#7970,
'DISTANCE_ACCURACY_VALUE',
'Maximum model space distance between geometric entities at asserted c
onnectivities');
#7967=UNCERTAINTY_MEASURE_WITH_UNIT(LENGTH_MEASURE(0.01),#7970,
'DISTANCE_ACCURACY_VALUE',
'Maximum model space distance between geometric entities at asserted c
onnectivities');
#7968=(
GEOMETRIC_REPRESENTATION_CONTEXT(3)
GLOBAL_UNCERTAINTY_ASSIGNED_CONTEXT((#7966))
GLOBAL_UNIT_ASSIGNED_CONTEXT((#7970,#7972,#7973))
REPRESENTATION_CONTEXT('','3D')
);
#7969=(
GEOMETRIC_REPRESENTATION_CONTEXT(3)
GLOBAL_UNCERTAINTY_ASSIGNED_CONTEXT((#7967))
GLOBAL_UNIT_ASSIGNED_CONTEXT((#7970,#7972,#7973))
REPRESENTATION_CONTEXT('','3D')
);
#7970=(
LENGTH_UNIT()
NAMED_UNIT(*)
SI_UNIT(.MILLI.,.METRE.)
);
#7971=(
LENGTH_UNIT()
NAMED_UNIT(*)
SI_UNIT($,.METRE.)
);
#7972=(
NAMED_UNIT(*)
PLANE_ANGLE_UNIT()
SI_UNIT($,.RADIAN.)
);
#7973=(
NAMED_UNIT(*)
SI_UNIT($,.STERADIAN.)
SOLID_ANGLE_UNIT()
);
#7974=SHAPE_DEFINITION_REPRESENTATION(#7975,#7976);
#7975=PRODUCT_DEFINITION_SHAPE('',$,#7978);
#7976=SHAPE_REPRESENTATION('',(#4781),#7968);
#7977=PRODUCT_DEFINITION_CONTEXT('part definition',#7982,'design');
#7978=PRODUCT_DEFINITION('Fusion \X2\96F690E84EF6\X0\',
'Fusion \X2\96F690E84EF6\X0\',#7979,#7977);
#7979=PRODUCT_DEFINITION_FORMATION('',$,#7984);
#7980=PRODUCT_RELATED_PRODUCT_CATEGORY('Fusion \X2\96F690E84EF6\X0\',
'Fusion \X2\96F690E84EF6\X0\',(#7984));
#7981=APPLICATION_PROTOCOL_DEFINITION('international standard',
'automotive_design',2009,#7982);
#7982=APPLICATION_CONTEXT(
'Core Data for Automotive Mechanical Design Process');
#7983=PRODUCT_CONTEXT('part definition',#7982,'mechanical');
#7984=PRODUCT('Fusion \X2\96F690E84EF6\X0\','Fusion \X2\96F690E84EF6\X0\',
$,(#7983));
#7985=PRESENTATION_STYLE_ASSIGNMENT((#7987));
#7986=PRESENTATION_STYLE_ASSIGNMENT((#7988));
#7987=SURFACE_STYLE_USAGE(.BOTH.,#7989);
#7988=SURFACE_STYLE_USAGE(.BOTH.,#7990);
#7989=SURFACE_SIDE_STYLE('',(#7991));
#7990=SURFACE_SIDE_STYLE('',(#7992));
#7991=SURFACE_STYLE_FILL_AREA(#7993);
#7992=SURFACE_STYLE_FILL_AREA(#7994);
#7993=FILL_AREA_STYLE('\X2\94A2\X0\ - \X2\7F0E5149\X0\',(#7995));
#7994=FILL_AREA_STYLE('\X2\94DD\X0\ - \X2\55B74E38\X0\',(#7996));
#7995=FILL_AREA_STYLE_COLOUR('\X2\94A2\X0\ - \X2\7F0E5149\X0\',#7997);
#7996=FILL_AREA_STYLE_COLOUR('\X2\94DD\X0\ - \X2\55B74E38\X0\',#7998);
#7997=COLOUR_RGB('\X2\94A2\X0\ - \X2\7F0E5149\X0\',0.627450980392157,0.627450980392157,
0.627450980392157);
#7998=COLOUR_RGB('\X2\94DD\X0\ - \X2\55B74E38\X0\',0.96078431372549,0.96078431372549,
0.964705882352941);
ENDSEC;
END-ISO-10303-21;
